ds,sensor_type,zone,sensor_id,y
2025-02-09T00:00:00,luz,1,1,2.14
2025-02-09T00:00:00,luz,1,2,2.18
2025-02-09T00:00:00,luz,1,3,0.76
2025-02-09T00:00:00,luz,1,4,2.54
2025-02-09T00:00:00,luz,1,5,2.56
2025-02-09T00:00:00,luz,1,6,0.75
2025-02-09T00:00:00,luz,1,7,1.3
2025-02-09T00:00:00,luz,2,1,2.27
2025-02-09T00:00:00,luz,2,2,0.77
2025-02-09T00:00:00,luz,2,3,1.57
2025-02-09T00:00:00,luz,2,4,2.18
2025-02-09T00:00:00,luz,2,5,1.47
2025-02-09T00:00:00,luz,2,6,1.73
2025-02-09T00:00:00,luz,2,7,0.79
2025-02-09T00:00:00,luz,3,1,2.78
2025-02-09T00:00:00,luz,3,2,2.51
2025-02-09T00:00:00,luz,3,3,1.95
2025-02-09T00:00:00,luz,3,4,0.89
2025-02-09T00:00:00,luz,3,5,2.49
2025-02-09T00:00:00,luz,3,6,1.19
2025-02-09T00:00:00,luz,3,7,2.29
2025-02-09T00:00:00,luz,4,1,1.07
2025-02-09T00:00:00,luz,4,2,1.28
2025-02-09T00:00:00,luz,4,3,1.79
2025-02-09T00:00:00,luz,4,4,1.92
2025-02-09T00:00:00,luz,4,5,0.59
2025-02-09T00:00:00,luz,4,6,1.84
2025-02-09T00:00:00,luz,4,7,0.61
2025-02-09T00:00:00,luz,5,1,2.0
2025-02-09T00:00:00,luz,5,2,1.81
2025-02-09T00:00:00,luz,5,3,0.63
2025-02-09T00:00:00,luz,5,4,2.33
2025-02-09T00:00:00,luz,5,5,1.82
2025-02-09T00:00:00,luz,5,6,2.97
2025-02-09T00:00:00,luz,5,7,0.72
2025-02-09T00:00:00,luz,6,1,2.62
2025-02-09T00:00:00,luz,6,2,2.19
2025-02-09T00:00:00,luz,6,3,0.69
2025-02-09T00:00:00,luz,6,4,2.59
2025-02-09T00:00:00,luz,6,5,1.51
2025-02-09T00:00:00,luz,6,6,0.59
2025-02-09T00:00:00,luz,6,7,1.47
2025-02-09T00:00:00,agua,1,1,1.31
2025-02-09T00:00:00,agua,1,2,2.55
2025-02-09T00:00:00,agua,1,3,0.45
2025-02-09T00:00:00,agua,1,4,1.27
2025-02-09T00:00:00,agua,1,5,1.17
2025-02-09T00:00:00,agua,1,6,1.84
2025-02-09T00:00:00,agua,1,7,0.79
2025-02-09T00:00:00,agua,2,1,0.31
2025-02-09T00:00:00,agua,2,2,0.1
2025-02-09T00:00:00,agua,2,3,0.68
2025-02-09T00:00:00,agua,2,4,1.29
2025-02-09T00:00:00,agua,2,5,1.04
2025-02-09T00:00:00,agua,2,6,1.21
2025-02-09T00:00:00,agua,2,7,1.66
2025-02-09T00:00:00,agua,3,1,0.48
2025-02-09T00:00:00,agua,3,2,2.38
2025-02-09T00:00:00,agua,3,3,1.76
2025-02-09T00:00:00,agua,3,4,0.87
2025-02-09T00:00:00,agua,3,5,1.6
2025-02-09T00:00:00,agua,3,6,0.6
2025-02-09T00:00:00,agua,3,7,0.02
2025-02-09T00:00:00,agua,4,1,0.44
2025-02-09T00:00:00,agua,4,2,0.16
2025-02-09T00:00:00,agua,4,3,1.46
2025-02-09T00:00:00,agua,4,4,1.14
2025-02-09T00:00:00,agua,4,5,1.21
2025-02-09T00:00:00,agua,4,6,0.81
2025-02-09T00:00:00,agua,4,7,2.95
2025-02-09T00:00:00,agua,5,1,0.42
2025-02-09T00:00:00,agua,5,2,0.12
2025-02-09T00:00:00,agua,5,3,2.12
2025-02-09T00:00:00,agua,5,4,1.86
2025-02-09T00:00:00,agua,5,5,0.26
2025-02-09T00:00:00,agua,5,6,1.02
2025-02-09T00:00:00,agua,5,7,1.54
2025-02-09T00:00:00,agua,6,1,2.52
2025-02-09T00:00:00,agua,6,2,1.15
2025-02-09T00:00:00,agua,6,3,2.64
2025-02-09T00:00:00,agua,6,4,1.88
2025-02-09T00:00:00,agua,6,5,2.33
2025-02-09T00:00:00,agua,6,6,2.03
2025-02-09T00:00:00,agua,6,7,0.69
2025-02-09T00:00:00,gas,1,1,1.22
2025-02-09T00:00:00,gas,1,2,1.03
2025-02-09T00:00:00,gas,1,3,0.77
2025-02-09T00:00:00,gas,2,1,0.92
2025-02-09T00:00:00,gas,2,2,0.77
2025-02-09T00:00:00,gas,2,3,1.86
2025-02-09T00:00:00,gas,3,1,0.89
2025-02-09T00:00:00,gas,3,2,1.75
2025-02-09T00:00:00,gas,3,3,0.48
2025-02-09T00:00:00,gas,4,1,0.79
2025-02-09T00:00:00,gas,4,2,1.2
2025-02-09T00:00:00,gas,4,3,0.25
2025-02-09T00:00:00,temperatura,1,1,20.1
2025-02-09T00:00:00,temperatura,2,1,28.3
2025-02-09T00:00:00,temperatura,3,1,27.9
2025-02-09T00:00:00,temperatura,4,1,24.6
2025-02-09T00:00:00,temperatura,5,1,25.6
2025-02-09T00:00:00,temperatura,6,1,22.5
2025-02-09T00:00:00,movimiento,1,1,7.0
2025-02-09T00:00:00,movimiento,2,1,6.0
2025-02-09T00:00:00,movimiento,3,1,10.0
2025-02-09T00:00:00,movimiento,4,1,9.0
2025-02-09T00:00:00,movimiento,5,1,17.0
2025-02-09T00:00:00,movimiento,6,1,17.0
2025-02-09T00:00:00,huella,1,1,3.0
2025-02-09T00:00:00,huella,2,1,0.0
2025-02-09T00:00:00,huella,3,1,1.0
2025-02-09T00:00:00,huella,4,1,1.0
2025-02-09T00:00:00,huella,5,1,1.0
2025-02-09T00:00:00,huella,6,1,1.0
2025-02-09T00:00:40,luz,1,1,1.17
2025-02-09T00:00:40,luz,1,2,0.78
2025-02-09T00:00:40,luz,1,3,0.54
2025-02-09T00:00:40,luz,1,4,0.66
2025-02-09T00:00:40,luz,1,5,2.34
2025-02-09T00:00:40,luz,1,6,2.97
2025-02-09T00:00:40,luz,1,7,1.59
2025-02-09T00:00:40,luz,2,1,0.85
2025-02-09T00:00:40,luz,2,2,1.92
2025-02-09T00:00:40,luz,2,3,0.84
2025-02-09T00:00:40,luz,2,4,2.88
2025-02-09T00:00:40,luz,2,5,2.78
2025-02-09T00:00:40,luz,2,6,1.39
2025-02-09T00:00:40,luz,2,7,1.27
2025-02-09T00:00:40,luz,3,1,1.32
2025-02-09T00:00:40,luz,3,2,1.81
2025-02-09T00:00:40,luz,3,3,0.74
2025-02-09T00:00:40,luz,3,4,2.17
2025-02-09T00:00:40,luz,3,5,2.38
2025-02-09T00:00:40,luz,3,6,0.67
2025-02-09T00:00:40,luz,3,7,2.25
2025-02-09T00:00:40,luz,4,1,0.77
2025-02-09T00:00:40,luz,4,2,1.01
2025-02-09T00:00:40,luz,4,3,2.28
2025-02-09T00:00:40,luz,4,4,2.54
2025-02-09T00:00:40,luz,4,5,1.69
2025-02-09T00:00:40,luz,4,6,1.86
2025-02-09T00:00:40,luz,4,7,2.66
2025-02-09T00:00:40,luz,5,1,1.16
2025-02-09T00:00:40,luz,5,2,1.28
2025-02-09T00:00:40,luz,5,3,0.87
2025-02-09T00:00:40,luz,5,4,0.91
2025-02-09T00:00:40,luz,5,5,1.78
2025-02-09T00:00:40,luz,5,6,2.62
2025-02-09T00:00:40,luz,5,7,2.56
2025-02-09T00:00:40,luz,6,1,0.85
2025-02-09T00:00:40,luz,6,2,2.69
2025-02-09T00:00:40,luz,6,3,1.09
2025-02-09T00:00:40,luz,6,4,2.94
2025-02-09T00:00:40,luz,6,5,2.83
2025-02-09T00:00:40,luz,6,6,2.17
2025-02-09T00:00:40,luz,6,7,0.99
2025-02-09T00:00:40,agua,1,1,0.46
2025-02-09T00:00:40,agua,1,2,0.53
2025-02-09T00:00:40,agua,1,3,0.68
2025-02-09T00:00:40,agua,1,4,0.45
2025-02-09T00:00:40,agua,1,5,1.26
2025-02-09T00:00:40,agua,1,6,0.66
2025-02-09T00:00:40,agua,1,7,0.46
2025-02-09T00:00:40,agua,2,1,2.05
2025-02-09T00:00:40,agua,2,2,2.13
2025-02-09T00:00:40,agua,2,3,1.73
2025-02-09T00:00:40,agua,2,4,0.37
2025-02-09T00:00:40,agua,2,5,0.51
2025-02-09T00:00:40,agua,2,6,2.52
2025-02-09T00:00:40,agua,2,7,2.87
2025-02-09T00:00:40,agua,3,1,2.2
2025-02-09T00:00:40,agua,3,2,2.72
2025-02-09T00:00:40,agua,3,3,2.23
2025-02-09T00:00:40,agua,3,4,1.15
2025-02-09T00:00:40,agua,3,5,1.03
2025-02-09T00:00:40,agua,3,6,1.18
2025-02-09T00:00:40,agua,3,7,1.22
2025-02-09T00:00:40,agua,4,1,2.16
2025-02-09T00:00:40,agua,4,2,2.67
2025-02-09T00:00:40,agua,4,3,1.3
2025-02-09T00:00:40,agua,4,4,2.53
2025-02-09T00:00:40,agua,4,5,2.72
2025-02-09T00:00:40,agua,4,6,2.59
2025-02-09T00:00:40,agua,4,7,1.44
2025-02-09T00:00:40,agua,5,1,0.63
2025-02-09T00:00:40,agua,5,2,0.7
2025-02-09T00:00:40,agua,5,3,1.64
2025-02-09T00:00:40,agua,5,4,1.66
2025-02-09T00:00:40,agua,5,5,2.56
2025-02-09T00:00:40,agua,5,6,2.04
2025-02-09T00:00:40,agua,5,7,1.14
2025-02-09T00:00:40,agua,6,1,2.56
2025-02-09T00:00:40,agua,6,2,2.53
2025-02-09T00:00:40,agua,6,3,1.87
2025-02-09T00:00:40,agua,6,4,1.32
2025-02-09T00:00:40,agua,6,5,0.96
2025-02-09T00:00:40,agua,6,6,2.8
2025-02-09T00:00:40,agua,6,7,1.6
2025-02-09T00:00:40,gas,1,1,1.46
2025-02-09T00:00:40,gas,1,2,0.19
2025-02-09T00:00:40,gas,1,3,1.86
2025-02-09T00:00:40,gas,2,1,1.04
2025-02-09T00:00:40,gas,2,2,1.53
2025-02-09T00:00:40,gas,2,3,1.49
2025-02-09T00:00:40,gas,3,1,1.33
2025-02-09T00:00:40,gas,3,2,0.15
2025-02-09T00:00:40,gas,3,3,0.83
2025-02-09T00:00:40,gas,4,1,0.99
2025-02-09T00:00:40,gas,4,2,1.55
2025-02-09T00:00:40,gas,4,3,1.31
2025-02-09T00:00:40,temperatura,1,1,20.8
2025-02-09T00:00:40,temperatura,2,1,26.2
2025-02-09T00:00:40,temperatura,3,1,20.4
2025-02-09T00:00:40,temperatura,4,1,23.4
2025-02-09T00:00:40,temperatura,5,1,28.4
2025-02-09T00:00:40,temperatura,6,1,29.0
2025-02-09T00:00:40,movimiento,1,1,5.0
2025-02-09T00:00:40,movimiento,2,1,11.0
2025-02-09T00:00:40,movimiento,3,1,13.0
2025-02-09T00:00:40,movimiento,4,1,15.0
2025-02-09T00:00:40,movimiento,5,1,14.0
2025-02-09T00:00:40,movimiento,6,1,6.0
2025-02-09T00:00:40,huella,1,1,2.0
2025-02-09T00:00:40,huella,2,1,3.0
2025-02-09T00:00:40,huella,3,1,3.0
2025-02-09T00:00:40,huella,4,1,2.0
2025-02-09T00:00:40,huella,5,1,0.0
2025-02-09T00:00:40,huella,6,1,1.0
2025-02-09T00:01:20,luz,1,1,2.8
2025-02-09T00:01:20,luz,1,2,1.91
2025-02-09T00:01:20,luz,1,3,2.06
2025-02-09T00:01:20,luz,1,4,1.78
2025-02-09T00:01:20,luz,1,5,1.36
2025-02-09T00:01:20,luz,1,6,1.02
2025-02-09T00:01:20,luz,1,7,1.49
2025-02-09T00:01:20,luz,2,1,0.89
2025-02-09T00:01:20,luz,2,2,1.77
2025-02-09T00:01:20,luz,2,3,2.73
2025-02-09T00:01:20,luz,2,4,1.24
2025-02-09T00:01:20,luz,2,5,1.83
2025-02-09T00:01:20,luz,2,6,0.69
2025-02-09T00:01:20,luz,2,7,2.68
2025-02-09T00:01:20,luz,3,1,2.59
2025-02-09T00:01:20,luz,3,2,1.46
2025-02-09T00:01:20,luz,3,3,2.3
2025-02-09T00:01:20,luz,3,4,0.73
2025-02-09T00:01:20,luz,3,5,0.95
2025-02-09T00:01:20,luz,3,6,1.13
2025-02-09T00:01:20,luz,3,7,2.42
2025-02-09T00:01:20,luz,4,1,1.0
2025-02-09T00:01:20,luz,4,2,1.68
2025-02-09T00:01:20,luz,4,3,0.73
2025-02-09T00:01:20,luz,4,4,2.65
2025-02-09T00:01:20,luz,4,5,1.78
2025-02-09T00:01:20,luz,4,6,0.52
2025-02-09T00:01:20,luz,4,7,0.62
2025-02-09T00:01:20,luz,5,1,2.77
2025-02-09T00:01:20,luz,5,2,1.31
2025-02-09T00:01:20,luz,5,3,2.98
2025-02-09T00:01:20,luz,5,4,1.35
2025-02-09T00:01:20,luz,5,5,2.93
2025-02-09T00:01:20,luz,5,6,2.19
2025-02-09T00:01:20,luz,5,7,2.18
2025-02-09T00:01:20,luz,6,1,1.76
2025-02-09T00:01:20,luz,6,2,1.46
2025-02-09T00:01:20,luz,6,3,2.44
2025-02-09T00:01:20,luz,6,4,2.74
2025-02-09T00:01:20,luz,6,5,0.85
2025-02-09T00:01:20,luz,6,6,0.58
2025-02-09T00:01:20,luz,6,7,2.65
2025-02-09T00:01:20,agua,1,1,2.78
2025-02-09T00:01:20,agua,1,2,2.68
2025-02-09T00:01:20,agua,1,3,2.25
2025-02-09T00:01:20,agua,1,4,2.12
2025-02-09T00:01:20,agua,1,5,2.7
2025-02-09T00:01:20,agua,1,6,0.14
2025-02-09T00:01:20,agua,1,7,1.51
2025-02-09T00:01:20,agua,2,1,2.29
2025-02-09T00:01:20,agua,2,2,2.92
2025-02-09T00:01:20,agua,2,3,1.5
2025-02-09T00:01:20,agua,2,4,2.56
2025-02-09T00:01:20,agua,2,5,1.39
2025-02-09T00:01:20,agua,2,6,0.98
2025-02-09T00:01:20,agua,2,7,2.6
2025-02-09T00:01:20,agua,3,1,0.31
2025-02-09T00:01:20,agua,3,2,0.91
2025-02-09T00:01:20,agua,3,3,0.38
2025-02-09T00:01:20,agua,3,4,0.94
2025-02-09T00:01:20,agua,3,5,1.86
2025-02-09T00:01:20,agua,3,6,2.65
2025-02-09T00:01:20,agua,3,7,2.66
2025-02-09T00:01:20,agua,4,1,2.47
2025-02-09T00:01:20,agua,4,2,1.33
2025-02-09T00:01:20,agua,4,3,2.36
2025-02-09T00:01:20,agua,4,4,0.08
2025-02-09T00:01:20,agua,4,5,2.01
2025-02-09T00:01:20,agua,4,6,0.6
2025-02-09T00:01:20,agua,4,7,0.37
2025-02-09T00:01:20,agua,5,1,0.75
2025-02-09T00:01:20,agua,5,2,2.78
2025-02-09T00:01:20,agua,5,3,2.22
2025-02-09T00:01:20,agua,5,4,2.68
2025-02-09T00:01:20,agua,5,5,1.09
2025-02-09T00:01:20,agua,5,6,2.79
2025-02-09T00:01:20,agua,5,7,1.53
2025-02-09T00:01:20,agua,6,1,0.43
2025-02-09T00:01:20,agua,6,2,2.44
2025-02-09T00:01:20,agua,6,3,1.87
2025-02-09T00:01:20,agua,6,4,1.05
2025-02-09T00:01:20,agua,6,5,0.68
2025-02-09T00:01:20,agua,6,6,0.33
2025-02-09T00:01:20,agua,6,7,1.15
2025-02-09T00:01:20,gas,1,1,0.1
2025-02-09T00:01:20,gas,1,2,1.63
2025-02-09T00:01:20,gas,1,3,0.95
2025-02-09T00:01:20,gas,2,1,0.29
2025-02-09T00:01:20,gas,2,2,1.81
2025-02-09T00:01:20,gas,2,3,0.53
2025-02-09T00:01:20,gas,3,1,1.03
2025-02-09T00:01:20,gas,3,2,1.09
2025-02-09T00:01:20,gas,3,3,1.39
2025-02-09T00:01:20,gas,4,1,0.11
2025-02-09T00:01:20,gas,4,2,0.5
2025-02-09T00:01:20,gas,4,3,0.43
2025-02-09T00:01:20,temperatura,1,1,28.7
2025-02-09T00:01:20,temperatura,2,1,23.7
2025-02-09T00:01:20,temperatura,3,1,21.5
2025-02-09T00:01:20,temperatura,4,1,21.8
2025-02-09T00:01:20,temperatura,5,1,27.6
2025-02-09T00:01:20,temperatura,6,1,24.4
2025-02-09T00:01:20,movimiento,1,1,9.0
2025-02-09T00:01:20,movimiento,2,1,7.0
2025-02-09T00:01:20,movimiento,3,1,9.0
2025-02-09T00:01:20,movimiento,4,1,9.0
2025-02-09T00:01:20,movimiento,5,1,14.0
2025-02-09T00:01:20,movimiento,6,1,15.0
2025-02-09T00:01:20,huella,1,1,2.0
2025-02-09T00:01:20,huella,2,1,1.0
2025-02-09T00:01:20,huella,3,1,2.0
2025-02-09T00:01:20,huella,4,1,0.0
2025-02-09T00:01:20,huella,5,1,1.0
2025-02-09T00:01:20,huella,6,1,2.0
2025-02-09T00:02:00,luz,1,1,2.17
2025-02-09T00:02:00,luz,1,2,2.52
2025-02-09T00:02:00,luz,1,3,2.43
2025-02-09T00:02:00,luz,1,4,2.89
2025-02-09T00:02:00,luz,1,5,1.0
2025-02-09T00:02:00,luz,1,6,0.7
2025-02-09T00:02:00,luz,1,7,1.71
2025-02-09T00:02:00,luz,2,1,2.64
2025-02-09T00:02:00,luz,2,2,1.07
2025-02-09T00:02:00,luz,2,3,2.43
2025-02-09T00:02:00,luz,2,4,1.39
2025-02-09T00:02:00,luz,2,5,0.77
2025-02-09T00:02:00,luz,2,6,2.66
2025-02-09T00:02:00,luz,2,7,1.59
2025-02-09T00:02:00,luz,3,1,0.64
2025-02-09T00:02:00,luz,3,2,0.76
2025-02-09T00:02:00,luz,3,3,1.3
2025-02-09T00:02:00,luz,3,4,2.13
2025-02-09T00:02:00,luz,3,5,2.24
2025-02-09T00:02:00,luz,3,6,0.76
2025-02-09T00:02:00,luz,3,7,1.15
2025-02-09T00:02:00,luz,4,1,0.71
2025-02-09T00:02:00,luz,4,2,1.57
2025-02-09T00:02:00,luz,4,3,1.24
2025-02-09T00:02:00,luz,4,4,2.61
2025-02-09T00:02:00,luz,4,5,1.15
2025-02-09T00:02:00,luz,4,6,0.76
2025-02-09T00:02:00,luz,4,7,0.8
2025-02-09T00:02:00,luz,5,1,2.06
2025-02-09T00:02:00,luz,5,2,1.68
2025-02-09T00:02:00,luz,5,3,2.33
2025-02-09T00:02:00,luz,5,4,2.08
2025-02-09T00:02:00,luz,5,5,2.82
2025-02-09T00:02:00,luz,5,6,0.95
2025-02-09T00:02:00,luz,5,7,1.35
2025-02-09T00:02:00,luz,6,1,1.0
2025-02-09T00:02:00,luz,6,2,2.63
2025-02-09T00:02:00,luz,6,3,1.11
2025-02-09T00:02:00,luz,6,4,1.74
2025-02-09T00:02:00,luz,6,5,1.58
2025-02-09T00:02:00,luz,6,6,1.28
2025-02-09T00:02:00,luz,6,7,1.71
2025-02-09T00:02:00,agua,1,1,2.39
2025-02-09T00:02:00,agua,1,2,1.84
2025-02-09T00:02:00,agua,1,3,0.82
2025-02-09T00:02:00,agua,1,4,0.04
2025-02-09T00:02:00,agua,1,5,1.21
2025-02-09T00:02:00,agua,1,6,1.45
2025-02-09T00:02:00,agua,1,7,1.71
2025-02-09T00:02:00,agua,2,1,2.0
2025-02-09T00:02:00,agua,2,2,2.88
2025-02-09T00:02:00,agua,2,3,0.4
2025-02-09T00:02:00,agua,2,4,1.36
2025-02-09T00:02:00,agua,2,5,1.19
2025-02-09T00:02:00,agua,2,6,0.25
2025-02-09T00:02:00,agua,2,7,1.42
2025-02-09T00:02:00,agua,3,1,1.5
2025-02-09T00:02:00,agua,3,2,2.27
2025-02-09T00:02:00,agua,3,3,2.09
2025-02-09T00:02:00,agua,3,4,2.28
2025-02-09T00:02:00,agua,3,5,1.05
2025-02-09T00:02:00,agua,3,6,0.63
2025-02-09T00:02:00,agua,3,7,2.52
2025-02-09T00:02:00,agua,4,1,2.64
2025-02-09T00:02:00,agua,4,2,1.13
2025-02-09T00:02:00,agua,4,3,1.89
2025-02-09T00:02:00,agua,4,4,0.9
2025-02-09T00:02:00,agua,4,5,1.34
2025-02-09T00:02:00,agua,4,6,2.22
2025-02-09T00:02:00,agua,4,7,2.04
2025-02-09T00:02:00,agua,5,1,2.36
2025-02-09T00:02:00,agua,5,2,0.19
2025-02-09T00:02:00,agua,5,3,1.18
2025-02-09T00:02:00,agua,5,4,1.25
2025-02-09T00:02:00,agua,5,5,1.79
2025-02-09T00:02:00,agua,5,6,1.02
2025-02-09T00:02:00,agua,5,7,1.51
2025-02-09T00:02:00,agua,6,1,1.59
2025-02-09T00:02:00,agua,6,2,2.04
2025-02-09T00:02:00,agua,6,3,0.5
2025-02-09T00:02:00,agua,6,4,0.56
2025-02-09T00:02:00,agua,6,5,0.34
2025-02-09T00:02:00,agua,6,6,2.1
2025-02-09T00:02:00,agua,6,7,0.49
2025-02-09T00:02:00,gas,1,1,0.92
2025-02-09T00:02:00,gas,1,2,0.09
2025-02-09T00:02:00,gas,1,3,0.83
2025-02-09T00:02:00,gas,2,1,1.44
2025-02-09T00:02:00,gas,2,2,0.73
2025-02-09T00:02:00,gas,2,3,1.18
2025-02-09T00:02:00,gas,3,1,0.49
2025-02-09T00:02:00,gas,3,2,1.86
2025-02-09T00:02:00,gas,3,3,0.08
2025-02-09T00:02:00,gas,4,1,0.47
2025-02-09T00:02:00,gas,4,2,0.56
2025-02-09T00:02:00,gas,4,3,1.12
2025-02-09T00:02:00,temperatura,1,1,22.1
2025-02-09T00:02:00,temperatura,2,1,21.1
2025-02-09T00:02:00,temperatura,3,1,26.1
2025-02-09T00:02:00,temperatura,4,1,20.7
2025-02-09T00:02:00,temperatura,5,1,26.8
2025-02-09T00:02:00,temperatura,6,1,23.6
2025-02-09T00:02:00,movimiento,1,1,11.0
2025-02-09T00:02:00,movimiento,2,1,16.0
2025-02-09T00:02:00,movimiento,3,1,10.0
2025-02-09T00:02:00,movimiento,4,1,5.0
2025-02-09T00:02:00,movimiento,5,1,8.0
2025-02-09T00:02:00,movimiento,6,1,6.0
2025-02-09T00:02:00,huella,1,1,3.0
2025-02-09T00:02:00,huella,2,1,1.0
2025-02-09T00:02:00,huella,3,1,0.0
2025-02-09T00:02:00,huella,4,1,3.0
2025-02-09T00:02:00,huella,5,1,1.0
2025-02-09T00:02:00,huella,6,1,2.0
2025-02-09T00:02:40,luz,1,1,1.98
2025-02-09T00:02:40,luz,1,2,2.39
2025-02-09T00:02:40,luz,1,3,0.56
2025-02-09T00:02:40,luz,1,4,0.69
2025-02-09T00:02:40,luz,1,5,1.88
2025-02-09T00:02:40,luz,1,6,2.1
2025-02-09T00:02:40,luz,1,7,2.27
2025-02-09T00:02:40,luz,2,1,2.18
2025-02-09T00:02:40,luz,2,2,2.18
2025-02-09T00:02:40,luz,2,3,2.75
2025-02-09T00:02:40,luz,2,4,2.86
2025-02-09T00:02:40,luz,2,5,2.99
2025-02-09T00:02:40,luz,2,6,2.27
2025-02-09T00:02:40,luz,2,7,0.64
2025-02-09T00:02:40,luz,3,1,2.75
2025-02-09T00:02:40,luz,3,2,2.84
2025-02-09T00:02:40,luz,3,3,1.16
2025-02-09T00:02:40,luz,3,4,1.85
2025-02-09T00:02:40,luz,3,5,2.23
2025-02-09T00:02:40,luz,3,6,2.92
2025-02-09T00:02:40,luz,3,7,1.78
2025-02-09T00:02:40,luz,4,1,2.13
2025-02-09T00:02:40,luz,4,2,1.08
2025-02-09T00:02:40,luz,4,3,2.94
2025-02-09T00:02:40,luz,4,4,1.12
2025-02-09T00:02:40,luz,4,5,1.05
2025-02-09T00:02:40,luz,4,6,0.94
2025-02-09T00:02:40,luz,4,7,2.89
2025-02-09T00:02:40,luz,5,1,1.95
2025-02-09T00:02:40,luz,5,2,0.58
2025-02-09T00:02:40,luz,5,3,1.63
2025-02-09T00:02:40,luz,5,4,0.66
2025-02-09T00:02:40,luz,5,5,0.79
2025-02-09T00:02:40,luz,5,6,1.15
2025-02-09T00:02:40,luz,5,7,2.69
2025-02-09T00:02:40,luz,6,1,1.63
2025-02-09T00:02:40,luz,6,2,2.53
2025-02-09T00:02:40,luz,6,3,2.44
2025-02-09T00:02:40,luz,6,4,1.45
2025-02-09T00:02:40,luz,6,5,2.99
2025-02-09T00:02:40,luz,6,6,0.99
2025-02-09T00:02:40,luz,6,7,2.26
2025-02-09T00:02:40,agua,1,1,1.55
2025-02-09T00:02:40,agua,1,2,2.79
2025-02-09T00:02:40,agua,1,3,1.04
2025-02-09T00:02:40,agua,1,4,2.53
2025-02-09T00:02:40,agua,1,5,1.39
2025-02-09T00:02:40,agua,1,6,0.13
2025-02-09T00:02:40,agua,1,7,2.29
2025-02-09T00:02:40,agua,2,1,1.04
2025-02-09T00:02:40,agua,2,2,0.99
2025-02-09T00:02:40,agua,2,3,1.95
2025-02-09T00:02:40,agua,2,4,1.03
2025-02-09T00:02:40,agua,2,5,2.01
2025-02-09T00:02:40,agua,2,6,1.96
2025-02-09T00:02:40,agua,2,7,1.32
2025-02-09T00:02:40,agua,3,1,0.79
2025-02-09T00:02:40,agua,3,2,0.76
2025-02-09T00:02:40,agua,3,3,0.57
2025-02-09T00:02:40,agua,3,4,0.73
2025-02-09T00:02:40,agua,3,5,2.23
2025-02-09T00:02:40,agua,3,6,2.32
2025-02-09T00:02:40,agua,3,7,2.37
2025-02-09T00:02:40,agua,4,1,2.66
2025-02-09T00:02:40,agua,4,2,2.53
2025-02-09T00:02:40,agua,4,3,0.96
2025-02-09T00:02:40,agua,4,4,1.16
2025-02-09T00:02:40,agua,4,5,1.36
2025-02-09T00:02:40,agua,4,6,2.5
2025-02-09T00:02:40,agua,4,7,2.0
2025-02-09T00:02:40,agua,5,1,0.77
2025-02-09T00:02:40,agua,5,2,1.4
2025-02-09T00:02:40,agua,5,3,2.1
2025-02-09T00:02:40,agua,5,4,2.12
2025-02-09T00:02:40,agua,5,5,2.27
2025-02-09T00:02:40,agua,5,6,1.28
2025-02-09T00:02:40,agua,5,7,1.29
2025-02-09T00:02:40,agua,6,1,1.18
2025-02-09T00:02:40,agua,6,2,0.82
2025-02-09T00:02:40,agua,6,3,2.51
2025-02-09T00:02:40,agua,6,4,0.11
2025-02-09T00:02:40,agua,6,5,1.27
2025-02-09T00:02:40,agua,6,6,0.18
2025-02-09T00:02:40,agua,6,7,2.92
2025-02-09T00:02:40,gas,1,1,1.95
2025-02-09T00:02:40,gas,1,2,0.51
2025-02-09T00:02:40,gas,1,3,0.07
2025-02-09T00:02:40,gas,2,1,0.45
2025-02-09T00:02:40,gas,2,2,0.1
2025-02-09T00:02:40,gas,2,3,1.14
2025-02-09T00:02:40,gas,3,1,0.31
2025-02-09T00:02:40,gas,3,2,0.21
2025-02-09T00:02:40,gas,3,3,1.35
2025-02-09T00:02:40,gas,4,1,0.92
2025-02-09T00:02:40,gas,4,2,1.74
2025-02-09T00:02:40,gas,4,3,0.64
2025-02-09T00:02:40,temperatura,1,1,26.2
2025-02-09T00:02:40,temperatura,2,1,24.6
2025-02-09T00:02:40,temperatura,3,1,27.8
2025-02-09T00:02:40,temperatura,4,1,26.8
2025-02-09T00:02:40,temperatura,5,1,22.7
2025-02-09T00:02:40,temperatura,6,1,22.1
2025-02-09T00:02:40,movimiento,1,1,14.0
2025-02-09T00:02:40,movimiento,2,1,9.0
2025-02-09T00:02:40,movimiento,3,1,9.0
2025-02-09T00:02:40,movimiento,4,1,5.0
2025-02-09T00:02:40,movimiento,5,1,20.0
2025-02-09T00:02:40,movimiento,6,1,18.0
2025-02-09T00:02:40,huella,1,1,2.0
2025-02-09T00:02:40,huella,2,1,1.0
2025-02-09T00:02:40,huella,3,1,0.0
2025-02-09T00:02:40,huella,4,1,1.0
2025-02-09T00:02:40,huella,5,1,0.0
2025-02-09T00:02:40,huella,6,1,0.0
2025-02-09T00:03:20,luz,1,1,2.2
2025-02-09T00:03:20,luz,1,2,2.07
2025-02-09T00:03:20,luz,1,3,2.15
2025-02-09T00:03:20,luz,1,4,2.93
2025-02-09T00:03:20,luz,1,5,1.33
2025-02-09T00:03:20,luz,1,6,1.18
2025-02-09T00:03:20,luz,1,7,2.91
2025-02-09T00:03:20,luz,2,1,0.7
2025-02-09T00:03:20,luz,2,2,1.79
2025-02-09T00:03:20,luz,2,3,0.61
2025-02-09T00:03:20,luz,2,4,0.75
2025-02-09T00:03:20,luz,2,5,1.26
2025-02-09T00:03:20,luz,2,6,1.41
2025-02-09T00:03:20,luz,2,7,0.77
2025-02-09T00:03:20,luz,3,1,2.8
2025-02-09T00:03:20,luz,3,2,1.13
2025-02-09T00:03:20,luz,3,3,1.3
2025-02-09T00:03:20,luz,3,4,1.15
2025-02-09T00:03:20,luz,3,5,1.17
2025-02-09T00:03:20,luz,3,6,2.54
2025-02-09T00:03:20,luz,3,7,0.97
2025-02-09T00:03:20,luz,4,1,2.84
2025-02-09T00:03:20,luz,4,2,2.66
2025-02-09T00:03:20,luz,4,3,2.7
2025-02-09T00:03:20,luz,4,4,1.49
2025-02-09T00:03:20,luz,4,5,1.87
2025-02-09T00:03:20,luz,4,6,1.42
2025-02-09T00:03:20,luz,4,7,0.7
2025-02-09T00:03:20,luz,5,1,2.96
2025-02-09T00:03:20,luz,5,2,2.99
2025-02-09T00:03:20,luz,5,3,2.44
2025-02-09T00:03:20,luz,5,4,1.49
2025-02-09T00:03:20,luz,5,5,1.6
2025-02-09T00:03:20,luz,5,6,1.77
2025-02-09T00:03:20,luz,5,7,1.2
2025-02-09T00:03:20,luz,6,1,1.65
2025-02-09T00:03:20,luz,6,2,1.59
2025-02-09T00:03:20,luz,6,3,0.78
2025-02-09T00:03:20,luz,6,4,1.38
2025-02-09T00:03:20,luz,6,5,1.32
2025-02-09T00:03:20,luz,6,6,0.87
2025-02-09T00:03:20,luz,6,7,2.79
2025-02-09T00:03:20,agua,1,1,0.03
2025-02-09T00:03:20,agua,1,2,1.39
2025-02-09T00:03:20,agua,1,3,2.27
2025-02-09T00:03:20,agua,1,4,1.89
2025-02-09T00:03:20,agua,1,5,0.88
2025-02-09T00:03:20,agua,1,6,1.37
2025-02-09T00:03:20,agua,1,7,0.54
2025-02-09T00:03:20,agua,2,1,0.21
2025-02-09T00:03:20,agua,2,2,2.09
2025-02-09T00:03:20,agua,2,3,0.44
2025-02-09T00:03:20,agua,2,4,2.31
2025-02-09T00:03:20,agua,2,5,1.34
2025-02-09T00:03:20,agua,2,6,1.0
2025-02-09T00:03:20,agua,2,7,0.44
2025-02-09T00:03:20,agua,3,1,1.15
2025-02-09T00:03:20,agua,3,2,2.82
2025-02-09T00:03:20,agua,3,3,1.6
2025-02-09T00:03:20,agua,3,4,2.93
2025-02-09T00:03:20,agua,3,5,0.17
2025-02-09T00:03:20,agua,3,6,2.17
2025-02-09T00:03:20,agua,3,7,2.19
2025-02-09T00:03:20,agua,4,1,2.41
2025-02-09T00:03:20,agua,4,2,0.44
2025-02-09T00:03:20,agua,4,3,0.81
2025-02-09T00:03:20,agua,4,4,0.36
2025-02-09T00:03:20,agua,4,5,2.54
2025-02-09T00:03:20,agua,4,6,2.52
2025-02-09T00:03:20,agua,4,7,1.82
2025-02-09T00:03:20,agua,5,1,2.94
2025-02-09T00:03:20,agua,5,2,0.92
2025-02-09T00:03:20,agua,5,3,2.94
2025-02-09T00:03:20,agua,5,4,1.91
2025-02-09T00:03:20,agua,5,5,1.54
2025-02-09T00:03:20,agua,5,6,1.62
2025-02-09T00:03:20,agua,5,7,1.23
2025-02-09T00:03:20,agua,6,1,0.28
2025-02-09T00:03:20,agua,6,2,0.05
2025-02-09T00:03:20,agua,6,3,0.74
2025-02-09T00:03:20,agua,6,4,2.37
2025-02-09T00:03:20,agua,6,5,2.54
2025-02-09T00:03:20,agua,6,6,1.38
2025-02-09T00:03:20,agua,6,7,2.09
2025-02-09T00:03:20,gas,1,1,0.89
2025-02-09T00:03:20,gas,1,2,0.13
2025-02-09T00:03:20,gas,1,3,0.53
2025-02-09T00:03:20,gas,2,1,1.36
2025-02-09T00:03:20,gas,2,2,0.69
2025-02-09T00:03:20,gas,2,3,1.43
2025-02-09T00:03:20,gas,3,1,1.62
2025-02-09T00:03:20,gas,3,2,0.41
2025-02-09T00:03:20,gas,3,3,1.13
2025-02-09T00:03:20,gas,4,1,0.26
2025-02-09T00:03:20,gas,4,2,0.51
2025-02-09T00:03:20,gas,4,3,1.44
2025-02-09T00:03:20,temperatura,1,1,28.5
2025-02-09T00:03:20,temperatura,2,1,26.1
2025-02-09T00:03:20,temperatura,3,1,24.1
2025-02-09T00:03:20,temperatura,4,1,21.7
2025-02-09T00:03:20,temperatura,5,1,24.2
2025-02-09T00:03:20,temperatura,6,1,29.2
2025-02-09T00:03:20,movimiento,1,1,11.0
2025-02-09T00:03:20,movimiento,2,1,19.0
2025-02-09T00:03:20,movimiento,3,1,20.0
2025-02-09T00:03:20,movimiento,4,1,13.0
2025-02-09T00:03:20,movimiento,5,1,5.0
2025-02-09T00:03:20,movimiento,6,1,9.0
2025-02-09T00:03:20,huella,1,1,2.0
2025-02-09T00:03:20,huella,2,1,1.0
2025-02-09T00:03:20,huella,3,1,0.0
2025-02-09T00:03:20,huella,4,1,2.0
2025-02-09T00:03:20,huella,5,1,1.0
2025-02-09T00:03:20,huella,6,1,0.0
2025-02-09T00:04:00,luz,1,1,1.91
2025-02-09T00:04:00,luz,1,2,0.83
2025-02-09T00:04:00,luz,1,3,2.29
2025-02-09T00:04:00,luz,1,4,1.41
2025-02-09T00:04:00,luz,1,5,2.38
2025-02-09T00:04:00,luz,1,6,1.95
2025-02-09T00:04:00,luz,1,7,1.68
2025-02-09T00:04:00,luz,2,1,2.29
2025-02-09T00:04:00,luz,2,2,0.69
2025-02-09T00:04:00,luz,2,3,0.61
2025-02-09T00:04:00,luz,2,4,1.97
2025-02-09T00:04:00,luz,2,5,1.73
2025-02-09T00:04:00,luz,2,6,1.81
2025-02-09T00:04:00,luz,2,7,0.84
2025-02-09T00:04:00,luz,3,1,2.5
2025-02-09T00:04:00,luz,3,2,2.18
2025-02-09T00:04:00,luz,3,3,0.67
2025-02-09T00:04:00,luz,3,4,1.81
2025-02-09T00:04:00,luz,3,5,1.48
2025-02-09T00:04:00,luz,3,6,2.15
2025-02-09T00:04:00,luz,3,7,2.21
2025-02-09T00:04:00,luz,4,1,0.74
2025-02-09T00:04:00,luz,4,2,2.98
2025-02-09T00:04:00,luz,4,3,2.21
2025-02-09T00:04:00,luz,4,4,1.58
2025-02-09T00:04:00,luz,4,5,1.08
2025-02-09T00:04:00,luz,4,6,2.6
2025-02-09T00:04:00,luz,4,7,0.55
2025-02-09T00:04:00,luz,5,1,0.9
2025-02-09T00:04:00,luz,5,2,2.58
2025-02-09T00:04:00,luz,5,3,0.88
2025-02-09T00:04:00,luz,5,4,2.31
2025-02-09T00:04:00,luz,5,5,0.86
2025-02-09T00:04:00,luz,5,6,1.19
2025-02-09T00:04:00,luz,5,7,1.2
2025-02-09T00:04:00,luz,6,1,2.71
2025-02-09T00:04:00,luz,6,2,2.9
2025-02-09T00:04:00,luz,6,3,1.45
2025-02-09T00:04:00,luz,6,4,2.53
2025-02-09T00:04:00,luz,6,5,2.67
2025-02-09T00:04:00,luz,6,6,1.2
2025-02-09T00:04:00,luz,6,7,2.46
2025-02-09T00:04:00,agua,1,1,0.16
2025-02-09T00:04:00,agua,1,2,0.9
2025-02-09T00:04:00,agua,1,3,0.25
2025-02-09T00:04:00,agua,1,4,0.31
2025-02-09T00:04:00,agua,1,5,2.23
2025-02-09T00:04:00,agua,1,6,1.8
2025-02-09T00:04:00,agua,1,7,1.7
2025-02-09T00:04:00,agua,2,1,2.17
2025-02-09T00:04:00,agua,2,2,2.81
2025-02-09T00:04:00,agua,2,3,0.1
2025-02-09T00:04:00,agua,2,4,1.78
2025-02-09T00:04:00,agua,2,5,0.52
2025-02-09T00:04:00,agua,2,6,2.46
2025-02-09T00:04:00,agua,2,7,2.54
2025-02-09T00:04:00,agua,3,1,2.89
2025-02-09T00:04:00,agua,3,2,2.56
2025-02-09T00:04:00,agua,3,3,0.38
2025-02-09T00:04:00,agua,3,4,1.44
2025-02-09T00:04:00,agua,3,5,1.26
2025-02-09T00:04:00,agua,3,6,0.76
2025-02-09T00:04:00,agua,3,7,0.99
2025-02-09T00:04:00,agua,4,1,0.75
2025-02-09T00:04:00,agua,4,2,0.82
2025-02-09T00:04:00,agua,4,3,1.07
2025-02-09T00:04:00,agua,4,4,1.52
2025-02-09T00:04:00,agua,4,5,0.88
2025-02-09T00:04:00,agua,4,6,1.98
2025-02-09T00:04:00,agua,4,7,2.19
2025-02-09T00:04:00,agua,5,1,2.38
2025-02-09T00:04:00,agua,5,2,1.33
2025-02-09T00:04:00,agua,5,3,1.03
2025-02-09T00:04:00,agua,5,4,1.78
2025-02-09T00:04:00,agua,5,5,2.88
2025-02-09T00:04:00,agua,5,6,2.65
2025-02-09T00:04:00,agua,5,7,2.79
2025-02-09T00:04:00,agua,6,1,2.58
2025-02-09T00:04:00,agua,6,2,0.34
2025-02-09T00:04:00,agua,6,3,0.36
2025-02-09T00:04:00,agua,6,4,1.33
2025-02-09T00:04:00,agua,6,5,1.55
2025-02-09T00:04:00,agua,6,6,0.06
2025-02-09T00:04:00,agua,6,7,2.98
2025-02-09T00:04:00,gas,1,1,1.35
2025-02-09T00:04:00,gas,1,2,0.14
2025-02-09T00:04:00,gas,1,3,1.95
2025-02-09T00:04:00,gas,2,1,0.83
2025-02-09T00:04:00,gas,2,2,1.21
2025-02-09T00:04:00,gas,2,3,0.44
2025-02-09T00:04:00,gas,3,1,1.46
2025-02-09T00:04:00,gas,3,2,1.65
2025-02-09T00:04:00,gas,3,3,0.8
2025-02-09T00:04:00,gas,4,1,1.97
2025-02-09T00:04:00,gas,4,2,1.82
2025-02-09T00:04:00,gas,4,3,1.5
2025-02-09T00:04:00,temperatura,1,1,23.4
2025-02-09T00:04:00,temperatura,2,1,25.4
2025-02-09T00:04:00,temperatura,3,1,20.4
2025-02-09T00:04:00,temperatura,4,1,21.0
2025-02-09T00:04:00,temperatura,5,1,20.1
2025-02-09T00:04:00,temperatura,6,1,25.8
2025-02-09T00:04:00,movimiento,1,1,16.0
2025-02-09T00:04:00,movimiento,2,1,9.0
2025-02-09T00:04:00,movimiento,3,1,10.0
2025-02-09T00:04:00,movimiento,4,1,15.0
2025-02-09T00:04:00,movimiento,5,1,17.0
2025-02-09T00:04:00,movimiento,6,1,17.0
2025-02-09T00:04:00,huella,1,1,1.0
2025-02-09T00:04:00,huella,2,1,2.0
2025-02-09T00:04:00,huella,3,1,1.0
2025-02-09T00:04:00,huella,4,1,2.0
2025-02-09T00:04:00,huella,5,1,3.0
2025-02-09T00:04:00,huella,6,1,1.0
2025-02-09T00:04:40,luz,1,1,2.78
2025-02-09T00:04:40,luz,1,2,2.58
2025-02-09T00:04:40,luz,1,3,2.32
2025-02-09T00:04:40,luz,1,4,0.94
2025-02-09T00:04:40,luz,1,5,1.38
2025-02-09T00:04:40,luz,1,6,0.7
2025-02-09T00:04:40,luz,1,7,1.06
2025-02-09T00:04:40,luz,2,1,1.9
2025-02-09T00:04:40,luz,2,2,1.33
2025-02-09T00:04:40,luz,2,3,2.35
2025-02-09T00:04:40,luz,2,4,0.65
2025-02-09T00:04:40,luz,2,5,1.45
2025-02-09T00:04:40,luz,2,6,2.62
2025-02-09T00:04:40,luz,2,7,2.62
2025-02-09T00:04:40,luz,3,1,2.5
2025-02-09T00:04:40,luz,3,2,0.8
2025-02-09T00:04:40,luz,3,3,2.18
2025-02-09T00:04:40,luz,3,4,0.73
2025-02-09T00:04:40,luz,3,5,1.88
2025-02-09T00:04:40,luz,3,6,2.33
2025-02-09T00:04:40,luz,3,7,0.99
2025-02-09T00:04:40,luz,4,1,2.45
2025-02-09T00:04:40,luz,4,2,1.74
2025-02-09T00:04:40,luz,4,3,2.43
2025-02-09T00:04:40,luz,4,4,2.9
2025-02-09T00:04:40,luz,4,5,1.69
2025-02-09T00:04:40,luz,4,6,1.64
2025-02-09T00:04:40,luz,4,7,2.41
2025-02-09T00:04:40,luz,5,1,1.42
2025-02-09T00:04:40,luz,5,2,0.61
2025-02-09T00:04:40,luz,5,3,1.27
2025-02-09T00:04:40,luz,5,4,0.9
2025-02-09T00:04:40,luz,5,5,1.89
2025-02-09T00:04:40,luz,5,6,2.81
2025-02-09T00:04:40,luz,5,7,2.68
2025-02-09T00:04:40,luz,6,1,2.26
2025-02-09T00:04:40,luz,6,2,2.45
2025-02-09T00:04:40,luz,6,3,2.55
2025-02-09T00:04:40,luz,6,4,1.37
2025-02-09T00:04:40,luz,6,5,2.87
2025-02-09T00:04:40,luz,6,6,2.31
2025-02-09T00:04:40,luz,6,7,0.62
2025-02-09T00:04:40,agua,1,1,2.95
2025-02-09T00:04:40,agua,1,2,2.36
2025-02-09T00:04:40,agua,1,3,2.81
2025-02-09T00:04:40,agua,1,4,0.97
2025-02-09T00:04:40,agua,1,5,0.38
2025-02-09T00:04:40,agua,1,6,2.75
2025-02-09T00:04:40,agua,1,7,2.28
2025-02-09T00:04:40,agua,2,1,0.99
2025-02-09T00:04:40,agua,2,2,1.11
2025-02-09T00:04:40,agua,2,3,1.74
2025-02-09T00:04:40,agua,2,4,2.38
2025-02-09T00:04:40,agua,2,5,1.54
2025-02-09T00:04:40,agua,2,6,1.24
2025-02-09T00:04:40,agua,2,7,1.71
2025-02-09T00:04:40,agua,3,1,0.2
2025-02-09T00:04:40,agua,3,2,2.15
2025-02-09T00:04:40,agua,3,3,1.93
2025-02-09T00:04:40,agua,3,4,1.54
2025-02-09T00:04:40,agua,3,5,1.82
2025-02-09T00:04:40,agua,3,6,2.45
2025-02-09T00:04:40,agua,3,7,1.47
2025-02-09T00:04:40,agua,4,1,0.33
2025-02-09T00:04:40,agua,4,2,1.21
2025-02-09T00:04:40,agua,4,3,0.92
2025-02-09T00:04:40,agua,4,4,1.48
2025-02-09T00:04:40,agua,4,5,1.63
2025-02-09T00:04:40,agua,4,6,0.49
2025-02-09T00:04:40,agua,4,7,0.16
2025-02-09T00:04:40,agua,5,1,2.61
2025-02-09T00:04:40,agua,5,2,1.75
2025-02-09T00:04:40,agua,5,3,2.89
2025-02-09T00:04:40,agua,5,4,1.06
2025-02-09T00:04:40,agua,5,5,1.94
2025-02-09T00:04:40,agua,5,6,0.36
2025-02-09T00:04:40,agua,5,7,0.5
2025-02-09T00:04:40,agua,6,1,2.41
2025-02-09T00:04:40,agua,6,2,1.49
2025-02-09T00:04:40,agua,6,3,2.26
2025-02-09T00:04:40,agua,6,4,2.43
2025-02-09T00:04:40,agua,6,5,1.41
2025-02-09T00:04:40,agua,6,6,2.6
2025-02-09T00:04:40,agua,6,7,2.82
2025-02-09T00:04:40,gas,1,1,1.02
2025-02-09T00:04:40,gas,1,2,1.97
2025-02-09T00:04:40,gas,1,3,0.4
2025-02-09T00:04:40,gas,2,1,1.36
2025-02-09T00:04:40,gas,2,2,1.09
2025-02-09T00:04:40,gas,2,3,0.2
2025-02-09T00:04:40,gas,3,1,1.37
2025-02-09T00:04:40,gas,3,2,1.65
2025-02-09T00:04:40,gas,3,3,0.09
2025-02-09T00:04:40,gas,4,1,1.25
2025-02-09T00:04:40,gas,4,2,1.77
2025-02-09T00:04:40,gas,4,3,1.07
2025-02-09T00:04:40,temperatura,1,1,25.7
2025-02-09T00:04:40,temperatura,2,1,21.4
2025-02-09T00:04:40,temperatura,3,1,26.4
2025-02-09T00:04:40,temperatura,4,1,28.5
2025-02-09T00:04:40,temperatura,5,1,21.2
2025-02-09T00:04:40,temperatura,6,1,26.1
2025-02-09T00:04:40,movimiento,1,1,13.0
2025-02-09T00:04:40,movimiento,2,1,10.0
2025-02-09T00:04:40,movimiento,3,1,6.0
2025-02-09T00:04:40,movimiento,4,1,5.0
2025-02-09T00:04:40,movimiento,5,1,14.0
2025-02-09T00:04:40,movimiento,6,1,16.0
2025-02-09T00:04:40,huella,1,1,2.0
2025-02-09T00:04:40,huella,2,1,1.0
2025-02-09T00:04:40,huella,3,1,3.0
2025-02-09T00:04:40,huella,4,1,3.0
2025-02-09T00:04:40,huella,5,1,3.0
2025-02-09T00:04:40,huella,6,1,3.0
2025-02-09T00:05:20,luz,1,1,0.73
2025-02-09T00:05:20,luz,1,2,1.45
2025-02-09T00:05:20,luz,1,3,1.91
2025-02-09T00:05:20,luz,1,4,1.06
2025-02-09T00:05:20,luz,1,5,1.21
2025-02-09T00:05:20,luz,1,6,1.04
2025-02-09T00:05:20,luz,1,7,2.09
2025-02-09T00:05:20,luz,2,1,1.51
2025-02-09T00:05:20,luz,2,2,1.89
2025-02-09T00:05:20,luz,2,3,2.19
2025-02-09T00:05:20,luz,2,4,1.01
2025-02-09T00:05:20,luz,2,5,2.43
2025-02-09T00:05:20,luz,2,6,2.86
2025-02-09T00:05:20,luz,2,7,1.52
2025-02-09T00:05:20,luz,3,1,0.87
2025-02-09T00:05:20,luz,3,2,1.33
2025-02-09T00:05:20,luz,3,3,2.57
2025-02-09T00:05:20,luz,3,4,2.07
2025-02-09T00:05:20,luz,3,5,1.29
2025-02-09T00:05:20,luz,3,6,2.35
2025-02-09T00:05:20,luz,3,7,2.24
2025-02-09T00:05:20,luz,4,1,1.35
2025-02-09T00:05:20,luz,4,2,0.63
2025-02-09T00:05:20,luz,4,3,2.51
2025-02-09T00:05:20,luz,4,4,2.48
2025-02-09T00:05:20,luz,4,5,1.6
2025-02-09T00:05:20,luz,4,6,2.91
2025-02-09T00:05:20,luz,4,7,0.67
2025-02-09T00:05:20,luz,5,1,0.85
2025-02-09T00:05:20,luz,5,2,2.64
2025-02-09T00:05:20,luz,5,3,2.18
2025-02-09T00:05:20,luz,5,4,2.63
2025-02-09T00:05:20,luz,5,5,1.42
2025-02-09T00:05:20,luz,5,6,1.66
2025-02-09T00:05:20,luz,5,7,1.85
2025-02-09T00:05:20,luz,6,1,0.52
2025-02-09T00:05:20,luz,6,2,2.16
2025-02-09T00:05:20,luz,6,3,2.98
2025-02-09T00:05:20,luz,6,4,2.56
2025-02-09T00:05:20,luz,6,5,0.75
2025-02-09T00:05:20,luz,6,6,0.59
2025-02-09T00:05:20,luz,6,7,1.84
2025-02-09T00:05:20,agua,1,1,1.77
2025-02-09T00:05:20,agua,1,2,0.52
2025-02-09T00:05:20,agua,1,3,0.46
2025-02-09T00:05:20,agua,1,4,0.06
2025-02-09T00:05:20,agua,1,5,1.07
2025-02-09T00:05:20,agua,1,6,2.56
2025-02-09T00:05:20,agua,1,7,2.02
2025-02-09T00:05:20,agua,2,1,1.77
2025-02-09T00:05:20,agua,2,2,2.98
2025-02-09T00:05:20,agua,2,3,2.4
2025-02-09T00:05:20,agua,2,4,0.29
2025-02-09T00:05:20,agua,2,5,0.25
2025-02-09T00:05:20,agua,2,6,2.77
2025-02-09T00:05:20,agua,2,7,2.07
2025-02-09T00:05:20,agua,3,1,0.52
2025-02-09T00:05:20,agua,3,2,1.25
2025-02-09T00:05:20,agua,3,3,2.17
2025-02-09T00:05:20,agua,3,4,0.92
2025-02-09T00:05:20,agua,3,5,2.64
2025-02-09T00:05:20,agua,3,6,0.83
2025-02-09T00:05:20,agua,3,7,1.55
2025-02-09T00:05:20,agua,4,1,0.39
2025-02-09T00:05:20,agua,4,2,1.45
2025-02-09T00:05:20,agua,4,3,2.98
2025-02-09T00:05:20,agua,4,4,0.68
2025-02-09T00:05:20,agua,4,5,2.27
2025-02-09T00:05:20,agua,4,6,1.35
2025-02-09T00:05:20,agua,4,7,0.12
2025-02-09T00:05:20,agua,5,1,0.25
2025-02-09T00:05:20,agua,5,2,0.16
2025-02-09T00:05:20,agua,5,3,1.97
2025-02-09T00:05:20,agua,5,4,2.15
2025-02-09T00:05:20,agua,5,5,1.32
2025-02-09T00:05:20,agua,5,6,0.15
2025-02-09T00:05:20,agua,5,7,2.26
2025-02-09T00:05:20,agua,6,1,2.18
2025-02-09T00:05:20,agua,6,2,2.3
2025-02-09T00:05:20,agua,6,3,0.99
2025-02-09T00:05:20,agua,6,4,0.08
2025-02-09T00:05:20,agua,6,5,2.21
2025-02-09T00:05:20,agua,6,6,0.2
2025-02-09T00:05:20,agua,6,7,1.4
2025-02-09T00:05:20,gas,1,1,1.31
2025-02-09T00:05:20,gas,1,2,0.16
2025-02-09T00:05:20,gas,1,3,1.89
2025-02-09T00:05:20,gas,2,1,1.93
2025-02-09T00:05:20,gas,2,2,1.1
2025-02-09T00:05:20,gas,2,3,1.42
2025-02-09T00:05:20,gas,3,1,0.32
2025-02-09T00:05:20,gas,3,2,1.11
2025-02-09T00:05:20,gas,3,3,0.3
2025-02-09T00:05:20,gas,4,1,1.94
2025-02-09T00:05:20,gas,4,2,0.12
2025-02-09T00:05:20,gas,4,3,0.79
2025-02-09T00:05:20,temperatura,1,1,21.6
2025-02-09T00:05:20,temperatura,2,1,27.7
2025-02-09T00:05:20,temperatura,3,1,25.6
2025-02-09T00:05:20,temperatura,4,1,28.4
2025-02-09T00:05:20,temperatura,5,1,28.4
2025-02-09T00:05:20,temperatura,6,1,29.2
2025-02-09T00:05:20,movimiento,1,1,9.0
2025-02-09T00:05:20,movimiento,2,1,12.0
2025-02-09T00:05:20,movimiento,3,1,13.0
2025-02-09T00:05:20,movimiento,4,1,18.0
2025-02-09T00:05:20,movimiento,5,1,10.0
2025-02-09T00:05:20,movimiento,6,1,12.0
2025-02-09T00:05:20,huella,1,1,2.0
2025-02-09T00:05:20,huella,2,1,2.0
2025-02-09T00:05:20,huella,3,1,3.0
2025-02-09T00:05:20,huella,4,1,2.0
2025-02-09T00:05:20,huella,5,1,1.0
2025-02-09T00:05:20,huella,6,1,0.0
2025-02-09T00:06:00,luz,1,1,2.64
2025-02-09T00:06:00,luz,1,2,2.06
2025-02-09T00:06:00,luz,1,3,1.92
2025-02-09T00:06:00,luz,1,4,0.74
2025-02-09T00:06:00,luz,1,5,2.19
2025-02-09T00:06:00,luz,1,6,0.9
2025-02-09T00:06:00,luz,1,7,2.63
2025-02-09T00:06:00,luz,2,1,0.99
2025-02-09T00:06:00,luz,2,2,2.68
2025-02-09T00:06:00,luz,2,3,0.67
2025-02-09T00:06:00,luz,2,4,1.23
2025-02-09T00:06:00,luz,2,5,0.68
2025-02-09T00:06:00,luz,2,6,2.7
2025-02-09T00:06:00,luz,2,7,0.78
2025-02-09T00:06:00,luz,3,1,1.32
2025-02-09T00:06:00,luz,3,2,1.39
2025-02-09T00:06:00,luz,3,3,2.93
2025-02-09T00:06:00,luz,3,4,1.1
2025-02-09T00:06:00,luz,3,5,1.88
2025-02-09T00:06:00,luz,3,6,2.91
2025-02-09T00:06:00,luz,3,7,1.95
2025-02-09T00:06:00,luz,4,1,1.68
2025-02-09T00:06:00,luz,4,2,2.54
2025-02-09T00:06:00,luz,4,3,2.16
2025-02-09T00:06:00,luz,4,4,2.15
2025-02-09T00:06:00,luz,4,5,2.79
2025-02-09T00:06:00,luz,4,6,1.65
2025-02-09T00:06:00,luz,4,7,0.99
2025-02-09T00:06:00,luz,5,1,1.57
2025-02-09T00:06:00,luz,5,2,2.25
2025-02-09T00:06:00,luz,5,3,0.69
2025-02-09T00:06:00,luz,5,4,1.02
2025-02-09T00:06:00,luz,5,5,2.61
2025-02-09T00:06:00,luz,5,6,2.1
2025-02-09T00:06:00,luz,5,7,1.67
2025-02-09T00:06:00,luz,6,1,1.61
2025-02-09T00:06:00,luz,6,2,0.7
2025-02-09T00:06:00,luz,6,3,1.6
2025-02-09T00:06:00,luz,6,4,1.71
2025-02-09T00:06:00,luz,6,5,0.89
2025-02-09T00:06:00,luz,6,6,1.78
2025-02-09T00:06:00,luz,6,7,1.13
2025-02-09T00:06:00,agua,1,1,1.0
2025-02-09T00:06:00,agua,1,2,1.18
2025-02-09T00:06:00,agua,1,3,1.43
2025-02-09T00:06:00,agua,1,4,1.78
2025-02-09T00:06:00,agua,1,5,2.37
2025-02-09T00:06:00,agua,1,6,1.27
2025-02-09T00:06:00,agua,1,7,1.45
2025-02-09T00:06:00,agua,2,1,0.85
2025-02-09T00:06:00,agua,2,2,2.26
2025-02-09T00:06:00,agua,2,3,0.64
2025-02-09T00:06:00,agua,2,4,0.45
2025-02-09T00:06:00,agua,2,5,2.4
2025-02-09T00:06:00,agua,2,6,1.46
2025-02-09T00:06:00,agua,2,7,1.22
2025-02-09T00:06:00,agua,3,1,2.02
2025-02-09T00:06:00,agua,3,2,2.86
2025-02-09T00:06:00,agua,3,3,0.25
2025-02-09T00:06:00,agua,3,4,2.4
2025-02-09T00:06:00,agua,3,5,0.6
2025-02-09T00:06:00,agua,3,6,2.05
2025-02-09T00:06:00,agua,3,7,1.82
2025-02-09T00:06:00,agua,4,1,0.32
2025-02-09T00:06:00,agua,4,2,0.81
2025-02-09T00:06:00,agua,4,3,2.78
2025-02-09T00:06:00,agua,4,4,1.44
2025-02-09T00:06:00,agua,4,5,0.29
2025-02-09T00:06:00,agua,4,6,0.08
2025-02-09T00:06:00,agua,4,7,2.63
2025-02-09T00:06:00,agua,5,1,1.42
2025-02-09T00:06:00,agua,5,2,0.59
2025-02-09T00:06:00,agua,5,3,1.15
2025-02-09T00:06:00,agua,5,4,1.52
2025-02-09T00:06:00,agua,5,5,2.83
2025-02-09T00:06:00,agua,5,6,2.43
2025-02-09T00:06:00,agua,5,7,2.82
2025-02-09T00:06:00,agua,6,1,1.31
2025-02-09T00:06:00,agua,6,2,0.29
2025-02-09T00:06:00,agua,6,3,2.94
2025-02-09T00:06:00,agua,6,4,1.29
2025-02-09T00:06:00,agua,6,5,2.68
2025-02-09T00:06:00,agua,6,6,2.73
2025-02-09T00:06:00,agua,6,7,2.55
2025-02-09T00:06:00,gas,1,1,0.97
2025-02-09T00:06:00,gas,1,2,0.3
2025-02-09T00:06:00,gas,1,3,1.67
2025-02-09T00:06:00,gas,2,1,1.79
2025-02-09T00:06:00,gas,2,2,0.06
2025-02-09T00:06:00,gas,2,3,0.19
2025-02-09T00:06:00,gas,3,1,0.5
2025-02-09T00:06:00,gas,3,2,0.65
2025-02-09T00:06:00,gas,3,3,0.03
2025-02-09T00:06:00,gas,4,1,0.15
2025-02-09T00:06:00,gas,4,2,1.37
2025-02-09T00:06:00,gas,4,3,0.19
2025-02-09T00:06:00,temperatura,1,1,20.3
2025-02-09T00:06:00,temperatura,2,1,29.4
2025-02-09T00:06:00,temperatura,3,1,25.4
2025-02-09T00:06:00,temperatura,4,1,22.9
2025-02-09T00:06:00,temperatura,5,1,26.0
2025-02-09T00:06:00,temperatura,6,1,29.8
2025-02-09T00:06:00,movimiento,1,1,14.0
2025-02-09T00:06:00,movimiento,2,1,10.0
2025-02-09T00:06:00,movimiento,3,1,6.0
2025-02-09T00:06:00,movimiento,4,1,8.0
2025-02-09T00:06:00,movimiento,5,1,6.0
2025-02-09T00:06:00,movimiento,6,1,20.0
2025-02-09T00:06:00,huella,1,1,3.0
2025-02-09T00:06:00,huella,2,1,0.0
2025-02-09T00:06:00,huella,3,1,3.0
2025-02-09T00:06:00,huella,4,1,1.0
2025-02-09T00:06:00,huella,5,1,3.0
2025-02-09T00:06:00,huella,6,1,1.0
2025-02-09T00:06:40,luz,1,1,2.55
2025-02-09T00:06:40,luz,1,2,2.34
2025-02-09T00:06:40,luz,1,3,2.11
2025-02-09T00:06:40,luz,1,4,2.29
2025-02-09T00:06:40,luz,1,5,0.65
2025-02-09T00:06:40,luz,1,6,1.82
2025-02-09T00:06:40,luz,1,7,0.82
2025-02-09T00:06:40,luz,2,1,1.26
2025-02-09T00:06:40,luz,2,2,1.23
2025-02-09T00:06:40,luz,2,3,1.54
2025-02-09T00:06:40,luz,2,4,0.61
2025-02-09T00:06:40,luz,2,5,1.26
2025-02-09T00:06:40,luz,2,6,1.06
2025-02-09T00:06:40,luz,2,7,2.32
2025-02-09T00:06:40,luz,3,1,1.1
2025-02-09T00:06:40,luz,3,2,2.37
2025-02-09T00:06:40,luz,3,3,0.89
2025-02-09T00:06:40,luz,3,4,1.6
2025-02-09T00:06:40,luz,3,5,0.91
2025-02-09T00:06:40,luz,3,6,2.77
2025-02-09T00:06:40,luz,3,7,1.36
2025-02-09T00:06:40,luz,4,1,1.29
2025-02-09T00:06:40,luz,4,2,2.39
2025-02-09T00:06:40,luz,4,3,2.29
2025-02-09T00:06:40,luz,4,4,0.53
2025-02-09T00:06:40,luz,4,5,2.95
2025-02-09T00:06:40,luz,4,6,2.56
2025-02-09T00:06:40,luz,4,7,2.77
2025-02-09T00:06:40,luz,5,1,1.55
2025-02-09T00:06:40,luz,5,2,2.58
2025-02-09T00:06:40,luz,5,3,1.5
2025-02-09T00:06:40,luz,5,4,2.1
2025-02-09T00:06:40,luz,5,5,2.68
2025-02-09T00:06:40,luz,5,6,0.74
2025-02-09T00:06:40,luz,5,7,1.15
2025-02-09T00:06:40,luz,6,1,2.65
2025-02-09T00:06:40,luz,6,2,2.16
2025-02-09T00:06:40,luz,6,3,2.31
2025-02-09T00:06:40,luz,6,4,2.62
2025-02-09T00:06:40,luz,6,5,1.88
2025-02-09T00:06:40,luz,6,6,2.78
2025-02-09T00:06:40,luz,6,7,1.09
2025-02-09T00:06:40,agua,1,1,2.59
2025-02-09T00:06:40,agua,1,2,2.81
2025-02-09T00:06:40,agua,1,3,0.05
2025-02-09T00:06:40,agua,1,4,0.37
2025-02-09T00:06:40,agua,1,5,1.57
2025-02-09T00:06:40,agua,1,6,2.34
2025-02-09T00:06:40,agua,1,7,2.69
2025-02-09T00:06:40,agua,2,1,0.22
2025-02-09T00:06:40,agua,2,2,1.02
2025-02-09T00:06:40,agua,2,3,0.71
2025-02-09T00:06:40,agua,2,4,2.59
2025-02-09T00:06:40,agua,2,5,0.02
2025-02-09T00:06:40,agua,2,6,1.34
2025-02-09T00:06:40,agua,2,7,1.29
2025-02-09T00:06:40,agua,3,1,2.75
2025-02-09T00:06:40,agua,3,2,2.53
2025-02-09T00:06:40,agua,3,3,2.08
2025-02-09T00:06:40,agua,3,4,1.07
2025-02-09T00:06:40,agua,3,5,2.12
2025-02-09T00:06:40,agua,3,6,1.87
2025-02-09T00:06:40,agua,3,7,0.89
2025-02-09T00:06:40,agua,4,1,0.47
2025-02-09T00:06:40,agua,4,2,2.21
2025-02-09T00:06:40,agua,4,3,2.1
2025-02-09T00:06:40,agua,4,4,2.08
2025-02-09T00:06:40,agua,4,5,2.18
2025-02-09T00:06:40,agua,4,6,2.19
2025-02-09T00:06:40,agua,4,7,2.08
2025-02-09T00:06:40,agua,5,1,2.61
2025-02-09T00:06:40,agua,5,2,0.83
2025-02-09T00:06:40,agua,5,3,0.09
2025-02-09T00:06:40,agua,5,4,0.24
2025-02-09T00:06:40,agua,5,5,1.26
2025-02-09T00:06:40,agua,5,6,0.76
2025-02-09T00:06:40,agua,5,7,1.59
2025-02-09T00:06:40,agua,6,1,1.22
2025-02-09T00:06:40,agua,6,2,0.62
2025-02-09T00:06:40,agua,6,3,0.43
2025-02-09T00:06:40,agua,6,4,2.77
2025-02-09T00:06:40,agua,6,5,1.18
2025-02-09T00:06:40,agua,6,6,0.23
2025-02-09T00:06:40,agua,6,7,2.52
2025-02-09T00:06:40,gas,1,1,0.87
2025-02-09T00:06:40,gas,1,2,1.28
2025-02-09T00:06:40,gas,1,3,0.08
2025-02-09T00:06:40,gas,2,1,0.76
2025-02-09T00:06:40,gas,2,2,1.27
2025-02-09T00:06:40,gas,2,3,0.34
2025-02-09T00:06:40,gas,3,1,1.33
2025-02-09T00:06:40,gas,3,2,0.05
2025-02-09T00:06:40,gas,3,3,1.94
2025-02-09T00:06:40,gas,4,1,0.14
2025-02-09T00:06:40,gas,4,2,1.01
2025-02-09T00:06:40,gas,4,3,1.38
2025-02-09T00:06:40,temperatura,1,1,24.1
2025-02-09T00:06:40,temperatura,2,1,28.0
2025-02-09T00:06:40,temperatura,3,1,25.1
2025-02-09T00:06:40,temperatura,4,1,29.3
2025-02-09T00:06:40,temperatura,5,1,24.3
2025-02-09T00:06:40,temperatura,6,1,24.8
2025-02-09T00:06:40,movimiento,1,1,6.0
2025-02-09T00:06:40,movimiento,2,1,11.0
2025-02-09T00:06:40,movimiento,3,1,13.0
2025-02-09T00:06:40,movimiento,4,1,7.0
2025-02-09T00:06:40,movimiento,5,1,20.0
2025-02-09T00:06:40,movimiento,6,1,15.0
2025-02-09T00:06:40,huella,1,1,2.0
2025-02-09T00:06:40,huella,2,1,3.0
2025-02-09T00:06:40,huella,3,1,3.0
2025-02-09T00:06:40,huella,4,1,3.0
2025-02-09T00:06:40,huella,5,1,1.0
2025-02-09T00:06:40,huella,6,1,1.0
2025-02-09T00:07:20,luz,1,1,2.56
2025-02-09T00:07:20,luz,1,2,1.15
2025-02-09T00:07:20,luz,1,3,1.13
2025-02-09T00:07:20,luz,1,4,2.19
2025-02-09T00:07:20,luz,1,5,2.77
2025-02-09T00:07:20,luz,1,6,2.7
2025-02-09T00:07:20,luz,1,7,1.64
2025-02-09T00:07:20,luz,2,1,1.05
2025-02-09T00:07:20,luz,2,2,1.67
2025-02-09T00:07:20,luz,2,3,1.87
2025-02-09T00:07:20,luz,2,4,1.75
2025-02-09T00:07:20,luz,2,5,1.31
2025-02-09T00:07:20,luz,2,6,2.42
2025-02-09T00:07:20,luz,2,7,0.56
2025-02-09T00:07:20,luz,3,1,1.62
2025-02-09T00:07:20,luz,3,2,1.39
2025-02-09T00:07:20,luz,3,3,2.97
2025-02-09T00:07:20,luz,3,4,1.72
2025-02-09T00:07:20,luz,3,5,1.41
2025-02-09T00:07:20,luz,3,6,2.47
2025-02-09T00:07:20,luz,3,7,1.31
2025-02-09T00:07:20,luz,4,1,0.51
2025-02-09T00:07:20,luz,4,2,2.01
2025-02-09T00:07:20,luz,4,3,1.66
2025-02-09T00:07:20,luz,4,4,0.82
2025-02-09T00:07:20,luz,4,5,2.27
2025-02-09T00:07:20,luz,4,6,1.17
2025-02-09T00:07:20,luz,4,7,2.43
2025-02-09T00:07:20,luz,5,1,2.47
2025-02-09T00:07:20,luz,5,2,0.76
2025-02-09T00:07:20,luz,5,3,0.95
2025-02-09T00:07:20,luz,5,4,2.59
2025-02-09T00:07:20,luz,5,5,1.01
2025-02-09T00:07:20,luz,5,6,2.98
2025-02-09T00:07:20,luz,5,7,1.53
2025-02-09T00:07:20,luz,6,1,0.99
2025-02-09T00:07:20,luz,6,2,0.54
2025-02-09T00:07:20,luz,6,3,0.75
2025-02-09T00:07:20,luz,6,4,2.75
2025-02-09T00:07:20,luz,6,5,1.78
2025-02-09T00:07:20,luz,6,6,1.34
2025-02-09T00:07:20,luz,6,7,2.19
2025-02-09T00:07:20,agua,1,1,0.67
2025-02-09T00:07:20,agua,1,2,1.77
2025-02-09T00:07:20,agua,1,3,1.3
2025-02-09T00:07:20,agua,1,4,2.97
2025-02-09T00:07:20,agua,1,5,2.92
2025-02-09T00:07:20,agua,1,6,2.98
2025-02-09T00:07:20,agua,1,7,1.54
2025-02-09T00:07:20,agua,2,1,1.84
2025-02-09T00:07:20,agua,2,2,1.27
2025-02-09T00:07:20,agua,2,3,1.28
2025-02-09T00:07:20,agua,2,4,1.78
2025-02-09T00:07:20,agua,2,5,2.33
2025-02-09T00:07:20,agua,2,6,0.76
2025-02-09T00:07:20,agua,2,7,1.77
2025-02-09T00:07:20,agua,3,1,0.73
2025-02-09T00:07:20,agua,3,2,0.14
2025-02-09T00:07:20,agua,3,3,0.71
2025-02-09T00:07:20,agua,3,4,1.38
2025-02-09T00:07:20,agua,3,5,2.42
2025-02-09T00:07:20,agua,3,6,0.86
2025-02-09T00:07:20,agua,3,7,2.03
2025-02-09T00:07:20,agua,4,1,1.2
2025-02-09T00:07:20,agua,4,2,2.94
2025-02-09T00:07:20,agua,4,3,1.8
2025-02-09T00:07:20,agua,4,4,1.76
2025-02-09T00:07:20,agua,4,5,2.63
2025-02-09T00:07:20,agua,4,6,2.43
2025-02-09T00:07:20,agua,4,7,0.57
2025-02-09T00:07:20,agua,5,1,0.11
2025-02-09T00:07:20,agua,5,2,0.23
2025-02-09T00:07:20,agua,5,3,1.98
2025-02-09T00:07:20,agua,5,4,2.37
2025-02-09T00:07:20,agua,5,5,1.02
2025-02-09T00:07:20,agua,5,6,0.68
2025-02-09T00:07:20,agua,5,7,0.58
2025-02-09T00:07:20,agua,6,1,2.67
2025-02-09T00:07:20,agua,6,2,1.18
2025-02-09T00:07:20,agua,6,3,0.25
2025-02-09T00:07:20,agua,6,4,2.64
2025-02-09T00:07:20,agua,6,5,1.33
2025-02-09T00:07:20,agua,6,6,0.07
2025-02-09T00:07:20,agua,6,7,0.5
2025-02-09T00:07:20,gas,1,1,1.13
2025-02-09T00:07:20,gas,1,2,0.53
2025-02-09T00:07:20,gas,1,3,0.27
2025-02-09T00:07:20,gas,2,1,1.24
2025-02-09T00:07:20,gas,2,2,1.05
2025-02-09T00:07:20,gas,2,3,0.26
2025-02-09T00:07:20,gas,3,1,0.24
2025-02-09T00:07:20,gas,3,2,1.87
2025-02-09T00:07:20,gas,3,3,0.13
2025-02-09T00:07:20,gas,4,1,0.76
2025-02-09T00:07:20,gas,4,2,0.93
2025-02-09T00:07:20,gas,4,3,1.83
2025-02-09T00:07:20,temperatura,1,1,23.9
2025-02-09T00:07:20,temperatura,2,1,24.7
2025-02-09T00:07:20,temperatura,3,1,21.4
2025-02-09T00:07:20,temperatura,4,1,28.4
2025-02-09T00:07:20,temperatura,5,1,23.1
2025-02-09T00:07:20,temperatura,6,1,27.6
2025-02-09T00:07:20,movimiento,1,1,10.0
2025-02-09T00:07:20,movimiento,2,1,7.0
2025-02-09T00:07:20,movimiento,3,1,8.0
2025-02-09T00:07:20,movimiento,4,1,18.0
2025-02-09T00:07:20,movimiento,5,1,11.0
2025-02-09T00:07:20,movimiento,6,1,9.0
2025-02-09T00:07:20,huella,1,1,1.0
2025-02-09T00:07:20,huella,2,1,3.0
2025-02-09T00:07:20,huella,3,1,2.0
2025-02-09T00:07:20,huella,4,1,2.0
2025-02-09T00:07:20,huella,5,1,3.0
2025-02-09T00:07:20,huella,6,1,2.0
2025-02-09T00:08:00,luz,1,1,2.8
2025-02-09T00:08:00,luz,1,2,2.04
2025-02-09T00:08:00,luz,1,3,1.66
2025-02-09T00:08:00,luz,1,4,2.53
2025-02-09T00:08:00,luz,1,5,1.22
2025-02-09T00:08:00,luz,1,6,2.0
2025-02-09T00:08:00,luz,1,7,1.71
2025-02-09T00:08:00,luz,2,1,1.74
2025-02-09T00:08:00,luz,2,2,1.88
2025-02-09T00:08:00,luz,2,3,1.92
2025-02-09T00:08:00,luz,2,4,1.89
2025-02-09T00:08:00,luz,2,5,2.99
2025-02-09T00:08:00,luz,2,6,1.08
2025-02-09T00:08:00,luz,2,7,1.69
2025-02-09T00:08:00,luz,3,1,2.43
2025-02-09T00:08:00,luz,3,2,0.59
2025-02-09T00:08:00,luz,3,3,1.24
2025-02-09T00:08:00,luz,3,4,1.54
2025-02-09T00:08:00,luz,3,5,0.75
2025-02-09T00:08:00,luz,3,6,2.03
2025-02-09T00:08:00,luz,3,7,1.97
2025-02-09T00:08:00,luz,4,1,2.61
2025-02-09T00:08:00,luz,4,2,2.02
2025-02-09T00:08:00,luz,4,3,2.25
2025-02-09T00:08:00,luz,4,4,0.9
2025-02-09T00:08:00,luz,4,5,2.68
2025-02-09T00:08:00,luz,4,6,1.56
2025-02-09T00:08:00,luz,4,7,2.13
2025-02-09T00:08:00,luz,5,1,2.31
2025-02-09T00:08:00,luz,5,2,2.13
2025-02-09T00:08:00,luz,5,3,1.1
2025-02-09T00:08:00,luz,5,4,1.47
2025-02-09T00:08:00,luz,5,5,2.77
2025-02-09T00:08:00,luz,5,6,0.9
2025-02-09T00:08:00,luz,5,7,2.51
2025-02-09T00:08:00,luz,6,1,2.97
2025-02-09T00:08:00,luz,6,2,2.12
2025-02-09T00:08:00,luz,6,3,1.35
2025-02-09T00:08:00,luz,6,4,1.61
2025-02-09T00:08:00,luz,6,5,1.19
2025-02-09T00:08:00,luz,6,6,2.72
2025-02-09T00:08:00,luz,6,7,0.74
2025-02-09T00:08:00,agua,1,1,0.88
2025-02-09T00:08:00,agua,1,2,2.26
2025-02-09T00:08:00,agua,1,3,0.96
2025-02-09T00:08:00,agua,1,4,2.36
2025-02-09T00:08:00,agua,1,5,1.07
2025-02-09T00:08:00,agua,1,6,0.28
2025-02-09T00:08:00,agua,1,7,2.79
2025-02-09T00:08:00,agua,2,1,1.6
2025-02-09T00:08:00,agua,2,2,2.4
2025-02-09T00:08:00,agua,2,3,2.95
2025-02-09T00:08:00,agua,2,4,0.72
2025-02-09T00:08:00,agua,2,5,0.71
2025-02-09T00:08:00,agua,2,6,1.34
2025-02-09T00:08:00,agua,2,7,0.67
2025-02-09T00:08:00,agua,3,1,1.63
2025-02-09T00:08:00,agua,3,2,2.86
2025-02-09T00:08:00,agua,3,3,1.13
2025-02-09T00:08:00,agua,3,4,2.11
2025-02-09T00:08:00,agua,3,5,2.31
2025-02-09T00:08:00,agua,3,6,0.06
2025-02-09T00:08:00,agua,3,7,1.53
2025-02-09T00:08:00,agua,4,1,1.25
2025-02-09T00:08:00,agua,4,2,2.34
2025-02-09T00:08:00,agua,4,3,1.01
2025-02-09T00:08:00,agua,4,4,2.1
2025-02-09T00:08:00,agua,4,5,0.94
2025-02-09T00:08:00,agua,4,6,2.26
2025-02-09T00:08:00,agua,4,7,2.59
2025-02-09T00:08:00,agua,5,1,0.31
2025-02-09T00:08:00,agua,5,2,0.1
2025-02-09T00:08:00,agua,5,3,1.34
2025-02-09T00:08:00,agua,5,4,0.05
2025-02-09T00:08:00,agua,5,5,1.51
2025-02-09T00:08:00,agua,5,6,1.41
2025-02-09T00:08:00,agua,5,7,2.04
2025-02-09T00:08:00,agua,6,1,2.77
2025-02-09T00:08:00,agua,6,2,0.46
2025-02-09T00:08:00,agua,6,3,2.08
2025-02-09T00:08:00,agua,6,4,0.46
2025-02-09T00:08:00,agua,6,5,2.23
2025-02-09T00:08:00,agua,6,6,1.16
2025-02-09T00:08:00,agua,6,7,0.1
2025-02-09T00:08:00,gas,1,1,0.96
2025-02-09T00:08:00,gas,1,2,1.18
2025-02-09T00:08:00,gas,1,3,1.86
2025-02-09T00:08:00,gas,2,1,0.46
2025-02-09T00:08:00,gas,2,2,1.98
2025-02-09T00:08:00,gas,2,3,0.12
2025-02-09T00:08:00,gas,3,1,1.16
2025-02-09T00:08:00,gas,3,2,1.71
2025-02-09T00:08:00,gas,3,3,1.66
2025-02-09T00:08:00,gas,4,1,1.8
2025-02-09T00:08:00,gas,4,2,0.68
2025-02-09T00:08:00,gas,4,3,1.56
2025-02-09T00:08:00,temperatura,1,1,22.5
2025-02-09T00:08:00,temperatura,2,1,24.3
2025-02-09T00:08:00,temperatura,3,1,26.2
2025-02-09T00:08:00,temperatura,4,1,25.5
2025-02-09T00:08:00,temperatura,5,1,25.9
2025-02-09T00:08:00,temperatura,6,1,24.8
2025-02-09T00:08:00,movimiento,1,1,20.0
2025-02-09T00:08:00,movimiento,2,1,13.0
2025-02-09T00:08:00,movimiento,3,1,14.0
2025-02-09T00:08:00,movimiento,4,1,16.0
2025-02-09T00:08:00,movimiento,5,1,17.0
2025-02-09T00:08:00,movimiento,6,1,14.0
2025-02-09T00:08:00,huella,1,1,3.0
2025-02-09T00:08:00,huella,2,1,1.0
2025-02-09T00:08:00,huella,3,1,2.0
2025-02-09T00:08:00,huella,4,1,2.0
2025-02-09T00:08:00,huella,5,1,1.0
2025-02-09T00:08:00,huella,6,1,2.0
2025-02-09T00:08:40,luz,1,1,2.31
2025-02-09T00:08:40,luz,1,2,1.0
2025-02-09T00:08:40,luz,1,3,2.47
2025-02-09T00:08:40,luz,1,4,0.93
2025-02-09T00:08:40,luz,1,5,2.74
2025-02-09T00:08:40,luz,1,6,2.84
2025-02-09T00:08:40,luz,1,7,2.09
2025-02-09T00:08:40,luz,2,1,2.85
2025-02-09T00:08:40,luz,2,2,2.12
2025-02-09T00:08:40,luz,2,3,2.92
2025-02-09T00:08:40,luz,2,4,1.47
2025-02-09T00:08:40,luz,2,5,1.92
2025-02-09T00:08:40,luz,2,6,0.52
2025-02-09T00:08:40,luz,2,7,2.91
2025-02-09T00:08:40,luz,3,1,0.55
2025-02-09T00:08:40,luz,3,2,1.17
2025-02-09T00:08:40,luz,3,3,1.95
2025-02-09T00:08:40,luz,3,4,1.39
2025-02-09T00:08:40,luz,3,5,0.93
2025-02-09T00:08:40,luz,3,6,2.32
2025-02-09T00:08:40,luz,3,7,1.55
2025-02-09T00:08:40,luz,4,1,1.95
2025-02-09T00:08:40,luz,4,2,1.2
2025-02-09T00:08:40,luz,4,3,1.59
2025-02-09T00:08:40,luz,4,4,0.8
2025-02-09T00:08:40,luz,4,5,1.96
2025-02-09T00:08:40,luz,4,6,2.56
2025-02-09T00:08:40,luz,4,7,2.95
2025-02-09T00:08:40,luz,5,1,2.27
2025-02-09T00:08:40,luz,5,2,1.36
2025-02-09T00:08:40,luz,5,3,1.27
2025-02-09T00:08:40,luz,5,4,2.06
2025-02-09T00:08:40,luz,5,5,2.89
2025-02-09T00:08:40,luz,5,6,1.92
2025-02-09T00:08:40,luz,5,7,0.72
2025-02-09T00:08:40,luz,6,1,0.99
2025-02-09T00:08:40,luz,6,2,1.76
2025-02-09T00:08:40,luz,6,3,1.07
2025-02-09T00:08:40,luz,6,4,2.39
2025-02-09T00:08:40,luz,6,5,0.72
2025-02-09T00:08:40,luz,6,6,1.1
2025-02-09T00:08:40,luz,6,7,2.71
2025-02-09T00:08:40,agua,1,1,1.97
2025-02-09T00:08:40,agua,1,2,1.19
2025-02-09T00:08:40,agua,1,3,0.69
2025-02-09T00:08:40,agua,1,4,2.42
2025-02-09T00:08:40,agua,1,5,2.25
2025-02-09T00:08:40,agua,1,6,0.79
2025-02-09T00:08:40,agua,1,7,1.87
2025-02-09T00:08:40,agua,2,1,2.33
2025-02-09T00:08:40,agua,2,2,2.96
2025-02-09T00:08:40,agua,2,3,2.08
2025-02-09T00:08:40,agua,2,4,2.14
2025-02-09T00:08:40,agua,2,5,0.63
2025-02-09T00:08:40,agua,2,6,0.89
2025-02-09T00:08:40,agua,2,7,1.13
2025-02-09T00:08:40,agua,3,1,1.39
2025-02-09T00:08:40,agua,3,2,2.36
2025-02-09T00:08:40,agua,3,3,2.67
2025-02-09T00:08:40,agua,3,4,0.7
2025-02-09T00:08:40,agua,3,5,2.27
2025-02-09T00:08:40,agua,3,6,0.43
2025-02-09T00:08:40,agua,3,7,2.72
2025-02-09T00:08:40,agua,4,1,0.41
2025-02-09T00:08:40,agua,4,2,0.13
2025-02-09T00:08:40,agua,4,3,0.68
2025-02-09T00:08:40,agua,4,4,2.7
2025-02-09T00:08:40,agua,4,5,0.04
2025-02-09T00:08:40,agua,4,6,0.36
2025-02-09T00:08:40,agua,4,7,1.49
2025-02-09T00:08:40,agua,5,1,1.62
2025-02-09T00:08:40,agua,5,2,2.97
2025-02-09T00:08:40,agua,5,3,0.64
2025-02-09T00:08:40,agua,5,4,2.97
2025-02-09T00:08:40,agua,5,5,2.83
2025-02-09T00:08:40,agua,5,6,0.12
2025-02-09T00:08:40,agua,5,7,0.63
2025-02-09T00:08:40,agua,6,1,0.63
2025-02-09T00:08:40,agua,6,2,0.92
2025-02-09T00:08:40,agua,6,3,0.73
2025-02-09T00:08:40,agua,6,4,1.32
2025-02-09T00:08:40,agua,6,5,2.02
2025-02-09T00:08:40,agua,6,6,2.21
2025-02-09T00:08:40,agua,6,7,2.07
2025-02-09T00:08:40,gas,1,1,0.22
2025-02-09T00:08:40,gas,1,2,1.1
2025-02-09T00:08:40,gas,1,3,1.73
2025-02-09T00:08:40,gas,2,1,0.83
2025-02-09T00:08:40,gas,2,2,0.19
2025-02-09T00:08:40,gas,2,3,1.58
2025-02-09T00:08:40,gas,3,1,1.93
2025-02-09T00:08:40,gas,3,2,1.66
2025-02-09T00:08:40,gas,3,3,1.58
2025-02-09T00:08:40,gas,4,1,0.29
2025-02-09T00:08:40,gas,4,2,1.41
2025-02-09T00:08:40,gas,4,3,1.88
2025-02-09T00:08:40,temperatura,1,1,29.0
2025-02-09T00:08:40,temperatura,2,1,27.7
2025-02-09T00:08:40,temperatura,3,1,20.0
2025-02-09T00:08:40,temperatura,4,1,24.6
2025-02-09T00:08:40,temperatura,5,1,27.2
2025-02-09T00:08:40,temperatura,6,1,25.1
2025-02-09T00:08:40,movimiento,1,1,11.0
2025-02-09T00:08:40,movimiento,2,1,6.0
2025-02-09T00:08:40,movimiento,3,1,20.0
2025-02-09T00:08:40,movimiento,4,1,7.0
2025-02-09T00:08:40,movimiento,5,1,7.0
2025-02-09T00:08:40,movimiento,6,1,19.0
2025-02-09T00:08:40,huella,1,1,3.0
2025-02-09T00:08:40,huella,2,1,3.0
2025-02-09T00:08:40,huella,3,1,3.0
2025-02-09T00:08:40,huella,4,1,3.0
2025-02-09T00:08:40,huella,5,1,0.0
2025-02-09T00:08:40,huella,6,1,2.0
2025-02-09T00:09:20,luz,1,1,1.91
2025-02-09T00:09:20,luz,1,2,0.74
2025-02-09T00:09:20,luz,1,3,2.67
2025-02-09T00:09:20,luz,1,4,2.45
2025-02-09T00:09:20,luz,1,5,1.8
2025-02-09T00:09:20,luz,1,6,1.83
2025-02-09T00:09:20,luz,1,7,1.83
2025-02-09T00:09:20,luz,2,1,2.67
2025-02-09T00:09:20,luz,2,2,2.63
2025-02-09T00:09:20,luz,2,3,0.83
2025-02-09T00:09:20,luz,2,4,1.5
2025-02-09T00:09:20,luz,2,5,2.89
2025-02-09T00:09:20,luz,2,6,1.4
2025-02-09T00:09:20,luz,2,7,2.53
2025-02-09T00:09:20,luz,3,1,1.01
2025-02-09T00:09:20,luz,3,2,2.51
2025-02-09T00:09:20,luz,3,3,2.37
2025-02-09T00:09:20,luz,3,4,3.0
2025-02-09T00:09:20,luz,3,5,1.87
2025-02-09T00:09:20,luz,3,6,2.99
2025-02-09T00:09:20,luz,3,7,1.83
2025-02-09T00:09:20,luz,4,1,2.74
2025-02-09T00:09:20,luz,4,2,0.75
2025-02-09T00:09:20,luz,4,3,1.18
2025-02-09T00:09:20,luz,4,4,0.9
2025-02-09T00:09:20,luz,4,5,1.94
2025-02-09T00:09:20,luz,4,6,2.61
2025-02-09T00:09:20,luz,4,7,2.47
2025-02-09T00:09:20,luz,5,1,1.79
2025-02-09T00:09:20,luz,5,2,0.58
2025-02-09T00:09:20,luz,5,3,2.1
2025-02-09T00:09:20,luz,5,4,1.08
2025-02-09T00:09:20,luz,5,5,1.33
2025-02-09T00:09:20,luz,5,6,0.97
2025-02-09T00:09:20,luz,5,7,2.4
2025-02-09T00:09:20,luz,6,1,1.1
2025-02-09T00:09:20,luz,6,2,1.53
2025-02-09T00:09:20,luz,6,3,2.51
2025-02-09T00:09:20,luz,6,4,1.57
2025-02-09T00:09:20,luz,6,5,2.47
2025-02-09T00:09:20,luz,6,6,1.8
2025-02-09T00:09:20,luz,6,7,0.51
2025-02-09T00:09:20,agua,1,1,0.8
2025-02-09T00:09:20,agua,1,2,0.19
2025-02-09T00:09:20,agua,1,3,1.25
2025-02-09T00:09:20,agua,1,4,1.69
2025-02-09T00:09:20,agua,1,5,1.14
2025-02-09T00:09:20,agua,1,6,0.18
2025-02-09T00:09:20,agua,1,7,0.07
2025-02-09T00:09:20,agua,2,1,2.33
2025-02-09T00:09:20,agua,2,2,1.27
2025-02-09T00:09:20,agua,2,3,2.91
2025-02-09T00:09:20,agua,2,4,1.74
2025-02-09T00:09:20,agua,2,5,0.29
2025-02-09T00:09:20,agua,2,6,1.54
2025-02-09T00:09:20,agua,2,7,0.89
2025-02-09T00:09:20,agua,3,1,1.09
2025-02-09T00:09:20,agua,3,2,2.05
2025-02-09T00:09:20,agua,3,3,1.39
2025-02-09T00:09:20,agua,3,4,1.65
2025-02-09T00:09:20,agua,3,5,1.27
2025-02-09T00:09:20,agua,3,6,2.71
2025-02-09T00:09:20,agua,3,7,2.24
2025-02-09T00:09:20,agua,4,1,2.14
2025-02-09T00:09:20,agua,4,2,1.43
2025-02-09T00:09:20,agua,4,3,1.09
2025-02-09T00:09:20,agua,4,4,0.31
2025-02-09T00:09:20,agua,4,5,1.18
2025-02-09T00:09:20,agua,4,6,0.61
2025-02-09T00:09:20,agua,4,7,0.85
2025-02-09T00:09:20,agua,5,1,1.8
2025-02-09T00:09:20,agua,5,2,0.46
2025-02-09T00:09:20,agua,5,3,0.05
2025-02-09T00:09:20,agua,5,4,1.91
2025-02-09T00:09:20,agua,5,5,1.85
2025-02-09T00:09:20,agua,5,6,2.13
2025-02-09T00:09:20,agua,5,7,0.35
2025-02-09T00:09:20,agua,6,1,2.8
2025-02-09T00:09:20,agua,6,2,0.48
2025-02-09T00:09:20,agua,6,3,0.08
2025-02-09T00:09:20,agua,6,4,2.33
2025-02-09T00:09:20,agua,6,5,1.45
2025-02-09T00:09:20,agua,6,6,0.77
2025-02-09T00:09:20,agua,6,7,1.31
2025-02-09T00:09:20,gas,1,1,0.85
2025-02-09T00:09:20,gas,1,2,1.54
2025-02-09T00:09:20,gas,1,3,1.49
2025-02-09T00:09:20,gas,2,1,0.01
2025-02-09T00:09:20,gas,2,2,1.21
2025-02-09T00:09:20,gas,2,3,0.95
2025-02-09T00:09:20,gas,3,1,1.8
2025-02-09T00:09:20,gas,3,2,0.03
2025-02-09T00:09:20,gas,3,3,0.73
2025-02-09T00:09:20,gas,4,1,1.09
2025-02-09T00:09:20,gas,4,2,1.25
2025-02-09T00:09:20,gas,4,3,0.79
2025-02-09T00:09:20,temperatura,1,1,25.8
2025-02-09T00:09:20,temperatura,2,1,23.6
2025-02-09T00:09:20,temperatura,3,1,27.0
2025-02-09T00:09:20,temperatura,4,1,24.8
2025-02-09T00:09:20,temperatura,5,1,25.0
2025-02-09T00:09:20,temperatura,6,1,28.3
2025-02-09T00:09:20,movimiento,1,1,7.0
2025-02-09T00:09:20,movimiento,2,1,7.0
2025-02-09T00:09:20,movimiento,3,1,15.0
2025-02-09T00:09:20,movimiento,4,1,11.0
2025-02-09T00:09:20,movimiento,5,1,13.0
2025-02-09T00:09:20,movimiento,6,1,16.0
2025-02-09T00:09:20,huella,1,1,1.0
2025-02-09T00:09:20,huella,2,1,2.0
2025-02-09T00:09:20,huella,3,1,1.0
2025-02-09T00:09:20,huella,4,1,1.0
2025-02-09T00:09:20,huella,5,1,2.0
2025-02-09T00:09:20,huella,6,1,3.0
2025-02-09T00:10:00,luz,1,1,2.05
2025-02-09T00:10:00,luz,1,2,2.45
2025-02-09T00:10:00,luz,1,3,1.77
2025-02-09T00:10:00,luz,1,4,1.66
2025-02-09T00:10:00,luz,1,5,2.78
2025-02-09T00:10:00,luz,1,6,1.64
2025-02-09T00:10:00,luz,1,7,1.28
2025-02-09T00:10:00,luz,2,1,1.73
2025-02-09T00:10:00,luz,2,2,2.62
2025-02-09T00:10:00,luz,2,3,0.67
2025-02-09T00:10:00,luz,2,4,2.4
2025-02-09T00:10:00,luz,2,5,2.78
2025-02-09T00:10:00,luz,2,6,0.75
2025-02-09T00:10:00,luz,2,7,2.94
2025-02-09T00:10:00,luz,3,1,1.28
2025-02-09T00:10:00,luz,3,2,1.54
2025-02-09T00:10:00,luz,3,3,1.0
2025-02-09T00:10:00,luz,3,4,2.44
2025-02-09T00:10:00,luz,3,5,2.13
2025-02-09T00:10:00,luz,3,6,2.96
2025-02-09T00:10:00,luz,3,7,1.49
2025-02-09T00:10:00,luz,4,1,2.91
2025-02-09T00:10:00,luz,4,2,2.45
2025-02-09T00:10:00,luz,4,3,2.56
2025-02-09T00:10:00,luz,4,4,2.68
2025-02-09T00:10:00,luz,4,5,1.17
2025-02-09T00:10:00,luz,4,6,2.85
2025-02-09T00:10:00,luz,4,7,1.59
2025-02-09T00:10:00,luz,5,1,0.71
2025-02-09T00:10:00,luz,5,2,2.52
2025-02-09T00:10:00,luz,5,3,0.72
2025-02-09T00:10:00,luz,5,4,1.92
2025-02-09T00:10:00,luz,5,5,1.21
2025-02-09T00:10:00,luz,5,6,1.75
2025-02-09T00:10:00,luz,5,7,0.55
2025-02-09T00:10:00,luz,6,1,1.56
2025-02-09T00:10:00,luz,6,2,2.34
2025-02-09T00:10:00,luz,6,3,2.57
2025-02-09T00:10:00,luz,6,4,1.13
2025-02-09T00:10:00,luz,6,5,1.1
2025-02-09T00:10:00,luz,6,6,1.87
2025-02-09T00:10:00,luz,6,7,0.95
2025-02-09T00:10:00,agua,1,1,2.04
2025-02-09T00:10:00,agua,1,2,0.07
2025-02-09T00:10:00,agua,1,3,1.65
2025-02-09T00:10:00,agua,1,4,0.16
2025-02-09T00:10:00,agua,1,5,1.64
2025-02-09T00:10:00,agua,1,6,1.64
2025-02-09T00:10:00,agua,1,7,1.52
2025-02-09T00:10:00,agua,2,1,2.48
2025-02-09T00:10:00,agua,2,2,1.62
2025-02-09T00:10:00,agua,2,3,2.69
2025-02-09T00:10:00,agua,2,4,2.08
2025-02-09T00:10:00,agua,2,5,1.78
2025-02-09T00:10:00,agua,2,6,1.23
2025-02-09T00:10:00,agua,2,7,2.59
2025-02-09T00:10:00,agua,3,1,1.0
2025-02-09T00:10:00,agua,3,2,1.27
2025-02-09T00:10:00,agua,3,3,1.91
2025-02-09T00:10:00,agua,3,4,1.04
2025-02-09T00:10:00,agua,3,5,1.68
2025-02-09T00:10:00,agua,3,6,2.25
2025-02-09T00:10:00,agua,3,7,1.82
2025-02-09T00:10:00,agua,4,1,2.52
2025-02-09T00:10:00,agua,4,2,2.43
2025-02-09T00:10:00,agua,4,3,1.92
2025-02-09T00:10:00,agua,4,4,0.8
2025-02-09T00:10:00,agua,4,5,2.92
2025-02-09T00:10:00,agua,4,6,1.61
2025-02-09T00:10:00,agua,4,7,0.17
2025-02-09T00:10:00,agua,5,1,0.14
2025-02-09T00:10:00,agua,5,2,2.47
2025-02-09T00:10:00,agua,5,3,0.16
2025-02-09T00:10:00,agua,5,4,2.97
2025-02-09T00:10:00,agua,5,5,2.74
2025-02-09T00:10:00,agua,5,6,2.1
2025-02-09T00:10:00,agua,5,7,0.46
2025-02-09T00:10:00,agua,6,1,2.31
2025-02-09T00:10:00,agua,6,2,0.93
2025-02-09T00:10:00,agua,6,3,0.07
2025-02-09T00:10:00,agua,6,4,2.78
2025-02-09T00:10:00,agua,6,5,1.7
2025-02-09T00:10:00,agua,6,6,1.29
2025-02-09T00:10:00,agua,6,7,1.37
2025-02-09T00:10:00,gas,1,1,0.11
2025-02-09T00:10:00,gas,1,2,0.09
2025-02-09T00:10:00,gas,1,3,0.56
2025-02-09T00:10:00,gas,2,1,1.17
2025-02-09T00:10:00,gas,2,2,0.72
2025-02-09T00:10:00,gas,2,3,0.53
2025-02-09T00:10:00,gas,3,1,1.3
2025-02-09T00:10:00,gas,3,2,0.17
2025-02-09T00:10:00,gas,3,3,1.12
2025-02-09T00:10:00,gas,4,1,0.92
2025-02-09T00:10:00,gas,4,2,0.85
2025-02-09T00:10:00,gas,4,3,0.28
2025-02-09T00:10:00,temperatura,1,1,22.9
2025-02-09T00:10:00,temperatura,2,1,26.7
2025-02-09T00:10:00,temperatura,3,1,29.4
2025-02-09T00:10:00,temperatura,4,1,22.1
2025-02-09T00:10:00,temperatura,5,1,24.3
2025-02-09T00:10:00,temperatura,6,1,20.3
2025-02-09T00:10:00,movimiento,1,1,13.0
2025-02-09T00:10:00,movimiento,2,1,9.0
2025-02-09T00:10:00,movimiento,3,1,14.0
2025-02-09T00:10:00,movimiento,4,1,20.0
2025-02-09T00:10:00,movimiento,5,1,15.0
2025-02-09T00:10:00,movimiento,6,1,20.0
2025-02-09T00:10:00,huella,1,1,3.0
2025-02-09T00:10:00,huella,2,1,0.0
2025-02-09T00:10:00,huella,3,1,2.0
2025-02-09T00:10:00,huella,4,1,1.0
2025-02-09T00:10:00,huella,5,1,2.0
2025-02-09T00:10:00,huella,6,1,2.0
2025-02-09T00:10:40,luz,1,1,2.91
2025-02-09T00:10:40,luz,1,2,0.57
2025-02-09T00:10:40,luz,1,3,1.58
2025-02-09T00:10:40,luz,1,4,1.33
2025-02-09T00:10:40,luz,1,5,1.02
2025-02-09T00:10:40,luz,1,6,2.98
2025-02-09T00:10:40,luz,1,7,1.23
2025-02-09T00:10:40,luz,2,1,1.44
2025-02-09T00:10:40,luz,2,2,2.34
2025-02-09T00:10:40,luz,2,3,2.18
2025-02-09T00:10:40,luz,2,4,0.97
2025-02-09T00:10:40,luz,2,5,2.68
2025-02-09T00:10:40,luz,2,6,1.92
2025-02-09T00:10:40,luz,2,7,0.9
2025-02-09T00:10:40,luz,3,1,0.9
2025-02-09T00:10:40,luz,3,2,0.84
2025-02-09T00:10:40,luz,3,3,0.54
2025-02-09T00:10:40,luz,3,4,1.54
2025-02-09T00:10:40,luz,3,5,2.52
2025-02-09T00:10:40,luz,3,6,2.55
2025-02-09T00:10:40,luz,3,7,1.17
2025-02-09T00:10:40,luz,4,1,2.38
2025-02-09T00:10:40,luz,4,2,2.02
2025-02-09T00:10:40,luz,4,3,2.33
2025-02-09T00:10:40,luz,4,4,2.2
2025-02-09T00:10:40,luz,4,5,1.77
2025-02-09T00:10:40,luz,4,6,2.19
2025-02-09T00:10:40,luz,4,7,1.98
2025-02-09T00:10:40,luz,5,1,0.56
2025-02-09T00:10:40,luz,5,2,2.85
2025-02-09T00:10:40,luz,5,3,2.6
2025-02-09T00:10:40,luz,5,4,0.82
2025-02-09T00:10:40,luz,5,5,1.6
2025-02-09T00:10:40,luz,5,6,0.79
2025-02-09T00:10:40,luz,5,7,0.81
2025-02-09T00:10:40,luz,6,1,1.35
2025-02-09T00:10:40,luz,6,2,2.01
2025-02-09T00:10:40,luz,6,3,2.43
2025-02-09T00:10:40,luz,6,4,1.04
2025-02-09T00:10:40,luz,6,5,1.96
2025-02-09T00:10:40,luz,6,6,2.14
2025-02-09T00:10:40,luz,6,7,0.75
2025-02-09T00:10:40,agua,1,1,0.69
2025-02-09T00:10:40,agua,1,2,0.44
2025-02-09T00:10:40,agua,1,3,0.28
2025-02-09T00:10:40,agua,1,4,1.24
2025-02-09T00:10:40,agua,1,5,1.48
2025-02-09T00:10:40,agua,1,6,2.04
2025-02-09T00:10:40,agua,1,7,1.59
2025-02-09T00:10:40,agua,2,1,1.21
2025-02-09T00:10:40,agua,2,2,0.06
2025-02-09T00:10:40,agua,2,3,0.34
2025-02-09T00:10:40,agua,2,4,0.49
2025-02-09T00:10:40,agua,2,5,1.5
2025-02-09T00:10:40,agua,2,6,2.78
2025-02-09T00:10:40,agua,2,7,0.04
2025-02-09T00:10:40,agua,3,1,2.52
2025-02-09T00:10:40,agua,3,2,1.41
2025-02-09T00:10:40,agua,3,3,2.52
2025-02-09T00:10:40,agua,3,4,1.6
2025-02-09T00:10:40,agua,3,5,2.44
2025-02-09T00:10:40,agua,3,6,1.24
2025-02-09T00:10:40,agua,3,7,0.62
2025-02-09T00:10:40,agua,4,1,0.11
2025-02-09T00:10:40,agua,4,2,0.73
2025-02-09T00:10:40,agua,4,3,0.81
2025-02-09T00:10:40,agua,4,4,1.26
2025-02-09T00:10:40,agua,4,5,2.85
2025-02-09T00:10:40,agua,4,6,0.26
2025-02-09T00:10:40,agua,4,7,1.68
2025-02-09T00:10:40,agua,5,1,0.53
2025-02-09T00:10:40,agua,5,2,1.78
2025-02-09T00:10:40,agua,5,3,1.08
2025-02-09T00:10:40,agua,5,4,1.04
2025-02-09T00:10:40,agua,5,5,2.3
2025-02-09T00:10:40,agua,5,6,2.63
2025-02-09T00:10:40,agua,5,7,0.32
2025-02-09T00:10:40,agua,6,1,2.45
2025-02-09T00:10:40,agua,6,2,1.09
2025-02-09T00:10:40,agua,6,3,2.91
2025-02-09T00:10:40,agua,6,4,0.96
2025-02-09T00:10:40,agua,6,5,0.4
2025-02-09T00:10:40,agua,6,6,0.94
2025-02-09T00:10:40,agua,6,7,2.03
2025-02-09T00:10:40,gas,1,1,1.15
2025-02-09T00:10:40,gas,1,2,1.23
2025-02-09T00:10:40,gas,1,3,0.36
2025-02-09T00:10:40,gas,2,1,0.4
2025-02-09T00:10:40,gas,2,2,1.75
2025-02-09T00:10:40,gas,2,3,1.87
2025-02-09T00:10:40,gas,3,1,0.3
2025-02-09T00:10:40,gas,3,2,1.08
2025-02-09T00:10:40,gas,3,3,0.23
2025-02-09T00:10:40,gas,4,1,1.76
2025-02-09T00:10:40,gas,4,2,0.96
2025-02-09T00:10:40,gas,4,3,0.03
2025-02-09T00:10:40,temperatura,1,1,23.2
2025-02-09T00:10:40,temperatura,2,1,26.2
2025-02-09T00:10:40,temperatura,3,1,27.9
2025-02-09T00:10:40,temperatura,4,1,25.3
2025-02-09T00:10:40,temperatura,5,1,27.6
2025-02-09T00:10:40,temperatura,6,1,28.0
2025-02-09T00:10:40,movimiento,1,1,10.0
2025-02-09T00:10:40,movimiento,2,1,19.0
2025-02-09T00:10:40,movimiento,3,1,13.0
2025-02-09T00:10:40,movimiento,4,1,8.0
2025-02-09T00:10:40,movimiento,5,1,8.0
2025-02-09T00:10:40,movimiento,6,1,17.0
2025-02-09T00:10:40,huella,1,1,0.0
2025-02-09T00:10:40,huella,2,1,3.0
2025-02-09T00:10:40,huella,3,1,1.0
2025-02-09T00:10:40,huella,4,1,3.0
2025-02-09T00:10:40,huella,5,1,3.0
2025-02-09T00:10:40,huella,6,1,1.0
2025-02-09T00:11:20,luz,1,1,2.61
2025-02-09T00:11:20,luz,1,2,1.1
2025-02-09T00:11:20,luz,1,3,0.72
2025-02-09T00:11:20,luz,1,4,2.25
2025-02-09T00:11:20,luz,1,5,1.3
2025-02-09T00:11:20,luz,1,6,2.68
2025-02-09T00:11:20,luz,1,7,0.86
2025-02-09T00:11:20,luz,2,1,0.58
2025-02-09T00:11:20,luz,2,2,2.06
2025-02-09T00:11:20,luz,2,3,1.76
2025-02-09T00:11:20,luz,2,4,2.78
2025-02-09T00:11:20,luz,2,5,0.9
2025-02-09T00:11:20,luz,2,6,1.47
2025-02-09T00:11:20,luz,2,7,2.97
2025-02-09T00:11:20,luz,3,1,1.33
2025-02-09T00:11:20,luz,3,2,1.58
2025-02-09T00:11:20,luz,3,3,1.11
2025-02-09T00:11:20,luz,3,4,1.69
2025-02-09T00:11:20,luz,3,5,2.56
2025-02-09T00:11:20,luz,3,6,2.18
2025-02-09T00:11:20,luz,3,7,2.59
2025-02-09T00:11:20,luz,4,1,2.18
2025-02-09T00:11:20,luz,4,2,1.3
2025-02-09T00:11:20,luz,4,3,2.35
2025-02-09T00:11:20,luz,4,4,2.44
2025-02-09T00:11:20,luz,4,5,1.53
2025-02-09T00:11:20,luz,4,6,0.99
2025-02-09T00:11:20,luz,4,7,0.71
2025-02-09T00:11:20,luz,5,1,2.34
2025-02-09T00:11:20,luz,5,2,1.57
2025-02-09T00:11:20,luz,5,3,1.64
2025-02-09T00:11:20,luz,5,4,1.69
2025-02-09T00:11:20,luz,5,5,1.65
2025-02-09T00:11:20,luz,5,6,2.34
2025-02-09T00:11:20,luz,5,7,1.3
2025-02-09T00:11:20,luz,6,1,1.47
2025-02-09T00:11:20,luz,6,2,2.37
2025-02-09T00:11:20,luz,6,3,2.12
2025-02-09T00:11:20,luz,6,4,1.17
2025-02-09T00:11:20,luz,6,5,1.61
2025-02-09T00:11:20,luz,6,6,0.51
2025-02-09T00:11:20,luz,6,7,2.27
2025-02-09T00:11:20,agua,1,1,1.49
2025-02-09T00:11:20,agua,1,2,1.3
2025-02-09T00:11:20,agua,1,3,2.17
2025-02-09T00:11:20,agua,1,4,2.2
2025-02-09T00:11:20,agua,1,5,1.42
2025-02-09T00:11:20,agua,1,6,2.02
2025-02-09T00:11:20,agua,1,7,0.96
2025-02-09T00:11:20,agua,2,1,2.42
2025-02-09T00:11:20,agua,2,2,0.89
2025-02-09T00:11:20,agua,2,3,2.48
2025-02-09T00:11:20,agua,2,4,0.06
2025-02-09T00:11:20,agua,2,5,0.48
2025-02-09T00:11:20,agua,2,6,0.76
2025-02-09T00:11:20,agua,2,7,0.65
2025-02-09T00:11:20,agua,3,1,0.67
2025-02-09T00:11:20,agua,3,2,1.27
2025-02-09T00:11:20,agua,3,3,0.03
2025-02-09T00:11:20,agua,3,4,0.5
2025-02-09T00:11:20,agua,3,5,1.2
2025-02-09T00:11:20,agua,3,6,1.51
2025-02-09T00:11:20,agua,3,7,2.23
2025-02-09T00:11:20,agua,4,1,0.07
2025-02-09T00:11:20,agua,4,2,1.74
2025-02-09T00:11:20,agua,4,3,0.14
2025-02-09T00:11:20,agua,4,4,2.47
2025-02-09T00:11:20,agua,4,5,1.22
2025-02-09T00:11:20,agua,4,6,2.16
2025-02-09T00:11:20,agua,4,7,2.97
2025-02-09T00:11:20,agua,5,1,1.23
2025-02-09T00:11:20,agua,5,2,1.31
2025-02-09T00:11:20,agua,5,3,2.84
2025-02-09T00:11:20,agua,5,4,1.05
2025-02-09T00:11:20,agua,5,5,1.54
2025-02-09T00:11:20,agua,5,6,0.15
2025-02-09T00:11:20,agua,5,7,0.97
2025-02-09T00:11:20,agua,6,1,1.58
2025-02-09T00:11:20,agua,6,2,0.73
2025-02-09T00:11:20,agua,6,3,1.03
2025-02-09T00:11:20,agua,6,4,0.61
2025-02-09T00:11:20,agua,6,5,0.09
2025-02-09T00:11:20,agua,6,6,2.97
2025-02-09T00:11:20,agua,6,7,1.12
2025-02-09T00:11:20,gas,1,1,0.24
2025-02-09T00:11:20,gas,1,2,0.02
2025-02-09T00:11:20,gas,1,3,1.01
2025-02-09T00:11:20,gas,2,1,0.68
2025-02-09T00:11:20,gas,2,2,1.46
2025-02-09T00:11:20,gas,2,3,1.55
2025-02-09T00:11:20,gas,3,1,1.14
2025-02-09T00:11:20,gas,3,2,1.51
2025-02-09T00:11:20,gas,3,3,0.01
2025-02-09T00:11:20,gas,4,1,0.18
2025-02-09T00:11:20,gas,4,2,0.47
2025-02-09T00:11:20,gas,4,3,0.88
2025-02-09T00:11:20,temperatura,1,1,23.5
2025-02-09T00:11:20,temperatura,2,1,27.7
2025-02-09T00:11:20,temperatura,3,1,25.2
2025-02-09T00:11:20,temperatura,4,1,28.2
2025-02-09T00:11:20,temperatura,5,1,20.1
2025-02-09T00:11:20,temperatura,6,1,21.6
2025-02-09T00:11:20,movimiento,1,1,7.0
2025-02-09T00:11:20,movimiento,2,1,8.0
2025-02-09T00:11:20,movimiento,3,1,19.0
2025-02-09T00:11:20,movimiento,4,1,19.0
2025-02-09T00:11:20,movimiento,5,1,12.0
2025-02-09T00:11:20,movimiento,6,1,15.0
2025-02-09T00:11:20,huella,1,1,0.0
2025-02-09T00:11:20,huella,2,1,3.0
2025-02-09T00:11:20,huella,3,1,0.0
2025-02-09T00:11:20,huella,4,1,0.0
2025-02-09T00:11:20,huella,5,1,0.0
2025-02-09T00:11:20,huella,6,1,2.0
2025-02-09T00:12:00,luz,1,1,1.58
2025-02-09T00:12:00,luz,1,2,1.28
2025-02-09T00:12:00,luz,1,3,0.98
2025-02-09T00:12:00,luz,1,4,1.6
2025-02-09T00:12:00,luz,1,5,2.01
2025-02-09T00:12:00,luz,1,6,1.65
2025-02-09T00:12:00,luz,1,7,2.6
2025-02-09T00:12:00,luz,2,1,1.7
2025-02-09T00:12:00,luz,2,2,1.3
2025-02-09T00:12:00,luz,2,3,0.6
2025-02-09T00:12:00,luz,2,4,0.87
2025-02-09T00:12:00,luz,2,5,1.25
2025-02-09T00:12:00,luz,2,6,1.91
2025-02-09T00:12:00,luz,2,7,1.7
2025-02-09T00:12:00,luz,3,1,0.64
2025-02-09T00:12:00,luz,3,2,2.23
2025-02-09T00:12:00,luz,3,3,1.68
2025-02-09T00:12:00,luz,3,4,0.63
2025-02-09T00:12:00,luz,3,5,2.56
2025-02-09T00:12:00,luz,3,6,1.72
2025-02-09T00:12:00,luz,3,7,2.19
2025-02-09T00:12:00,luz,4,1,1.81
2025-02-09T00:12:00,luz,4,2,2.47
2025-02-09T00:12:00,luz,4,3,2.18
2025-02-09T00:12:00,luz,4,4,1.65
2025-02-09T00:12:00,luz,4,5,2.64
2025-02-09T00:12:00,luz,4,6,2.05
2025-02-09T00:12:00,luz,4,7,1.91
2025-02-09T00:12:00,luz,5,1,1.71
2025-02-09T00:12:00,luz,5,2,2.36
2025-02-09T00:12:00,luz,5,3,0.98
2025-02-09T00:12:00,luz,5,4,1.48
2025-02-09T00:12:00,luz,5,5,2.88
2025-02-09T00:12:00,luz,5,6,2.85
2025-02-09T00:12:00,luz,5,7,0.64
2025-02-09T00:12:00,luz,6,1,2.8
2025-02-09T00:12:00,luz,6,2,0.74
2025-02-09T00:12:00,luz,6,3,1.12
2025-02-09T00:12:00,luz,6,4,1.62
2025-02-09T00:12:00,luz,6,5,0.72
2025-02-09T00:12:00,luz,6,6,0.87
2025-02-09T00:12:00,luz,6,7,2.73
2025-02-09T00:12:00,agua,1,1,2.77
2025-02-09T00:12:00,agua,1,2,0.63
2025-02-09T00:12:00,agua,1,3,1.3
2025-02-09T00:12:00,agua,1,4,2.21
2025-02-09T00:12:00,agua,1,5,1.92
2025-02-09T00:12:00,agua,1,6,2.33
2025-02-09T00:12:00,agua,1,7,0.79
2025-02-09T00:12:00,agua,2,1,2.87
2025-02-09T00:12:00,agua,2,2,0.38
2025-02-09T00:12:00,agua,2,3,2.15
2025-02-09T00:12:00,agua,2,4,1.37
2025-02-09T00:12:00,agua,2,5,2.62
2025-02-09T00:12:00,agua,2,6,1.28
2025-02-09T00:12:00,agua,2,7,0.34
2025-02-09T00:12:00,agua,3,1,0.26
2025-02-09T00:12:00,agua,3,2,2.78
2025-02-09T00:12:00,agua,3,3,1.39
2025-02-09T00:12:00,agua,3,4,1.74
2025-02-09T00:12:00,agua,3,5,0.77
2025-02-09T00:12:00,agua,3,6,1.11
2025-02-09T00:12:00,agua,3,7,0.9
2025-02-09T00:12:00,agua,4,1,2.97
2025-02-09T00:12:00,agua,4,2,1.84
2025-02-09T00:12:00,agua,4,3,0.36
2025-02-09T00:12:00,agua,4,4,0.57
2025-02-09T00:12:00,agua,4,5,2.86
2025-02-09T00:12:00,agua,4,6,1.06
2025-02-09T00:12:00,agua,4,7,2.9
2025-02-09T00:12:00,agua,5,1,0.93
2025-02-09T00:12:00,agua,5,2,1.79
2025-02-09T00:12:00,agua,5,3,0.49
2025-02-09T00:12:00,agua,5,4,2.82
2025-02-09T00:12:00,agua,5,5,1.55
2025-02-09T00:12:00,agua,5,6,2.12
2025-02-09T00:12:00,agua,5,7,2.63
2025-02-09T00:12:00,agua,6,1,2.47
2025-02-09T00:12:00,agua,6,2,0.96
2025-02-09T00:12:00,agua,6,3,0.22
2025-02-09T00:12:00,agua,6,4,0.33
2025-02-09T00:12:00,agua,6,5,1.41
2025-02-09T00:12:00,agua,6,6,2.65
2025-02-09T00:12:00,agua,6,7,0.51
2025-02-09T00:12:00,gas,1,1,1.84
2025-02-09T00:12:00,gas,1,2,0.66
2025-02-09T00:12:00,gas,1,3,0.52
2025-02-09T00:12:00,gas,2,1,1.88
2025-02-09T00:12:00,gas,2,2,0.52
2025-02-09T00:12:00,gas,2,3,1.26
2025-02-09T00:12:00,gas,3,1,0.44
2025-02-09T00:12:00,gas,3,2,0.04
2025-02-09T00:12:00,gas,3,3,0.4
2025-02-09T00:12:00,gas,4,1,0.56
2025-02-09T00:12:00,gas,4,2,0.87
2025-02-09T00:12:00,gas,4,3,1.86
2025-02-09T00:12:00,temperatura,1,1,27.7
2025-02-09T00:12:00,temperatura,2,1,22.3
2025-02-09T00:12:00,temperatura,3,1,22.7
2025-02-09T00:12:00,temperatura,4,1,23.0
2025-02-09T00:12:00,temperatura,5,1,22.8
2025-02-09T00:12:00,temperatura,6,1,26.2
2025-02-09T00:12:00,movimiento,1,1,12.0
2025-02-09T00:12:00,movimiento,2,1,17.0
2025-02-09T00:12:00,movimiento,3,1,17.0
2025-02-09T00:12:00,movimiento,4,1,9.0
2025-02-09T00:12:00,movimiento,5,1,16.0
2025-02-09T00:12:00,movimiento,6,1,8.0
2025-02-09T00:12:00,huella,1,1,3.0
2025-02-09T00:12:00,huella,2,1,2.0
2025-02-09T00:12:00,huella,3,1,2.0
2025-02-09T00:12:00,huella,4,1,3.0
2025-02-09T00:12:00,huella,5,1,3.0
2025-02-09T00:12:00,huella,6,1,3.0
2025-02-09T00:12:40,luz,1,1,2.46
2025-02-09T00:12:40,luz,1,2,2.52
2025-02-09T00:12:40,luz,1,3,1.8
2025-02-09T00:12:40,luz,1,4,1.51
2025-02-09T00:12:40,luz,1,5,2.38
2025-02-09T00:12:40,luz,1,6,2.0
2025-02-09T00:12:40,luz,1,7,2.13
2025-02-09T00:12:40,luz,2,1,2.98
2025-02-09T00:12:40,luz,2,2,2.08
2025-02-09T00:12:40,luz,2,3,1.41
2025-02-09T00:12:40,luz,2,4,2.43
2025-02-09T00:12:40,luz,2,5,0.78
2025-02-09T00:12:40,luz,2,6,0.89
2025-02-09T00:12:40,luz,2,7,1.85
2025-02-09T00:12:40,luz,3,1,0.59
2025-02-09T00:12:40,luz,3,2,1.12
2025-02-09T00:12:40,luz,3,3,1.37
2025-02-09T00:12:40,luz,3,4,1.46
2025-02-09T00:12:40,luz,3,5,0.5
2025-02-09T00:12:40,luz,3,6,0.81
2025-02-09T00:12:40,luz,3,7,2.54
2025-02-09T00:12:40,luz,4,1,1.92
2025-02-09T00:12:40,luz,4,2,0.58
2025-02-09T00:12:40,luz,4,3,2.86
2025-02-09T00:12:40,luz,4,4,2.52
2025-02-09T00:12:40,luz,4,5,1.48
2025-02-09T00:12:40,luz,4,6,1.53
2025-02-09T00:12:40,luz,4,7,1.64
2025-02-09T00:12:40,luz,5,1,2.65
2025-02-09T00:12:40,luz,5,2,2.72
2025-02-09T00:12:40,luz,5,3,2.8
2025-02-09T00:12:40,luz,5,4,2.7
2025-02-09T00:12:40,luz,5,5,0.96
2025-02-09T00:12:40,luz,5,6,0.88
2025-02-09T00:12:40,luz,5,7,2.9
2025-02-09T00:12:40,luz,6,1,0.92
2025-02-09T00:12:40,luz,6,2,1.17
2025-02-09T00:12:40,luz,6,3,2.9
2025-02-09T00:12:40,luz,6,4,2.22
2025-02-09T00:12:40,luz,6,5,1.45
2025-02-09T00:12:40,luz,6,6,1.8
2025-02-09T00:12:40,luz,6,7,2.6
2025-02-09T00:12:40,agua,1,1,1.89
2025-02-09T00:12:40,agua,1,2,2.16
2025-02-09T00:12:40,agua,1,3,0.68
2025-02-09T00:12:40,agua,1,4,1.7
2025-02-09T00:12:40,agua,1,5,0.78
2025-02-09T00:12:40,agua,1,6,0.64
2025-02-09T00:12:40,agua,1,7,0.49
2025-02-09T00:12:40,agua,2,1,1.32
2025-02-09T00:12:40,agua,2,2,2.71
2025-02-09T00:12:40,agua,2,3,1.95
2025-02-09T00:12:40,agua,2,4,2.19
2025-02-09T00:12:40,agua,2,5,2.73
2025-02-09T00:12:40,agua,2,6,2.1
2025-02-09T00:12:40,agua,2,7,0.95
2025-02-09T00:12:40,agua,3,1,2.1
2025-02-09T00:12:40,agua,3,2,1.22
2025-02-09T00:12:40,agua,3,3,1.43
2025-02-09T00:12:40,agua,3,4,0.19
2025-02-09T00:12:40,agua,3,5,0.64
2025-02-09T00:12:40,agua,3,6,2.81
2025-02-09T00:12:40,agua,3,7,0.75
2025-02-09T00:12:40,agua,4,1,0.51
2025-02-09T00:12:40,agua,4,2,0.36
2025-02-09T00:12:40,agua,4,3,0.42
2025-02-09T00:12:40,agua,4,4,0.58
2025-02-09T00:12:40,agua,4,5,2.12
2025-02-09T00:12:40,agua,4,6,0.8
2025-02-09T00:12:40,agua,4,7,1.2
2025-02-09T00:12:40,agua,5,1,0.92
2025-02-09T00:12:40,agua,5,2,1.34
2025-02-09T00:12:40,agua,5,3,0.86
2025-02-09T00:12:40,agua,5,4,2.35
2025-02-09T00:12:40,agua,5,5,0.64
2025-02-09T00:12:40,agua,5,6,1.25
2025-02-09T00:12:40,agua,5,7,1.29
2025-02-09T00:12:40,agua,6,1,0.12
2025-02-09T00:12:40,agua,6,2,1.02
2025-02-09T00:12:40,agua,6,3,0.69
2025-02-09T00:12:40,agua,6,4,2.92
2025-02-09T00:12:40,agua,6,5,2.31
2025-02-09T00:12:40,agua,6,6,2.15
2025-02-09T00:12:40,agua,6,7,2.18
2025-02-09T00:12:40,gas,1,1,0.83
2025-02-09T00:12:40,gas,1,2,0.21
2025-02-09T00:12:40,gas,1,3,1.59
2025-02-09T00:12:40,gas,2,1,0.28
2025-02-09T00:12:40,gas,2,2,0.41
2025-02-09T00:12:40,gas,2,3,1.4
2025-02-09T00:12:40,gas,3,1,0.75
2025-02-09T00:12:40,gas,3,2,0.76
2025-02-09T00:12:40,gas,3,3,1.94
2025-02-09T00:12:40,gas,4,1,0.46
2025-02-09T00:12:40,gas,4,2,1.98
2025-02-09T00:12:40,gas,4,3,1.45
2025-02-09T00:12:40,temperatura,1,1,27.8
2025-02-09T00:12:40,temperatura,2,1,24.0
2025-02-09T00:12:40,temperatura,3,1,29.6
2025-02-09T00:12:40,temperatura,4,1,26.8
2025-02-09T00:12:40,temperatura,5,1,20.4
2025-02-09T00:12:40,temperatura,6,1,23.5
2025-02-09T00:12:40,movimiento,1,1,9.0
2025-02-09T00:12:40,movimiento,2,1,8.0
2025-02-09T00:12:40,movimiento,3,1,7.0
2025-02-09T00:12:40,movimiento,4,1,8.0
2025-02-09T00:12:40,movimiento,5,1,7.0
2025-02-09T00:12:40,movimiento,6,1,6.0
2025-02-09T00:12:40,huella,1,1,0.0
2025-02-09T00:12:40,huella,2,1,3.0
2025-02-09T00:12:40,huella,3,1,1.0
2025-02-09T00:12:40,huella,4,1,2.0
2025-02-09T00:12:40,huella,5,1,3.0
2025-02-09T00:12:40,huella,6,1,0.0
2025-02-09T00:13:20,luz,1,1,1.42
2025-02-09T00:13:20,luz,1,2,0.82
2025-02-09T00:13:20,luz,1,3,2.43
2025-02-09T00:13:20,luz,1,4,1.96
2025-02-09T00:13:20,luz,1,5,2.14
2025-02-09T00:13:20,luz,1,6,1.8
2025-02-09T00:13:20,luz,1,7,1.75
2025-02-09T00:13:20,luz,2,1,2.21
2025-02-09T00:13:20,luz,2,2,0.67
2025-02-09T00:13:20,luz,2,3,0.97
2025-02-09T00:13:20,luz,2,4,1.73
2025-02-09T00:13:20,luz,2,5,0.92
2025-02-09T00:13:20,luz,2,6,1.52
2025-02-09T00:13:20,luz,2,7,0.52
2025-02-09T00:13:20,luz,3,1,2.53
2025-02-09T00:13:20,luz,3,2,1.31
2025-02-09T00:13:20,luz,3,3,1.12
2025-02-09T00:13:20,luz,3,4,0.97
2025-02-09T00:13:20,luz,3,5,1.02
2025-02-09T00:13:20,luz,3,6,1.16
2025-02-09T00:13:20,luz,3,7,0.63
2025-02-09T00:13:20,luz,4,1,0.87
2025-02-09T00:13:20,luz,4,2,0.9
2025-02-09T00:13:20,luz,4,3,2.9
2025-02-09T00:13:20,luz,4,4,1.22
2025-02-09T00:13:20,luz,4,5,2.73
2025-02-09T00:13:20,luz,4,6,1.69
2025-02-09T00:13:20,luz,4,7,1.39
2025-02-09T00:13:20,luz,5,1,2.74
2025-02-09T00:13:20,luz,5,2,2.74
2025-02-09T00:13:20,luz,5,3,2.8
2025-02-09T00:13:20,luz,5,4,0.85
2025-02-09T00:13:20,luz,5,5,1.86
2025-02-09T00:13:20,luz,5,6,2.79
2025-02-09T00:13:20,luz,5,7,0.61
2025-02-09T00:13:20,luz,6,1,1.08
2025-02-09T00:13:20,luz,6,2,2.03
2025-02-09T00:13:20,luz,6,3,1.99
2025-02-09T00:13:20,luz,6,4,1.03
2025-02-09T00:13:20,luz,6,5,1.9
2025-02-09T00:13:20,luz,6,6,1.01
2025-02-09T00:13:20,luz,6,7,1.29
2025-02-09T00:13:20,agua,1,1,0.2
2025-02-09T00:13:20,agua,1,2,2.81
2025-02-09T00:13:20,agua,1,3,1.89
2025-02-09T00:13:20,agua,1,4,0.43
2025-02-09T00:13:20,agua,1,5,1.94
2025-02-09T00:13:20,agua,1,6,1.1
2025-02-09T00:13:20,agua,1,7,0.8
2025-02-09T00:13:20,agua,2,1,0.67
2025-02-09T00:13:20,agua,2,2,0.17
2025-02-09T00:13:20,agua,2,3,2.75
2025-02-09T00:13:20,agua,2,4,1.59
2025-02-09T00:13:20,agua,2,5,1.38
2025-02-09T00:13:20,agua,2,6,2.66
2025-02-09T00:13:20,agua,2,7,0.0
2025-02-09T00:13:20,agua,3,1,0.97
2025-02-09T00:13:20,agua,3,2,2.17
2025-02-09T00:13:20,agua,3,3,0.05
2025-02-09T00:13:20,agua,3,4,1.76
2025-02-09T00:13:20,agua,3,5,1.26
2025-02-09T00:13:20,agua,3,6,1.31
2025-02-09T00:13:20,agua,3,7,2.98
2025-02-09T00:13:20,agua,4,1,2.9
2025-02-09T00:13:20,agua,4,2,2.96
2025-02-09T00:13:20,agua,4,3,2.08
2025-02-09T00:13:20,agua,4,4,0.78
2025-02-09T00:13:20,agua,4,5,0.69
2025-02-09T00:13:20,agua,4,6,2.26
2025-02-09T00:13:20,agua,4,7,2.92
2025-02-09T00:13:20,agua,5,1,0.19
2025-02-09T00:13:20,agua,5,2,1.75
2025-02-09T00:13:20,agua,5,3,0.45
2025-02-09T00:13:20,agua,5,4,2.06
2025-02-09T00:13:20,agua,5,5,2.94
2025-02-09T00:13:20,agua,5,6,2.01
2025-02-09T00:13:20,agua,5,7,0.7
2025-02-09T00:13:20,agua,6,1,2.84
2025-02-09T00:13:20,agua,6,2,2.28
2025-02-09T00:13:20,agua,6,3,1.24
2025-02-09T00:13:20,agua,6,4,2.44
2025-02-09T00:13:20,agua,6,5,1.02
2025-02-09T00:13:20,agua,6,6,0.76
2025-02-09T00:13:20,agua,6,7,1.98
2025-02-09T00:13:20,gas,1,1,1.68
2025-02-09T00:13:20,gas,1,2,0.65
2025-02-09T00:13:20,gas,1,3,1.83
2025-02-09T00:13:20,gas,2,1,1.77
2025-02-09T00:13:20,gas,2,2,1.26
2025-02-09T00:13:20,gas,2,3,0.37
2025-02-09T00:13:20,gas,3,1,1.44
2025-02-09T00:13:20,gas,3,2,1.96
2025-02-09T00:13:20,gas,3,3,1.01
2025-02-09T00:13:20,gas,4,1,1.9
2025-02-09T00:13:20,gas,4,2,1.67
2025-02-09T00:13:20,gas,4,3,0.53
2025-02-09T00:13:20,temperatura,1,1,25.6
2025-02-09T00:13:20,temperatura,2,1,23.9
2025-02-09T00:13:20,temperatura,3,1,24.8
2025-02-09T00:13:20,temperatura,4,1,26.6
2025-02-09T00:13:20,temperatura,5,1,21.5
2025-02-09T00:13:20,temperatura,6,1,23.5
2025-02-09T00:13:20,movimiento,1,1,10.0
2025-02-09T00:13:20,movimiento,2,1,10.0
2025-02-09T00:13:20,movimiento,3,1,13.0
2025-02-09T00:13:20,movimiento,4,1,11.0
2025-02-09T00:13:20,movimiento,5,1,5.0
2025-02-09T00:13:20,movimiento,6,1,8.0
2025-02-09T00:13:20,huella,1,1,3.0
2025-02-09T00:13:20,huella,2,1,0.0
2025-02-09T00:13:20,huella,3,1,1.0
2025-02-09T00:13:20,huella,4,1,0.0
2025-02-09T00:13:20,huella,5,1,3.0
2025-02-09T00:13:20,huella,6,1,2.0
2025-02-09T00:14:00,luz,1,1,0.84
2025-02-09T00:14:00,luz,1,2,1.72
2025-02-09T00:14:00,luz,1,3,2.97
2025-02-09T00:14:00,luz,1,4,1.28
2025-02-09T00:14:00,luz,1,5,2.73
2025-02-09T00:14:00,luz,1,6,0.66
2025-02-09T00:14:00,luz,1,7,2.51
2025-02-09T00:14:00,luz,2,1,1.17
2025-02-09T00:14:00,luz,2,2,1.29
2025-02-09T00:14:00,luz,2,3,0.54
2025-02-09T00:14:00,luz,2,4,2.99
2025-02-09T00:14:00,luz,2,5,0.84
2025-02-09T00:14:00,luz,2,6,1.32
2025-02-09T00:14:00,luz,2,7,2.42
2025-02-09T00:14:00,luz,3,1,0.7
2025-02-09T00:14:00,luz,3,2,0.68
2025-02-09T00:14:00,luz,3,3,1.02
2025-02-09T00:14:00,luz,3,4,1.18
2025-02-09T00:14:00,luz,3,5,2.72
2025-02-09T00:14:00,luz,3,6,2.96
2025-02-09T00:14:00,luz,3,7,1.16
2025-02-09T00:14:00,luz,4,1,2.98
2025-02-09T00:14:00,luz,4,2,1.2
2025-02-09T00:14:00,luz,4,3,1.07
2025-02-09T00:14:00,luz,4,4,3.0
2025-02-09T00:14:00,luz,4,5,2.03
2025-02-09T00:14:00,luz,4,6,0.72
2025-02-09T00:14:00,luz,4,7,1.81
2025-02-09T00:14:00,luz,5,1,0.56
2025-02-09T00:14:00,luz,5,2,2.7
2025-02-09T00:14:00,luz,5,3,2.69
2025-02-09T00:14:00,luz,5,4,2.52
2025-02-09T00:14:00,luz,5,5,2.86
2025-02-09T00:14:00,luz,5,6,1.99
2025-02-09T00:14:00,luz,5,7,1.29
2025-02-09T00:14:00,luz,6,1,2.61
2025-02-09T00:14:00,luz,6,2,1.6
2025-02-09T00:14:00,luz,6,3,2.08
2025-02-09T00:14:00,luz,6,4,0.99
2025-02-09T00:14:00,luz,6,5,1.88
2025-02-09T00:14:00,luz,6,6,2.95
2025-02-09T00:14:00,luz,6,7,0.72
2025-02-09T00:14:00,agua,1,1,0.53
2025-02-09T00:14:00,agua,1,2,1.25
2025-02-09T00:14:00,agua,1,3,2.25
2025-02-09T00:14:00,agua,1,4,2.78
2025-02-09T00:14:00,agua,1,5,1.04
2025-02-09T00:14:00,agua,1,6,0.18
2025-02-09T00:14:00,agua,1,7,1.98
2025-02-09T00:14:00,agua,2,1,2.57
2025-02-09T00:14:00,agua,2,2,2.25
2025-02-09T00:14:00,agua,2,3,0.46
2025-02-09T00:14:00,agua,2,4,1.16
2025-02-09T00:14:00,agua,2,5,2.09
2025-02-09T00:14:00,agua,2,6,0.21
2025-02-09T00:14:00,agua,2,7,1.1
2025-02-09T00:14:00,agua,3,1,1.69
2025-02-09T00:14:00,agua,3,2,0.74
2025-02-09T00:14:00,agua,3,3,1.75
2025-02-09T00:14:00,agua,3,4,2.85
2025-02-09T00:14:00,agua,3,5,0.15
2025-02-09T00:14:00,agua,3,6,2.0
2025-02-09T00:14:00,agua,3,7,0.47
2025-02-09T00:14:00,agua,4,1,2.66
2025-02-09T00:14:00,agua,4,2,1.45
2025-02-09T00:14:00,agua,4,3,1.49
2025-02-09T00:14:00,agua,4,4,0.86
2025-02-09T00:14:00,agua,4,5,2.75
2025-02-09T00:14:00,agua,4,6,1.15
2025-02-09T00:14:00,agua,4,7,1.02
2025-02-09T00:14:00,agua,5,1,1.81
2025-02-09T00:14:00,agua,5,2,1.05
2025-02-09T00:14:00,agua,5,3,2.68
2025-02-09T00:14:00,agua,5,4,1.96
2025-02-09T00:14:00,agua,5,5,2.05
2025-02-09T00:14:00,agua,5,6,1.39
2025-02-09T00:14:00,agua,5,7,2.94
2025-02-09T00:14:00,agua,6,1,0.5
2025-02-09T00:14:00,agua,6,2,1.74
2025-02-09T00:14:00,agua,6,3,2.91
2025-02-09T00:14:00,agua,6,4,1.85
2025-02-09T00:14:00,agua,6,5,1.84
2025-02-09T00:14:00,agua,6,6,0.33
2025-02-09T00:14:00,agua,6,7,2.57
2025-02-09T00:14:00,gas,1,1,1.67
2025-02-09T00:14:00,gas,1,2,1.05
2025-02-09T00:14:00,gas,1,3,0.95
2025-02-09T00:14:00,gas,2,1,1.54
2025-02-09T00:14:00,gas,2,2,1.79
2025-02-09T00:14:00,gas,2,3,1.18
2025-02-09T00:14:00,gas,3,1,0.47
2025-02-09T00:14:00,gas,3,2,1.81
2025-02-09T00:14:00,gas,3,3,1.86
2025-02-09T00:14:00,gas,4,1,1.27
2025-02-09T00:14:00,gas,4,2,1.44
2025-02-09T00:14:00,gas,4,3,1.26
2025-02-09T00:14:00,temperatura,1,1,26.4
2025-02-09T00:14:00,temperatura,2,1,22.1
2025-02-09T00:14:00,temperatura,3,1,29.4
2025-02-09T00:14:00,temperatura,4,1,20.4
2025-02-09T00:14:00,temperatura,5,1,25.6
2025-02-09T00:14:00,temperatura,6,1,22.7
2025-02-09T00:14:00,movimiento,1,1,17.0
2025-02-09T00:14:00,movimiento,2,1,10.0
2025-02-09T00:14:00,movimiento,3,1,6.0
2025-02-09T00:14:00,movimiento,4,1,18.0
2025-02-09T00:14:00,movimiento,5,1,17.0
2025-02-09T00:14:00,movimiento,6,1,10.0
2025-02-09T00:14:00,huella,1,1,3.0
2025-02-09T00:14:00,huella,2,1,2.0
2025-02-09T00:14:00,huella,3,1,0.0
2025-02-09T00:14:00,huella,4,1,2.0
2025-02-09T00:14:00,huella,5,1,3.0
2025-02-09T00:14:00,huella,6,1,1.0
2025-02-09T00:14:40,luz,1,1,1.19
2025-02-09T00:14:40,luz,1,2,2.38
2025-02-09T00:14:40,luz,1,3,1.87
2025-02-09T00:14:40,luz,1,4,0.94
2025-02-09T00:14:40,luz,1,5,0.8
2025-02-09T00:14:40,luz,1,6,2.93
2025-02-09T00:14:40,luz,1,7,0.82
2025-02-09T00:14:40,luz,2,1,2.28
2025-02-09T00:14:40,luz,2,2,2.46
2025-02-09T00:14:40,luz,2,3,1.08
2025-02-09T00:14:40,luz,2,4,2.28
2025-02-09T00:14:40,luz,2,5,2.94
2025-02-09T00:14:40,luz,2,6,2.46
2025-02-09T00:14:40,luz,2,7,2.87
2025-02-09T00:14:40,luz,3,1,2.0
2025-02-09T00:14:40,luz,3,2,0.6
2025-02-09T00:14:40,luz,3,3,1.66
2025-02-09T00:14:40,luz,3,4,2.45
2025-02-09T00:14:40,luz,3,5,1.85
2025-02-09T00:14:40,luz,3,6,2.31
2025-02-09T00:14:40,luz,3,7,2.34
2025-02-09T00:14:40,luz,4,1,1.86
2025-02-09T00:14:40,luz,4,2,2.9
2025-02-09T00:14:40,luz,4,3,2.76
2025-02-09T00:14:40,luz,4,4,2.7
2025-02-09T00:14:40,luz,4,5,2.03
2025-02-09T00:14:40,luz,4,6,1.67
2025-02-09T00:14:40,luz,4,7,1.95
2025-02-09T00:14:40,luz,5,1,2.07
2025-02-09T00:14:40,luz,5,2,0.82
2025-02-09T00:14:40,luz,5,3,1.11
2025-02-09T00:14:40,luz,5,4,1.29
2025-02-09T00:14:40,luz,5,5,1.5
2025-02-09T00:14:40,luz,5,6,2.15
2025-02-09T00:14:40,luz,5,7,0.97
2025-02-09T00:14:40,luz,6,1,1.65
2025-02-09T00:14:40,luz,6,2,2.56
2025-02-09T00:14:40,luz,6,3,0.98
2025-02-09T00:14:40,luz,6,4,2.26
2025-02-09T00:14:40,luz,6,5,2.72
2025-02-09T00:14:40,luz,6,6,1.25
2025-02-09T00:14:40,luz,6,7,1.95
2025-02-09T00:14:40,agua,1,1,2.44
2025-02-09T00:14:40,agua,1,2,0.21
2025-02-09T00:14:40,agua,1,3,1.44
2025-02-09T00:14:40,agua,1,4,2.16
2025-02-09T00:14:40,agua,1,5,1.97
2025-02-09T00:14:40,agua,1,6,0.34
2025-02-09T00:14:40,agua,1,7,0.57
2025-02-09T00:14:40,agua,2,1,2.99
2025-02-09T00:14:40,agua,2,2,2.12
2025-02-09T00:14:40,agua,2,3,2.57
2025-02-09T00:14:40,agua,2,4,0.98
2025-02-09T00:14:40,agua,2,5,2.56
2025-02-09T00:14:40,agua,2,6,1.19
2025-02-09T00:14:40,agua,2,7,2.89
2025-02-09T00:14:40,agua,3,1,0.25
2025-02-09T00:14:40,agua,3,2,2.33
2025-02-09T00:14:40,agua,3,3,1.85
2025-02-09T00:14:40,agua,3,4,1.57
2025-02-09T00:14:40,agua,3,5,2.68
2025-02-09T00:14:40,agua,3,6,2.51
2025-02-09T00:14:40,agua,3,7,2.75
2025-02-09T00:14:40,agua,4,1,2.86
2025-02-09T00:14:40,agua,4,2,1.97
2025-02-09T00:14:40,agua,4,3,0.48
2025-02-09T00:14:40,agua,4,4,0.7
2025-02-09T00:14:40,agua,4,5,0.17
2025-02-09T00:14:40,agua,4,6,2.05
2025-02-09T00:14:40,agua,4,7,2.51
2025-02-09T00:14:40,agua,5,1,2.86
2025-02-09T00:14:40,agua,5,2,0.45
2025-02-09T00:14:40,agua,5,3,0.11
2025-02-09T00:14:40,agua,5,4,0.13
2025-02-09T00:14:40,agua,5,5,2.13
2025-02-09T00:14:40,agua,5,6,0.12
2025-02-09T00:14:40,agua,5,7,3.0
2025-02-09T00:14:40,agua,6,1,1.06
2025-02-09T00:14:40,agua,6,2,1.88
2025-02-09T00:14:40,agua,6,3,2.7
2025-02-09T00:14:40,agua,6,4,0.05
2025-02-09T00:14:40,agua,6,5,0.31
2025-02-09T00:14:40,agua,6,6,0.4
2025-02-09T00:14:40,agua,6,7,2.3
2025-02-09T00:14:40,gas,1,1,1.11
2025-02-09T00:14:40,gas,1,2,1.54
2025-02-09T00:14:40,gas,1,3,1.83
2025-02-09T00:14:40,gas,2,1,0.92
2025-02-09T00:14:40,gas,2,2,0.13
2025-02-09T00:14:40,gas,2,3,1.63
2025-02-09T00:14:40,gas,3,1,1.45
2025-02-09T00:14:40,gas,3,2,0.41
2025-02-09T00:14:40,gas,3,3,0.86
2025-02-09T00:14:40,gas,4,1,1.72
2025-02-09T00:14:40,gas,4,2,1.4
2025-02-09T00:14:40,gas,4,3,1.31
2025-02-09T00:14:40,temperatura,1,1,26.6
2025-02-09T00:14:40,temperatura,2,1,28.7
2025-02-09T00:14:40,temperatura,3,1,22.8
2025-02-09T00:14:40,temperatura,4,1,25.9
2025-02-09T00:14:40,temperatura,5,1,27.3
2025-02-09T00:14:40,temperatura,6,1,22.1
2025-02-09T00:14:40,movimiento,1,1,13.0
2025-02-09T00:14:40,movimiento,2,1,17.0
2025-02-09T00:14:40,movimiento,3,1,8.0
2025-02-09T00:14:40,movimiento,4,1,17.0
2025-02-09T00:14:40,movimiento,5,1,9.0
2025-02-09T00:14:40,movimiento,6,1,11.0
2025-02-09T00:14:40,huella,1,1,3.0
2025-02-09T00:14:40,huella,2,1,1.0
2025-02-09T00:14:40,huella,3,1,0.0
2025-02-09T00:14:40,huella,4,1,3.0
2025-02-09T00:14:40,huella,5,1,3.0
2025-02-09T00:14:40,huella,6,1,1.0
2025-02-09T00:15:20,luz,1,1,2.28
2025-02-09T00:15:20,luz,1,2,0.58
2025-02-09T00:15:20,luz,1,3,1.92
2025-02-09T00:15:20,luz,1,4,2.33
2025-02-09T00:15:20,luz,1,5,2.75
2025-02-09T00:15:20,luz,1,6,0.51
2025-02-09T00:15:20,luz,1,7,1.39
2025-02-09T00:15:20,luz,2,1,2.41
2025-02-09T00:15:20,luz,2,2,2.1
2025-02-09T00:15:20,luz,2,3,1.25
2025-02-09T00:15:20,luz,2,4,0.64
2025-02-09T00:15:20,luz,2,5,0.54
2025-02-09T00:15:20,luz,2,6,2.05
2025-02-09T00:15:20,luz,2,7,0.76
2025-02-09T00:15:20,luz,3,1,1.01
2025-02-09T00:15:20,luz,3,2,1.84
2025-02-09T00:15:20,luz,3,3,1.9
2025-02-09T00:15:20,luz,3,4,0.87
2025-02-09T00:15:20,luz,3,5,1.05
2025-02-09T00:15:20,luz,3,6,0.54
2025-02-09T00:15:20,luz,3,7,1.67
2025-02-09T00:15:20,luz,4,1,0.93
2025-02-09T00:15:20,luz,4,2,2.12
2025-02-09T00:15:20,luz,4,3,0.84
2025-02-09T00:15:20,luz,4,4,1.44
2025-02-09T00:15:20,luz,4,5,1.19
2025-02-09T00:15:20,luz,4,6,0.62
2025-02-09T00:15:20,luz,4,7,2.84
2025-02-09T00:15:20,luz,5,1,1.05
2025-02-09T00:15:20,luz,5,2,2.05
2025-02-09T00:15:20,luz,5,3,1.14
2025-02-09T00:15:20,luz,5,4,2.67
2025-02-09T00:15:20,luz,5,5,1.74
2025-02-09T00:15:20,luz,5,6,2.72
2025-02-09T00:15:20,luz,5,7,2.9
2025-02-09T00:15:20,luz,6,1,2.5
2025-02-09T00:15:20,luz,6,2,2.84
2025-02-09T00:15:20,luz,6,3,1.08
2025-02-09T00:15:20,luz,6,4,2.45
2025-02-09T00:15:20,luz,6,5,1.74
2025-02-09T00:15:20,luz,6,6,0.96
2025-02-09T00:15:20,luz,6,7,0.97
2025-02-09T00:15:20,agua,1,1,2.93
2025-02-09T00:15:20,agua,1,2,0.28
2025-02-09T00:15:20,agua,1,3,0.61
2025-02-09T00:15:20,agua,1,4,0.38
2025-02-09T00:15:20,agua,1,5,1.53
2025-02-09T00:15:20,agua,1,6,2.04
2025-02-09T00:15:20,agua,1,7,0.44
2025-02-09T00:15:20,agua,2,1,2.57
2025-02-09T00:15:20,agua,2,2,1.04
2025-02-09T00:15:20,agua,2,3,1.53
2025-02-09T00:15:20,agua,2,4,1.09
2025-02-09T00:15:20,agua,2,5,0.34
2025-02-09T00:15:20,agua,2,6,2.22
2025-02-09T00:15:20,agua,2,7,1.96
2025-02-09T00:15:20,agua,3,1,0.15
2025-02-09T00:15:20,agua,3,2,1.1
2025-02-09T00:15:20,agua,3,3,0.39
2025-02-09T00:15:20,agua,3,4,0.76
2025-02-09T00:15:20,agua,3,5,2.07
2025-02-09T00:15:20,agua,3,6,1.54
2025-02-09T00:15:20,agua,3,7,0.73
2025-02-09T00:15:20,agua,4,1,2.16
2025-02-09T00:15:20,agua,4,2,2.91
2025-02-09T00:15:20,agua,4,3,1.02
2025-02-09T00:15:20,agua,4,4,2.81
2025-02-09T00:15:20,agua,4,5,2.34
2025-02-09T00:15:20,agua,4,6,2.44
2025-02-09T00:15:20,agua,4,7,1.56
2025-02-09T00:15:20,agua,5,1,2.04
2025-02-09T00:15:20,agua,5,2,1.66
2025-02-09T00:15:20,agua,5,3,2.34
2025-02-09T00:15:20,agua,5,4,2.1
2025-02-09T00:15:20,agua,5,5,2.97
2025-02-09T00:15:20,agua,5,6,1.12
2025-02-09T00:15:20,agua,5,7,0.92
2025-02-09T00:15:20,agua,6,1,1.11
2025-02-09T00:15:20,agua,6,2,2.47
2025-02-09T00:15:20,agua,6,3,1.02
2025-02-09T00:15:20,agua,6,4,0.29
2025-02-09T00:15:20,agua,6,5,1.84
2025-02-09T00:15:20,agua,6,6,2.29
2025-02-09T00:15:20,agua,6,7,2.3
2025-02-09T00:15:20,gas,1,1,1.59
2025-02-09T00:15:20,gas,1,2,1.82
2025-02-09T00:15:20,gas,1,3,1.06
2025-02-09T00:15:20,gas,2,1,0.25
2025-02-09T00:15:20,gas,2,2,0.35
2025-02-09T00:15:20,gas,2,3,0.67
2025-02-09T00:15:20,gas,3,1,1.64
2025-02-09T00:15:20,gas,3,2,0.49
2025-02-09T00:15:20,gas,3,3,1.43
2025-02-09T00:15:20,gas,4,1,1.64
2025-02-09T00:15:20,gas,4,2,1.38
2025-02-09T00:15:20,gas,4,3,0.93
2025-02-09T00:15:20,temperatura,1,1,27.8
2025-02-09T00:15:20,temperatura,2,1,25.5
2025-02-09T00:15:20,temperatura,3,1,28.3
2025-02-09T00:15:20,temperatura,4,1,24.1
2025-02-09T00:15:20,temperatura,5,1,25.4
2025-02-09T00:15:20,temperatura,6,1,23.2
2025-02-09T00:15:20,movimiento,1,1,6.0
2025-02-09T00:15:20,movimiento,2,1,9.0
2025-02-09T00:15:20,movimiento,3,1,8.0
2025-02-09T00:15:20,movimiento,4,1,7.0
2025-02-09T00:15:20,movimiento,5,1,19.0
2025-02-09T00:15:20,movimiento,6,1,11.0
2025-02-09T00:15:20,huella,1,1,0.0
2025-02-09T00:15:20,huella,2,1,2.0
2025-02-09T00:15:20,huella,3,1,1.0
2025-02-09T00:15:20,huella,4,1,0.0
2025-02-09T00:15:20,huella,5,1,3.0
2025-02-09T00:15:20,huella,6,1,3.0
2025-02-09T00:16:00,luz,1,1,0.71
2025-02-09T00:16:00,luz,1,2,2.54
2025-02-09T00:16:00,luz,1,3,0.58
2025-02-09T00:16:00,luz,1,4,2.8
2025-02-09T00:16:00,luz,1,5,1.22
2025-02-09T00:16:00,luz,1,6,2.17
2025-02-09T00:16:00,luz,1,7,1.46
2025-02-09T00:16:00,luz,2,1,1.76
2025-02-09T00:16:00,luz,2,2,1.64
2025-02-09T00:16:00,luz,2,3,2.86
2025-02-09T00:16:00,luz,2,4,2.86
2025-02-09T00:16:00,luz,2,5,0.78
2025-02-09T00:16:00,luz,2,6,1.63
2025-02-09T00:16:00,luz,2,7,0.53
2025-02-09T00:16:00,luz,3,1,2.4
2025-02-09T00:16:00,luz,3,2,0.76
2025-02-09T00:16:00,luz,3,3,1.49
2025-02-09T00:16:00,luz,3,4,1.4
2025-02-09T00:16:00,luz,3,5,2.63
2025-02-09T00:16:00,luz,3,6,2.5
2025-02-09T00:16:00,luz,3,7,2.02
2025-02-09T00:16:00,luz,4,1,2.59
2025-02-09T00:16:00,luz,4,2,0.52
2025-02-09T00:16:00,luz,4,3,2.14
2025-02-09T00:16:00,luz,4,4,2.87
2025-02-09T00:16:00,luz,4,5,1.63
2025-02-09T00:16:00,luz,4,6,0.59
2025-02-09T00:16:00,luz,4,7,2.46
2025-02-09T00:16:00,luz,5,1,0.52
2025-02-09T00:16:00,luz,5,2,0.9
2025-02-09T00:16:00,luz,5,3,1.17
2025-02-09T00:16:00,luz,5,4,0.91
2025-02-09T00:16:00,luz,5,5,1.29
2025-02-09T00:16:00,luz,5,6,0.7
2025-02-09T00:16:00,luz,5,7,2.2
2025-02-09T00:16:00,luz,6,1,0.57
2025-02-09T00:16:00,luz,6,2,2.49
2025-02-09T00:16:00,luz,6,3,2.11
2025-02-09T00:16:00,luz,6,4,0.55
2025-02-09T00:16:00,luz,6,5,1.93
2025-02-09T00:16:00,luz,6,6,2.15
2025-02-09T00:16:00,luz,6,7,2.26
2025-02-09T00:16:00,agua,1,1,0.43
2025-02-09T00:16:00,agua,1,2,1.37
2025-02-09T00:16:00,agua,1,3,2.6
2025-02-09T00:16:00,agua,1,4,0.41
2025-02-09T00:16:00,agua,1,5,1.22
2025-02-09T00:16:00,agua,1,6,1.37
2025-02-09T00:16:00,agua,1,7,1.09
2025-02-09T00:16:00,agua,2,1,1.29
2025-02-09T00:16:00,agua,2,2,2.03
2025-02-09T00:16:00,agua,2,3,2.55
2025-02-09T00:16:00,agua,2,4,2.61
2025-02-09T00:16:00,agua,2,5,2.07
2025-02-09T00:16:00,agua,2,6,1.78
2025-02-09T00:16:00,agua,2,7,2.49
2025-02-09T00:16:00,agua,3,1,1.43
2025-02-09T00:16:00,agua,3,2,0.94
2025-02-09T00:16:00,agua,3,3,0.96
2025-02-09T00:16:00,agua,3,4,1.26
2025-02-09T00:16:00,agua,3,5,1.45
2025-02-09T00:16:00,agua,3,6,0.47
2025-02-09T00:16:00,agua,3,7,2.86
2025-02-09T00:16:00,agua,4,1,0.59
2025-02-09T00:16:00,agua,4,2,0.25
2025-02-09T00:16:00,agua,4,3,0.94
2025-02-09T00:16:00,agua,4,4,2.59
2025-02-09T00:16:00,agua,4,5,0.65
2025-02-09T00:16:00,agua,4,6,2.76
2025-02-09T00:16:00,agua,4,7,0.18
2025-02-09T00:16:00,agua,5,1,0.28
2025-02-09T00:16:00,agua,5,2,0.87
2025-02-09T00:16:00,agua,5,3,2.15
2025-02-09T00:16:00,agua,5,4,2.22
2025-02-09T00:16:00,agua,5,5,1.62
2025-02-09T00:16:00,agua,5,6,1.14
2025-02-09T00:16:00,agua,5,7,1.58
2025-02-09T00:16:00,agua,6,1,1.3
2025-02-09T00:16:00,agua,6,2,0.32
2025-02-09T00:16:00,agua,6,3,1.75
2025-02-09T00:16:00,agua,6,4,2.75
2025-02-09T00:16:00,agua,6,5,1.56
2025-02-09T00:16:00,agua,6,6,1.85
2025-02-09T00:16:00,agua,6,7,0.61
2025-02-09T00:16:00,gas,1,1,0.8
2025-02-09T00:16:00,gas,1,2,0.48
2025-02-09T00:16:00,gas,1,3,0.69
2025-02-09T00:16:00,gas,2,1,0.22
2025-02-09T00:16:00,gas,2,2,0.12
2025-02-09T00:16:00,gas,2,3,0.34
2025-02-09T00:16:00,gas,3,1,1.33
2025-02-09T00:16:00,gas,3,2,1.16
2025-02-09T00:16:00,gas,3,3,0.92
2025-02-09T00:16:00,gas,4,1,0.18
2025-02-09T00:16:00,gas,4,2,1.64
2025-02-09T00:16:00,gas,4,3,1.67
2025-02-09T00:16:00,temperatura,1,1,23.7
2025-02-09T00:16:00,temperatura,2,1,22.9
2025-02-09T00:16:00,temperatura,3,1,29.6
2025-02-09T00:16:00,temperatura,4,1,26.2
2025-02-09T00:16:00,temperatura,5,1,27.7
2025-02-09T00:16:00,temperatura,6,1,29.9
2025-02-09T00:16:00,movimiento,1,1,17.0
2025-02-09T00:16:00,movimiento,2,1,17.0
2025-02-09T00:16:00,movimiento,3,1,17.0
2025-02-09T00:16:00,movimiento,4,1,14.0
2025-02-09T00:16:00,movimiento,5,1,15.0
2025-02-09T00:16:00,movimiento,6,1,8.0
2025-02-09T00:16:00,huella,1,1,2.0
2025-02-09T00:16:00,huella,2,1,0.0
2025-02-09T00:16:00,huella,3,1,0.0
2025-02-09T00:16:00,huella,4,1,1.0
2025-02-09T00:16:00,huella,5,1,0.0
2025-02-09T00:16:00,huella,6,1,3.0
2025-02-09T00:16:40,luz,1,1,0.87
2025-02-09T00:16:40,luz,1,2,1.87
2025-02-09T00:16:40,luz,1,3,1.16
2025-02-09T00:16:40,luz,1,4,1.67
2025-02-09T00:16:40,luz,1,5,2.78
2025-02-09T00:16:40,luz,1,6,1.93
2025-02-09T00:16:40,luz,1,7,2.6
2025-02-09T00:16:40,luz,2,1,1.53
2025-02-09T00:16:40,luz,2,2,0.64
2025-02-09T00:16:40,luz,2,3,1.71
2025-02-09T00:16:40,luz,2,4,2.88
2025-02-09T00:16:40,luz,2,5,0.53
2025-02-09T00:16:40,luz,2,6,2.1
2025-02-09T00:16:40,luz,2,7,1.87
2025-02-09T00:16:40,luz,3,1,0.6
2025-02-09T00:16:40,luz,3,2,1.87
2025-02-09T00:16:40,luz,3,3,2.83
2025-02-09T00:16:40,luz,3,4,1.95
2025-02-09T00:16:40,luz,3,5,1.08
2025-02-09T00:16:40,luz,3,6,2.29
2025-02-09T00:16:40,luz,3,7,2.78
2025-02-09T00:16:40,luz,4,1,2.9
2025-02-09T00:16:40,luz,4,2,1.3
2025-02-09T00:16:40,luz,4,3,2.12
2025-02-09T00:16:40,luz,4,4,1.57
2025-02-09T00:16:40,luz,4,5,2.54
2025-02-09T00:16:40,luz,4,6,2.51
2025-02-09T00:16:40,luz,4,7,2.84
2025-02-09T00:16:40,luz,5,1,2.21
2025-02-09T00:16:40,luz,5,2,2.2
2025-02-09T00:16:40,luz,5,3,0.85
2025-02-09T00:16:40,luz,5,4,1.14
2025-02-09T00:16:40,luz,5,5,0.93
2025-02-09T00:16:40,luz,5,6,1.55
2025-02-09T00:16:40,luz,5,7,1.33
2025-02-09T00:16:40,luz,6,1,0.76
2025-02-09T00:16:40,luz,6,2,1.67
2025-02-09T00:16:40,luz,6,3,2.33
2025-02-09T00:16:40,luz,6,4,2.94
2025-02-09T00:16:40,luz,6,5,2.89
2025-02-09T00:16:40,luz,6,6,2.77
2025-02-09T00:16:40,luz,6,7,2.74
2025-02-09T00:16:40,agua,1,1,0.92
2025-02-09T00:16:40,agua,1,2,1.31
2025-02-09T00:16:40,agua,1,3,2.35
2025-02-09T00:16:40,agua,1,4,2.32
2025-02-09T00:16:40,agua,1,5,0.16
2025-02-09T00:16:40,agua,1,6,2.13
2025-02-09T00:16:40,agua,1,7,0.2
2025-02-09T00:16:40,agua,2,1,0.04
2025-02-09T00:16:40,agua,2,2,0.43
2025-02-09T00:16:40,agua,2,3,2.34
2025-02-09T00:16:40,agua,2,4,2.7
2025-02-09T00:16:40,agua,2,5,2.71
2025-02-09T00:16:40,agua,2,6,0.35
2025-02-09T00:16:40,agua,2,7,2.3
2025-02-09T00:16:40,agua,3,1,2.53
2025-02-09T00:16:40,agua,3,2,0.95
2025-02-09T00:16:40,agua,3,3,1.39
2025-02-09T00:16:40,agua,3,4,1.81
2025-02-09T00:16:40,agua,3,5,1.54
2025-02-09T00:16:40,agua,3,6,2.8
2025-02-09T00:16:40,agua,3,7,0.68
2025-02-09T00:16:40,agua,4,1,0.88
2025-02-09T00:16:40,agua,4,2,0.31
2025-02-09T00:16:40,agua,4,3,0.97
2025-02-09T00:16:40,agua,4,4,2.22
2025-02-09T00:16:40,agua,4,5,1.06
2025-02-09T00:16:40,agua,4,6,2.93
2025-02-09T00:16:40,agua,4,7,1.25
2025-02-09T00:16:40,agua,5,1,2.03
2025-02-09T00:16:40,agua,5,2,0.51
2025-02-09T00:16:40,agua,5,3,0.46
2025-02-09T00:16:40,agua,5,4,1.87
2025-02-09T00:16:40,agua,5,5,1.27
2025-02-09T00:16:40,agua,5,6,0.96
2025-02-09T00:16:40,agua,5,7,1.63
2025-02-09T00:16:40,agua,6,1,0.09
2025-02-09T00:16:40,agua,6,2,2.35
2025-02-09T00:16:40,agua,6,3,2.04
2025-02-09T00:16:40,agua,6,4,2.66
2025-02-09T00:16:40,agua,6,5,1.24
2025-02-09T00:16:40,agua,6,6,0.24
2025-02-09T00:16:40,agua,6,7,1.53
2025-02-09T00:16:40,gas,1,1,1.92
2025-02-09T00:16:40,gas,1,2,1.6
2025-02-09T00:16:40,gas,1,3,0.96
2025-02-09T00:16:40,gas,2,1,0.4
2025-02-09T00:16:40,gas,2,2,1.14
2025-02-09T00:16:40,gas,2,3,1.44
2025-02-09T00:16:40,gas,3,1,0.87
2025-02-09T00:16:40,gas,3,2,0.77
2025-02-09T00:16:40,gas,3,3,1.11
2025-02-09T00:16:40,gas,4,1,1.34
2025-02-09T00:16:40,gas,4,2,0.26
2025-02-09T00:16:40,gas,4,3,0.38
2025-02-09T00:16:40,temperatura,1,1,20.9
2025-02-09T00:16:40,temperatura,2,1,28.8
2025-02-09T00:16:40,temperatura,3,1,22.6
2025-02-09T00:16:40,temperatura,4,1,29.9
2025-02-09T00:16:40,temperatura,5,1,25.2
2025-02-09T00:16:40,temperatura,6,1,29.2
2025-02-09T00:16:40,movimiento,1,1,9.0
2025-02-09T00:16:40,movimiento,2,1,20.0
2025-02-09T00:16:40,movimiento,3,1,6.0
2025-02-09T00:16:40,movimiento,4,1,10.0
2025-02-09T00:16:40,movimiento,5,1,18.0
2025-02-09T00:16:40,movimiento,6,1,11.0
2025-02-09T00:16:40,huella,1,1,2.0
2025-02-09T00:16:40,huella,2,1,3.0
2025-02-09T00:16:40,huella,3,1,1.0
2025-02-09T00:16:40,huella,4,1,1.0
2025-02-09T00:16:40,huella,5,1,0.0
2025-02-09T00:16:40,huella,6,1,1.0
2025-02-09T00:17:20,luz,1,1,1.05
2025-02-09T00:17:20,luz,1,2,3.0
2025-02-09T00:17:20,luz,1,3,2.96
2025-02-09T00:17:20,luz,1,4,2.39
2025-02-09T00:17:20,luz,1,5,2.71
2025-02-09T00:17:20,luz,1,6,2.99
2025-02-09T00:17:20,luz,1,7,1.1
2025-02-09T00:17:20,luz,2,1,2.02
2025-02-09T00:17:20,luz,2,2,2.6
2025-02-09T00:17:20,luz,2,3,1.73
2025-02-09T00:17:20,luz,2,4,1.87
2025-02-09T00:17:20,luz,2,5,1.51
2025-02-09T00:17:20,luz,2,6,1.72
2025-02-09T00:17:20,luz,2,7,2.91
2025-02-09T00:17:20,luz,3,1,0.85
2025-02-09T00:17:20,luz,3,2,2.54
2025-02-09T00:17:20,luz,3,3,0.51
2025-02-09T00:17:20,luz,3,4,1.85
2025-02-09T00:17:20,luz,3,5,0.76
2025-02-09T00:17:20,luz,3,6,2.62
2025-02-09T00:17:20,luz,3,7,1.17
2025-02-09T00:17:20,luz,4,1,2.54
2025-02-09T00:17:20,luz,4,2,2.56
2025-02-09T00:17:20,luz,4,3,2.09
2025-02-09T00:17:20,luz,4,4,1.13
2025-02-09T00:17:20,luz,4,5,1.09
2025-02-09T00:17:20,luz,4,6,1.76
2025-02-09T00:17:20,luz,4,7,2.21
2025-02-09T00:17:20,luz,5,1,2.23
2025-02-09T00:17:20,luz,5,2,1.64
2025-02-09T00:17:20,luz,5,3,2.64
2025-02-09T00:17:20,luz,5,4,2.32
2025-02-09T00:17:20,luz,5,5,1.29
2025-02-09T00:17:20,luz,5,6,0.52
2025-02-09T00:17:20,luz,5,7,0.65
2025-02-09T00:17:20,luz,6,1,0.61
2025-02-09T00:17:20,luz,6,2,2.01
2025-02-09T00:17:20,luz,6,3,0.63
2025-02-09T00:17:20,luz,6,4,2.97
2025-02-09T00:17:20,luz,6,5,2.78
2025-02-09T00:17:20,luz,6,6,2.95
2025-02-09T00:17:20,luz,6,7,2.39
2025-02-09T00:17:20,agua,1,1,1.04
2025-02-09T00:17:20,agua,1,2,1.12
2025-02-09T00:17:20,agua,1,3,0.21
2025-02-09T00:17:20,agua,1,4,2.17
2025-02-09T00:17:20,agua,1,5,0.65
2025-02-09T00:17:20,agua,1,6,2.9
2025-02-09T00:17:20,agua,1,7,2.74
2025-02-09T00:17:20,agua,2,1,0.76
2025-02-09T00:17:20,agua,2,2,0.14
2025-02-09T00:17:20,agua,2,3,0.79
2025-02-09T00:17:20,agua,2,4,2.97
2025-02-09T00:17:20,agua,2,5,2.49
2025-02-09T00:17:20,agua,2,6,0.17
2025-02-09T00:17:20,agua,2,7,0.87
2025-02-09T00:17:20,agua,3,1,1.58
2025-02-09T00:17:20,agua,3,2,1.72
2025-02-09T00:17:20,agua,3,3,0.95
2025-02-09T00:17:20,agua,3,4,0.25
2025-02-09T00:17:20,agua,3,5,0.42
2025-02-09T00:17:20,agua,3,6,2.35
2025-02-09T00:17:20,agua,3,7,1.31
2025-02-09T00:17:20,agua,4,1,0.8
2025-02-09T00:17:20,agua,4,2,1.38
2025-02-09T00:17:20,agua,4,3,0.77
2025-02-09T00:17:20,agua,4,4,1.7
2025-02-09T00:17:20,agua,4,5,0.08
2025-02-09T00:17:20,agua,4,6,1.49
2025-02-09T00:17:20,agua,4,7,2.61
2025-02-09T00:17:20,agua,5,1,0.31
2025-02-09T00:17:20,agua,5,2,0.54
2025-02-09T00:17:20,agua,5,3,0.68
2025-02-09T00:17:20,agua,5,4,2.1
2025-02-09T00:17:20,agua,5,5,1.87
2025-02-09T00:17:20,agua,5,6,1.9
2025-02-09T00:17:20,agua,5,7,2.69
2025-02-09T00:17:20,agua,6,1,0.48
2025-02-09T00:17:20,agua,6,2,2.32
2025-02-09T00:17:20,agua,6,3,1.4
2025-02-09T00:17:20,agua,6,4,2.86
2025-02-09T00:17:20,agua,6,5,0.65
2025-02-09T00:17:20,agua,6,6,1.75
2025-02-09T00:17:20,agua,6,7,2.41
2025-02-09T00:17:20,gas,1,1,1.18
2025-02-09T00:17:20,gas,1,2,1.5
2025-02-09T00:17:20,gas,1,3,0.31
2025-02-09T00:17:20,gas,2,1,0.49
2025-02-09T00:17:20,gas,2,2,1.45
2025-02-09T00:17:20,gas,2,3,0.15
2025-02-09T00:17:20,gas,3,1,1.17
2025-02-09T00:17:20,gas,3,2,1.06
2025-02-09T00:17:20,gas,3,3,1.47
2025-02-09T00:17:20,gas,4,1,0.9
2025-02-09T00:17:20,gas,4,2,0.57
2025-02-09T00:17:20,gas,4,3,0.27
2025-02-09T00:17:20,temperatura,1,1,26.7
2025-02-09T00:17:20,temperatura,2,1,21.2
2025-02-09T00:17:20,temperatura,3,1,21.9
2025-02-09T00:17:20,temperatura,4,1,28.7
2025-02-09T00:17:20,temperatura,5,1,26.1
2025-02-09T00:17:20,temperatura,6,1,26.7
2025-02-09T00:17:20,movimiento,1,1,13.0
2025-02-09T00:17:20,movimiento,2,1,9.0
2025-02-09T00:17:20,movimiento,3,1,7.0
2025-02-09T00:17:20,movimiento,4,1,19.0
2025-02-09T00:17:20,movimiento,5,1,14.0
2025-02-09T00:17:20,movimiento,6,1,6.0
2025-02-09T00:17:20,huella,1,1,0.0
2025-02-09T00:17:20,huella,2,1,0.0
2025-02-09T00:17:20,huella,3,1,0.0
2025-02-09T00:17:20,huella,4,1,2.0
2025-02-09T00:17:20,huella,5,1,1.0
2025-02-09T00:17:20,huella,6,1,1.0
2025-02-09T00:18:00,luz,1,1,2.91
2025-02-09T00:18:00,luz,1,2,1.76
2025-02-09T00:18:00,luz,1,3,1.35
2025-02-09T00:18:00,luz,1,4,2.29
2025-02-09T00:18:00,luz,1,5,1.88
2025-02-09T00:18:00,luz,1,6,2.84
2025-02-09T00:18:00,luz,1,7,2.16
2025-02-09T00:18:00,luz,2,1,1.4
2025-02-09T00:18:00,luz,2,2,2.67
2025-02-09T00:18:00,luz,2,3,0.62
2025-02-09T00:18:00,luz,2,4,1.33
2025-02-09T00:18:00,luz,2,5,1.12
2025-02-09T00:18:00,luz,2,6,2.39
2025-02-09T00:18:00,luz,2,7,1.72
2025-02-09T00:18:00,luz,3,1,2.99
2025-02-09T00:18:00,luz,3,2,2.8
2025-02-09T00:18:00,luz,3,3,1.84
2025-02-09T00:18:00,luz,3,4,2.51
2025-02-09T00:18:00,luz,3,5,2.07
2025-02-09T00:18:00,luz,3,6,2.65
2025-02-09T00:18:00,luz,3,7,1.14
2025-02-09T00:18:00,luz,4,1,2.44
2025-02-09T00:18:00,luz,4,2,2.09
2025-02-09T00:18:00,luz,4,3,0.75
2025-02-09T00:18:00,luz,4,4,2.34
2025-02-09T00:18:00,luz,4,5,1.84
2025-02-09T00:18:00,luz,4,6,2.23
2025-02-09T00:18:00,luz,4,7,0.78
2025-02-09T00:18:00,luz,5,1,2.88
2025-02-09T00:18:00,luz,5,2,2.21
2025-02-09T00:18:00,luz,5,3,1.53
2025-02-09T00:18:00,luz,5,4,2.91
2025-02-09T00:18:00,luz,5,5,2.22
2025-02-09T00:18:00,luz,5,6,2.32
2025-02-09T00:18:00,luz,5,7,2.52
2025-02-09T00:18:00,luz,6,1,0.56
2025-02-09T00:18:00,luz,6,2,2.6
2025-02-09T00:18:00,luz,6,3,2.54
2025-02-09T00:18:00,luz,6,4,2.71
2025-02-09T00:18:00,luz,6,5,2.05
2025-02-09T00:18:00,luz,6,6,1.21
2025-02-09T00:18:00,luz,6,7,1.6
2025-02-09T00:18:00,agua,1,1,0.74
2025-02-09T00:18:00,agua,1,2,1.88
2025-02-09T00:18:00,agua,1,3,0.26
2025-02-09T00:18:00,agua,1,4,0.74
2025-02-09T00:18:00,agua,1,5,1.41
2025-02-09T00:18:00,agua,1,6,2.27
2025-02-09T00:18:00,agua,1,7,1.56
2025-02-09T00:18:00,agua,2,1,1.38
2025-02-09T00:18:00,agua,2,2,1.55
2025-02-09T00:18:00,agua,2,3,2.23
2025-02-09T00:18:00,agua,2,4,1.04
2025-02-09T00:18:00,agua,2,5,2.02
2025-02-09T00:18:00,agua,2,6,0.3
2025-02-09T00:18:00,agua,2,7,2.64
2025-02-09T00:18:00,agua,3,1,2.74
2025-02-09T00:18:00,agua,3,2,2.26
2025-02-09T00:18:00,agua,3,3,1.04
2025-02-09T00:18:00,agua,3,4,0.0
2025-02-09T00:18:00,agua,3,5,1.27
2025-02-09T00:18:00,agua,3,6,1.4
2025-02-09T00:18:00,agua,3,7,0.06
2025-02-09T00:18:00,agua,4,1,2.79
2025-02-09T00:18:00,agua,4,2,1.62
2025-02-09T00:18:00,agua,4,3,0.35
2025-02-09T00:18:00,agua,4,4,0.93
2025-02-09T00:18:00,agua,4,5,0.22
2025-02-09T00:18:00,agua,4,6,1.79
2025-02-09T00:18:00,agua,4,7,0.19
2025-02-09T00:18:00,agua,5,1,2.71
2025-02-09T00:18:00,agua,5,2,2.03
2025-02-09T00:18:00,agua,5,3,1.29
2025-02-09T00:18:00,agua,5,4,0.56
2025-02-09T00:18:00,agua,5,5,1.99
2025-02-09T00:18:00,agua,5,6,1.85
2025-02-09T00:18:00,agua,5,7,2.49
2025-02-09T00:18:00,agua,6,1,1.63
2025-02-09T00:18:00,agua,6,2,1.71
2025-02-09T00:18:00,agua,6,3,0.64
2025-02-09T00:18:00,agua,6,4,2.24
2025-02-09T00:18:00,agua,6,5,0.07
2025-02-09T00:18:00,agua,6,6,1.7
2025-02-09T00:18:00,agua,6,7,0.95
2025-02-09T00:18:00,gas,1,1,0.47
2025-02-09T00:18:00,gas,1,2,1.92
2025-02-09T00:18:00,gas,1,3,0.41
2025-02-09T00:18:00,gas,2,1,1.98
2025-02-09T00:18:00,gas,2,2,1.67
2025-02-09T00:18:00,gas,2,3,1.5
2025-02-09T00:18:00,gas,3,1,1.23
2025-02-09T00:18:00,gas,3,2,1.71
2025-02-09T00:18:00,gas,3,3,0.53
2025-02-09T00:18:00,gas,4,1,1.34
2025-02-09T00:18:00,gas,4,2,1.27
2025-02-09T00:18:00,gas,4,3,1.12
2025-02-09T00:18:00,temperatura,1,1,25.2
2025-02-09T00:18:00,temperatura,2,1,28.7
2025-02-09T00:18:00,temperatura,3,1,28.6
2025-02-09T00:18:00,temperatura,4,1,27.6
2025-02-09T00:18:00,temperatura,5,1,29.1
2025-02-09T00:18:00,temperatura,6,1,28.3
2025-02-09T00:18:00,movimiento,1,1,16.0
2025-02-09T00:18:00,movimiento,2,1,7.0
2025-02-09T00:18:00,movimiento,3,1,14.0
2025-02-09T00:18:00,movimiento,4,1,13.0
2025-02-09T00:18:00,movimiento,5,1,16.0
2025-02-09T00:18:00,movimiento,6,1,14.0
2025-02-09T00:18:00,huella,1,1,2.0
2025-02-09T00:18:00,huella,2,1,2.0
2025-02-09T00:18:00,huella,3,1,0.0
2025-02-09T00:18:00,huella,4,1,2.0
2025-02-09T00:18:00,huella,5,1,0.0
2025-02-09T00:18:00,huella,6,1,1.0
2025-02-09T00:18:40,luz,1,1,1.82
2025-02-09T00:18:40,luz,1,2,2.46
2025-02-09T00:18:40,luz,1,3,1.1
2025-02-09T00:18:40,luz,1,4,1.62
2025-02-09T00:18:40,luz,1,5,2.86
2025-02-09T00:18:40,luz,1,6,1.34
2025-02-09T00:18:40,luz,1,7,2.9
2025-02-09T00:18:40,luz,2,1,2.4
2025-02-09T00:18:40,luz,2,2,2.03
2025-02-09T00:18:40,luz,2,3,0.91
2025-02-09T00:18:40,luz,2,4,1.79
2025-02-09T00:18:40,luz,2,5,1.41
2025-02-09T00:18:40,luz,2,6,2.21
2025-02-09T00:18:40,luz,2,7,2.32
2025-02-09T00:18:40,luz,3,1,1.09
2025-02-09T00:18:40,luz,3,2,1.89
2025-02-09T00:18:40,luz,3,3,1.32
2025-02-09T00:18:40,luz,3,4,1.93
2025-02-09T00:18:40,luz,3,5,2.26
2025-02-09T00:18:40,luz,3,6,1.3
2025-02-09T00:18:40,luz,3,7,0.52
2025-02-09T00:18:40,luz,4,1,0.91
2025-02-09T00:18:40,luz,4,2,2.23
2025-02-09T00:18:40,luz,4,3,2.67
2025-02-09T00:18:40,luz,4,4,2.66
2025-02-09T00:18:40,luz,4,5,2.69
2025-02-09T00:18:40,luz,4,6,0.76
2025-02-09T00:18:40,luz,4,7,0.87
2025-02-09T00:18:40,luz,5,1,2.92
2025-02-09T00:18:40,luz,5,2,0.92
2025-02-09T00:18:40,luz,5,3,0.72
2025-02-09T00:18:40,luz,5,4,0.71
2025-02-09T00:18:40,luz,5,5,0.75
2025-02-09T00:18:40,luz,5,6,1.75
2025-02-09T00:18:40,luz,5,7,2.79
2025-02-09T00:18:40,luz,6,1,2.25
2025-02-09T00:18:40,luz,6,2,2.86
2025-02-09T00:18:40,luz,6,3,1.43
2025-02-09T00:18:40,luz,6,4,0.57
2025-02-09T00:18:40,luz,6,5,0.68
2025-02-09T00:18:40,luz,6,6,1.75
2025-02-09T00:18:40,luz,6,7,0.72
2025-02-09T00:18:40,agua,1,1,2.73
2025-02-09T00:18:40,agua,1,2,1.3
2025-02-09T00:18:40,agua,1,3,2.68
2025-02-09T00:18:40,agua,1,4,2.66
2025-02-09T00:18:40,agua,1,5,0.32
2025-02-09T00:18:40,agua,1,6,1.24
2025-02-09T00:18:40,agua,1,7,1.71
2025-02-09T00:18:40,agua,2,1,2.61
2025-02-09T00:18:40,agua,2,2,1.94
2025-02-09T00:18:40,agua,2,3,0.25
2025-02-09T00:18:40,agua,2,4,1.24
2025-02-09T00:18:40,agua,2,5,2.52
2025-02-09T00:18:40,agua,2,6,0.08
2025-02-09T00:18:40,agua,2,7,2.19
2025-02-09T00:18:40,agua,3,1,0.09
2025-02-09T00:18:40,agua,3,2,1.85
2025-02-09T00:18:40,agua,3,3,2.58
2025-02-09T00:18:40,agua,3,4,2.9
2025-02-09T00:18:40,agua,3,5,1.55
2025-02-09T00:18:40,agua,3,6,1.04
2025-02-09T00:18:40,agua,3,7,1.6
2025-02-09T00:18:40,agua,4,1,1.08
2025-02-09T00:18:40,agua,4,2,2.6
2025-02-09T00:18:40,agua,4,3,0.02
2025-02-09T00:18:40,agua,4,4,1.05
2025-02-09T00:18:40,agua,4,5,0.94
2025-02-09T00:18:40,agua,4,6,1.27
2025-02-09T00:18:40,agua,4,7,0.92
2025-02-09T00:18:40,agua,5,1,1.07
2025-02-09T00:18:40,agua,5,2,1.89
2025-02-09T00:18:40,agua,5,3,1.86
2025-02-09T00:18:40,agua,5,4,1.26
2025-02-09T00:18:40,agua,5,5,1.56
2025-02-09T00:18:40,agua,5,6,0.57
2025-02-09T00:18:40,agua,5,7,2.39
2025-02-09T00:18:40,agua,6,1,0.47
2025-02-09T00:18:40,agua,6,2,0.43
2025-02-09T00:18:40,agua,6,3,2.94
2025-02-09T00:18:40,agua,6,4,1.62
2025-02-09T00:18:40,agua,6,5,0.98
2025-02-09T00:18:40,agua,6,6,1.03
2025-02-09T00:18:40,agua,6,7,1.63
2025-02-09T00:18:40,gas,1,1,0.28
2025-02-09T00:18:40,gas,1,2,0.32
2025-02-09T00:18:40,gas,1,3,1.09
2025-02-09T00:18:40,gas,2,1,0.77
2025-02-09T00:18:40,gas,2,2,1.92
2025-02-09T00:18:40,gas,2,3,0.74
2025-02-09T00:18:40,gas,3,1,1.93
2025-02-09T00:18:40,gas,3,2,0.76
2025-02-09T00:18:40,gas,3,3,0.82
2025-02-09T00:18:40,gas,4,1,0.36
2025-02-09T00:18:40,gas,4,2,0.51
2025-02-09T00:18:40,gas,4,3,0.6
2025-02-09T00:18:40,temperatura,1,1,27.8
2025-02-09T00:18:40,temperatura,2,1,29.4
2025-02-09T00:18:40,temperatura,3,1,24.5
2025-02-09T00:18:40,temperatura,4,1,25.8
2025-02-09T00:18:40,temperatura,5,1,27.4
2025-02-09T00:18:40,temperatura,6,1,27.0
2025-02-09T00:18:40,movimiento,1,1,12.0
2025-02-09T00:18:40,movimiento,2,1,20.0
2025-02-09T00:18:40,movimiento,3,1,16.0
2025-02-09T00:18:40,movimiento,4,1,20.0
2025-02-09T00:18:40,movimiento,5,1,15.0
2025-02-09T00:18:40,movimiento,6,1,15.0
2025-02-09T00:18:40,huella,1,1,3.0
2025-02-09T00:18:40,huella,2,1,1.0
2025-02-09T00:18:40,huella,3,1,0.0
2025-02-09T00:18:40,huella,4,1,3.0
2025-02-09T00:18:40,huella,5,1,3.0
2025-02-09T00:18:40,huella,6,1,2.0
2025-02-09T00:19:20,luz,1,1,2.9
2025-02-09T00:19:20,luz,1,2,1.59
2025-02-09T00:19:20,luz,1,3,1.69
2025-02-09T00:19:20,luz,1,4,0.83
2025-02-09T00:19:20,luz,1,5,2.85
2025-02-09T00:19:20,luz,1,6,1.29
2025-02-09T00:19:20,luz,1,7,1.82
2025-02-09T00:19:20,luz,2,1,2.36
2025-02-09T00:19:20,luz,2,2,2.05
2025-02-09T00:19:20,luz,2,3,0.57
2025-02-09T00:19:20,luz,2,4,2.91
2025-02-09T00:19:20,luz,2,5,1.08
2025-02-09T00:19:20,luz,2,6,2.41
2025-02-09T00:19:20,luz,2,7,2.87
2025-02-09T00:19:20,luz,3,1,2.56
2025-02-09T00:19:20,luz,3,2,2.29
2025-02-09T00:19:20,luz,3,3,1.37
2025-02-09T00:19:20,luz,3,4,2.44
2025-02-09T00:19:20,luz,3,5,1.54
2025-02-09T00:19:20,luz,3,6,1.78
2025-02-09T00:19:20,luz,3,7,1.15
2025-02-09T00:19:20,luz,4,1,1.92
2025-02-09T00:19:20,luz,4,2,1.86
2025-02-09T00:19:20,luz,4,3,1.41
2025-02-09T00:19:20,luz,4,4,0.72
2025-02-09T00:19:20,luz,4,5,2.82
2025-02-09T00:19:20,luz,4,6,1.89
2025-02-09T00:19:20,luz,4,7,1.08
2025-02-09T00:19:20,luz,5,1,0.5
2025-02-09T00:19:20,luz,5,2,2.17
2025-02-09T00:19:20,luz,5,3,2.92
2025-02-09T00:19:20,luz,5,4,1.31
2025-02-09T00:19:20,luz,5,5,2.21
2025-02-09T00:19:20,luz,5,6,1.4
2025-02-09T00:19:20,luz,5,7,2.65
2025-02-09T00:19:20,luz,6,1,2.46
2025-02-09T00:19:20,luz,6,2,2.83
2025-02-09T00:19:20,luz,6,3,2.98
2025-02-09T00:19:20,luz,6,4,2.17
2025-02-09T00:19:20,luz,6,5,3.0
2025-02-09T00:19:20,luz,6,6,2.24
2025-02-09T00:19:20,luz,6,7,0.69
2025-02-09T00:19:20,agua,1,1,1.4
2025-02-09T00:19:20,agua,1,2,2.57
2025-02-09T00:19:20,agua,1,3,2.47
2025-02-09T00:19:20,agua,1,4,1.97
2025-02-09T00:19:20,agua,1,5,0.95
2025-02-09T00:19:20,agua,1,6,2.49
2025-02-09T00:19:20,agua,1,7,0.88
2025-02-09T00:19:20,agua,2,1,2.22
2025-02-09T00:19:20,agua,2,2,2.88
2025-02-09T00:19:20,agua,2,3,0.58
2025-02-09T00:19:20,agua,2,4,1.56
2025-02-09T00:19:20,agua,2,5,1.68
2025-02-09T00:19:20,agua,2,6,2.75
2025-02-09T00:19:20,agua,2,7,0.59
2025-02-09T00:19:20,agua,3,1,1.5
2025-02-09T00:19:20,agua,3,2,2.32
2025-02-09T00:19:20,agua,3,3,0.08
2025-02-09T00:19:20,agua,3,4,1.15
2025-02-09T00:19:20,agua,3,5,2.33
2025-02-09T00:19:20,agua,3,6,1.85
2025-02-09T00:19:20,agua,3,7,1.82
2025-02-09T00:19:20,agua,4,1,2.46
2025-02-09T00:19:20,agua,4,2,1.89
2025-02-09T00:19:20,agua,4,3,0.59
2025-02-09T00:19:20,agua,4,4,2.0
2025-02-09T00:19:20,agua,4,5,2.34
2025-02-09T00:19:20,agua,4,6,0.39
2025-02-09T00:19:20,agua,4,7,1.84
2025-02-09T00:19:20,agua,5,1,2.71
2025-02-09T00:19:20,agua,5,2,2.22
2025-02-09T00:19:20,agua,5,3,2.21
2025-02-09T00:19:20,agua,5,4,1.07
2025-02-09T00:19:20,agua,5,5,1.21
2025-02-09T00:19:20,agua,5,6,2.66
2025-02-09T00:19:20,agua,5,7,0.02
2025-02-09T00:19:20,agua,6,1,2.45
2025-02-09T00:19:20,agua,6,2,1.72
2025-02-09T00:19:20,agua,6,3,1.57
2025-02-09T00:19:20,agua,6,4,2.13
2025-02-09T00:19:20,agua,6,5,2.23
2025-02-09T00:19:20,agua,6,6,2.38
2025-02-09T00:19:20,agua,6,7,2.67
2025-02-09T00:19:20,gas,1,1,0.38
2025-02-09T00:19:20,gas,1,2,1.16
2025-02-09T00:19:20,gas,1,3,0.55
2025-02-09T00:19:20,gas,2,1,1.63
2025-02-09T00:19:20,gas,2,2,1.6
2025-02-09T00:19:20,gas,2,3,1.37
2025-02-09T00:19:20,gas,3,1,0.85
2025-02-09T00:19:20,gas,3,2,1.04
2025-02-09T00:19:20,gas,3,3,0.99
2025-02-09T00:19:20,gas,4,1,1.29
2025-02-09T00:19:20,gas,4,2,1.17
2025-02-09T00:19:20,gas,4,3,1.26
2025-02-09T00:19:20,temperatura,1,1,23.0
2025-02-09T00:19:20,temperatura,2,1,21.6
2025-02-09T00:19:20,temperatura,3,1,29.5
2025-02-09T00:19:20,temperatura,4,1,25.4
2025-02-09T00:19:20,temperatura,5,1,24.2
2025-02-09T00:19:20,temperatura,6,1,22.9
2025-02-09T00:19:20,movimiento,1,1,5.0
2025-02-09T00:19:20,movimiento,2,1,15.0
2025-02-09T00:19:20,movimiento,3,1,9.0
2025-02-09T00:19:20,movimiento,4,1,5.0
2025-02-09T00:19:20,movimiento,5,1,17.0
2025-02-09T00:19:20,movimiento,6,1,19.0
2025-02-09T00:19:20,huella,1,1,3.0
2025-02-09T00:19:20,huella,2,1,0.0
2025-02-09T00:19:20,huella,3,1,1.0
2025-02-09T00:19:20,huella,4,1,3.0
2025-02-09T00:19:20,huella,5,1,1.0
2025-02-09T00:19:20,huella,6,1,2.0
2025-02-09T00:20:00,luz,1,1,0.93
2025-02-09T00:20:00,luz,1,2,2.9
2025-02-09T00:20:00,luz,1,3,1.74
2025-02-09T00:20:00,luz,1,4,2.84
2025-02-09T00:20:00,luz,1,5,2.93
2025-02-09T00:20:00,luz,1,6,1.27
2025-02-09T00:20:00,luz,1,7,2.76
2025-02-09T00:20:00,luz,2,1,2.18
2025-02-09T00:20:00,luz,2,2,1.94
2025-02-09T00:20:00,luz,2,3,2.36
2025-02-09T00:20:00,luz,2,4,2.86
2025-02-09T00:20:00,luz,2,5,2.96
2025-02-09T00:20:00,luz,2,6,1.02
2025-02-09T00:20:00,luz,2,7,2.62
2025-02-09T00:20:00,luz,3,1,2.08
2025-02-09T00:20:00,luz,3,2,2.81
2025-02-09T00:20:00,luz,3,3,1.49
2025-02-09T00:20:00,luz,3,4,1.69
2025-02-09T00:20:00,luz,3,5,2.35
2025-02-09T00:20:00,luz,3,6,2.53
2025-02-09T00:20:00,luz,3,7,1.49
2025-02-09T00:20:00,luz,4,1,2.24
2025-02-09T00:20:00,luz,4,2,1.71
2025-02-09T00:20:00,luz,4,3,1.19
2025-02-09T00:20:00,luz,4,4,1.93
2025-02-09T00:20:00,luz,4,5,1.43
2025-02-09T00:20:00,luz,4,6,1.04
2025-02-09T00:20:00,luz,4,7,2.88
2025-02-09T00:20:00,luz,5,1,1.24
2025-02-09T00:20:00,luz,5,2,0.88
2025-02-09T00:20:00,luz,5,3,2.23
2025-02-09T00:20:00,luz,5,4,2.86
2025-02-09T00:20:00,luz,5,5,2.1
2025-02-09T00:20:00,luz,5,6,1.49
2025-02-09T00:20:00,luz,5,7,0.83
2025-02-09T00:20:00,luz,6,1,0.86
2025-02-09T00:20:00,luz,6,2,1.05
2025-02-09T00:20:00,luz,6,3,1.92
2025-02-09T00:20:00,luz,6,4,0.5
2025-02-09T00:20:00,luz,6,5,1.19
2025-02-09T00:20:00,luz,6,6,2.55
2025-02-09T00:20:00,luz,6,7,2.06
2025-02-09T00:20:00,agua,1,1,0.72
2025-02-09T00:20:00,agua,1,2,1.5
2025-02-09T00:20:00,agua,1,3,1.06
2025-02-09T00:20:00,agua,1,4,0.52
2025-02-09T00:20:00,agua,1,5,0.48
2025-02-09T00:20:00,agua,1,6,0.68
2025-02-09T00:20:00,agua,1,7,0.61
2025-02-09T00:20:00,agua,2,1,2.86
2025-02-09T00:20:00,agua,2,2,1.94
2025-02-09T00:20:00,agua,2,3,1.62
2025-02-09T00:20:00,agua,2,4,0.32
2025-02-09T00:20:00,agua,2,5,2.68
2025-02-09T00:20:00,agua,2,6,0.38
2025-02-09T00:20:00,agua,2,7,0.96
2025-02-09T00:20:00,agua,3,1,2.02
2025-02-09T00:20:00,agua,3,2,2.57
2025-02-09T00:20:00,agua,3,3,0.23
2025-02-09T00:20:00,agua,3,4,0.62
2025-02-09T00:20:00,agua,3,5,1.65
2025-02-09T00:20:00,agua,3,6,1.23
2025-02-09T00:20:00,agua,3,7,2.13
2025-02-09T00:20:00,agua,4,1,0.73
2025-02-09T00:20:00,agua,4,2,2.32
2025-02-09T00:20:00,agua,4,3,1.56
2025-02-09T00:20:00,agua,4,4,2.38
2025-02-09T00:20:00,agua,4,5,1.32
2025-02-09T00:20:00,agua,4,6,0.98
2025-02-09T00:20:00,agua,4,7,2.37
2025-02-09T00:20:00,agua,5,1,0.08
2025-02-09T00:20:00,agua,5,2,1.1
2025-02-09T00:20:00,agua,5,3,0.29
2025-02-09T00:20:00,agua,5,4,0.91
2025-02-09T00:20:00,agua,5,5,2.16
2025-02-09T00:20:00,agua,5,6,2.08
2025-02-09T00:20:00,agua,5,7,0.37
2025-02-09T00:20:00,agua,6,1,2.36
2025-02-09T00:20:00,agua,6,2,2.62
2025-02-09T00:20:00,agua,6,3,0.73
2025-02-09T00:20:00,agua,6,4,1.96
2025-02-09T00:20:00,agua,6,5,1.02
2025-02-09T00:20:00,agua,6,6,2.31
2025-02-09T00:20:00,agua,6,7,2.73
2025-02-09T00:20:00,gas,1,1,0.79
2025-02-09T00:20:00,gas,1,2,0.78
2025-02-09T00:20:00,gas,1,3,0.75
2025-02-09T00:20:00,gas,2,1,0.83
2025-02-09T00:20:00,gas,2,2,0.6
2025-02-09T00:20:00,gas,2,3,1.89
2025-02-09T00:20:00,gas,3,1,1.76
2025-02-09T00:20:00,gas,3,2,0.24
2025-02-09T00:20:00,gas,3,3,0.57
2025-02-09T00:20:00,gas,4,1,1.95
2025-02-09T00:20:00,gas,4,2,1.48
2025-02-09T00:20:00,gas,4,3,0.62
2025-02-09T00:20:00,temperatura,1,1,22.1
2025-02-09T00:20:00,temperatura,2,1,21.4
2025-02-09T00:20:00,temperatura,3,1,21.3
2025-02-09T00:20:00,temperatura,4,1,27.2
2025-02-09T00:20:00,temperatura,5,1,25.3
2025-02-09T00:20:00,temperatura,6,1,20.3
2025-02-09T00:20:00,movimiento,1,1,19.0
2025-02-09T00:20:00,movimiento,2,1,16.0
2025-02-09T00:20:00,movimiento,3,1,10.0
2025-02-09T00:20:00,movimiento,4,1,14.0
2025-02-09T00:20:00,movimiento,5,1,11.0
2025-02-09T00:20:00,movimiento,6,1,13.0
2025-02-09T00:20:00,huella,1,1,2.0
2025-02-09T00:20:00,huella,2,1,3.0
2025-02-09T00:20:00,huella,3,1,0.0
2025-02-09T00:20:00,huella,4,1,2.0
2025-02-09T00:20:00,huella,5,1,0.0
2025-02-09T00:20:00,huella,6,1,0.0
2025-02-09T00:20:40,luz,1,1,1.04
2025-02-09T00:20:40,luz,1,2,1.61
2025-02-09T00:20:40,luz,1,3,1.62
2025-02-09T00:20:40,luz,1,4,1.58
2025-02-09T00:20:40,luz,1,5,2.19
2025-02-09T00:20:40,luz,1,6,1.23
2025-02-09T00:20:40,luz,1,7,1.13
2025-02-09T00:20:40,luz,2,1,1.31
2025-02-09T00:20:40,luz,2,2,0.7
2025-02-09T00:20:40,luz,2,3,2.56
2025-02-09T00:20:40,luz,2,4,2.13
2025-02-09T00:20:40,luz,2,5,2.75
2025-02-09T00:20:40,luz,2,6,2.03
2025-02-09T00:20:40,luz,2,7,0.8
2025-02-09T00:20:40,luz,3,1,1.65
2025-02-09T00:20:40,luz,3,2,0.54
2025-02-09T00:20:40,luz,3,3,1.68
2025-02-09T00:20:40,luz,3,4,0.8
2025-02-09T00:20:40,luz,3,5,2.8
2025-02-09T00:20:40,luz,3,6,2.42
2025-02-09T00:20:40,luz,3,7,1.0
2025-02-09T00:20:40,luz,4,1,1.81
2025-02-09T00:20:40,luz,4,2,0.74
2025-02-09T00:20:40,luz,4,3,2.08
2025-02-09T00:20:40,luz,4,4,2.65
2025-02-09T00:20:40,luz,4,5,1.91
2025-02-09T00:20:40,luz,4,6,2.31
2025-02-09T00:20:40,luz,4,7,0.84
2025-02-09T00:20:40,luz,5,1,1.6
2025-02-09T00:20:40,luz,5,2,1.49
2025-02-09T00:20:40,luz,5,3,1.49
2025-02-09T00:20:40,luz,5,4,1.73
2025-02-09T00:20:40,luz,5,5,1.23
2025-02-09T00:20:40,luz,5,6,2.25
2025-02-09T00:20:40,luz,5,7,1.58
2025-02-09T00:20:40,luz,6,1,1.37
2025-02-09T00:20:40,luz,6,2,1.14
2025-02-09T00:20:40,luz,6,3,1.93
2025-02-09T00:20:40,luz,6,4,0.75
2025-02-09T00:20:40,luz,6,5,1.32
2025-02-09T00:20:40,luz,6,6,2.03
2025-02-09T00:20:40,luz,6,7,2.86
2025-02-09T00:20:40,agua,1,1,2.93
2025-02-09T00:20:40,agua,1,2,2.6
2025-02-09T00:20:40,agua,1,3,1.82
2025-02-09T00:20:40,agua,1,4,0.45
2025-02-09T00:20:40,agua,1,5,2.21
2025-02-09T00:20:40,agua,1,6,0.84
2025-02-09T00:20:40,agua,1,7,0.89
2025-02-09T00:20:40,agua,2,1,0.34
2025-02-09T00:20:40,agua,2,2,0.89
2025-02-09T00:20:40,agua,2,3,2.79
2025-02-09T00:20:40,agua,2,4,2.87
2025-02-09T00:20:40,agua,2,5,1.82
2025-02-09T00:20:40,agua,2,6,0.36
2025-02-09T00:20:40,agua,2,7,0.29
2025-02-09T00:20:40,agua,3,1,1.34
2025-02-09T00:20:40,agua,3,2,1.74
2025-02-09T00:20:40,agua,3,3,0.23
2025-02-09T00:20:40,agua,3,4,0.77
2025-02-09T00:20:40,agua,3,5,0.58
2025-02-09T00:20:40,agua,3,6,0.48
2025-02-09T00:20:40,agua,3,7,2.75
2025-02-09T00:20:40,agua,4,1,1.01
2025-02-09T00:20:40,agua,4,2,3.0
2025-02-09T00:20:40,agua,4,3,0.78
2025-02-09T00:20:40,agua,4,4,0.23
2025-02-09T00:20:40,agua,4,5,0.66
2025-02-09T00:20:40,agua,4,6,2.38
2025-02-09T00:20:40,agua,4,7,0.42
2025-02-09T00:20:40,agua,5,1,1.48
2025-02-09T00:20:40,agua,5,2,0.82
2025-02-09T00:20:40,agua,5,3,2.47
2025-02-09T00:20:40,agua,5,4,2.01
2025-02-09T00:20:40,agua,5,5,1.77
2025-02-09T00:20:40,agua,5,6,0.46
2025-02-09T00:20:40,agua,5,7,2.84
2025-02-09T00:20:40,agua,6,1,0.42
2025-02-09T00:20:40,agua,6,2,1.72
2025-02-09T00:20:40,agua,6,3,0.92
2025-02-09T00:20:40,agua,6,4,2.97
2025-02-09T00:20:40,agua,6,5,0.5
2025-02-09T00:20:40,agua,6,6,0.7
2025-02-09T00:20:40,agua,6,7,0.29
2025-02-09T00:20:40,gas,1,1,0.73
2025-02-09T00:20:40,gas,1,2,0.85
2025-02-09T00:20:40,gas,1,3,1.16
2025-02-09T00:20:40,gas,2,1,0.34
2025-02-09T00:20:40,gas,2,2,1.87
2025-02-09T00:20:40,gas,2,3,1.96
2025-02-09T00:20:40,gas,3,1,0.47
2025-02-09T00:20:40,gas,3,2,1.27
2025-02-09T00:20:40,gas,3,3,0.5
2025-02-09T00:20:40,gas,4,1,0.86
2025-02-09T00:20:40,gas,4,2,1.89
2025-02-09T00:20:40,gas,4,3,0.21
2025-02-09T00:20:40,temperatura,1,1,28.7
2025-02-09T00:20:40,temperatura,2,1,25.6
2025-02-09T00:20:40,temperatura,3,1,29.2
2025-02-09T00:20:40,temperatura,4,1,26.9
2025-02-09T00:20:40,temperatura,5,1,29.4
2025-02-09T00:20:40,temperatura,6,1,22.1
2025-02-09T00:20:40,movimiento,1,1,18.0
2025-02-09T00:20:40,movimiento,2,1,12.0
2025-02-09T00:20:40,movimiento,3,1,11.0
2025-02-09T00:20:40,movimiento,4,1,7.0
2025-02-09T00:20:40,movimiento,5,1,6.0
2025-02-09T00:20:40,movimiento,6,1,6.0
2025-02-09T00:20:40,huella,1,1,3.0
2025-02-09T00:20:40,huella,2,1,2.0
2025-02-09T00:20:40,huella,3,1,1.0
2025-02-09T00:20:40,huella,4,1,0.0
2025-02-09T00:20:40,huella,5,1,1.0
2025-02-09T00:20:40,huella,6,1,3.0
2025-02-09T00:21:20,luz,1,1,1.12
2025-02-09T00:21:20,luz,1,2,0.97
2025-02-09T00:21:20,luz,1,3,2.01
2025-02-09T00:21:20,luz,1,4,0.81
2025-02-09T00:21:20,luz,1,5,2.41
2025-02-09T00:21:20,luz,1,6,1.72
2025-02-09T00:21:20,luz,1,7,1.97
2025-02-09T00:21:20,luz,2,1,1.21
2025-02-09T00:21:20,luz,2,2,1.66
2025-02-09T00:21:20,luz,2,3,0.9
2025-02-09T00:21:20,luz,2,4,1.35
2025-02-09T00:21:20,luz,2,5,1.31
2025-02-09T00:21:20,luz,2,6,1.68
2025-02-09T00:21:20,luz,2,7,0.79
2025-02-09T00:21:20,luz,3,1,0.74
2025-02-09T00:21:20,luz,3,2,0.61
2025-02-09T00:21:20,luz,3,3,2.44
2025-02-09T00:21:20,luz,3,4,2.36
2025-02-09T00:21:20,luz,3,5,2.71
2025-02-09T00:21:20,luz,3,6,1.21
2025-02-09T00:21:20,luz,3,7,1.07
2025-02-09T00:21:20,luz,4,1,1.83
2025-02-09T00:21:20,luz,4,2,0.75
2025-02-09T00:21:20,luz,4,3,2.29
2025-02-09T00:21:20,luz,4,4,2.17
2025-02-09T00:21:20,luz,4,5,1.82
2025-02-09T00:21:20,luz,4,6,1.57
2025-02-09T00:21:20,luz,4,7,0.73
2025-02-09T00:21:20,luz,5,1,2.22
2025-02-09T00:21:20,luz,5,2,2.6
2025-02-09T00:21:20,luz,5,3,2.29
2025-02-09T00:21:20,luz,5,4,1.56
2025-02-09T00:21:20,luz,5,5,2.59
2025-02-09T00:21:20,luz,5,6,1.34
2025-02-09T00:21:20,luz,5,7,1.22
2025-02-09T00:21:20,luz,6,1,2.49
2025-02-09T00:21:20,luz,6,2,1.3
2025-02-09T00:21:20,luz,6,3,1.17
2025-02-09T00:21:20,luz,6,4,1.12
2025-02-09T00:21:20,luz,6,5,2.73
2025-02-09T00:21:20,luz,6,6,1.58
2025-02-09T00:21:20,luz,6,7,1.59
2025-02-09T00:21:20,agua,1,1,2.62
2025-02-09T00:21:20,agua,1,2,0.61
2025-02-09T00:21:20,agua,1,3,1.76
2025-02-09T00:21:20,agua,1,4,1.31
2025-02-09T00:21:20,agua,1,5,0.85
2025-02-09T00:21:20,agua,1,6,2.39
2025-02-09T00:21:20,agua,1,7,0.87
2025-02-09T00:21:20,agua,2,1,0.68
2025-02-09T00:21:20,agua,2,2,2.79
2025-02-09T00:21:20,agua,2,3,0.0
2025-02-09T00:21:20,agua,2,4,0.03
2025-02-09T00:21:20,agua,2,5,2.04
2025-02-09T00:21:20,agua,2,6,2.46
2025-02-09T00:21:20,agua,2,7,1.7
2025-02-09T00:21:20,agua,3,1,1.28
2025-02-09T00:21:20,agua,3,2,1.98
2025-02-09T00:21:20,agua,3,3,2.35
2025-02-09T00:21:20,agua,3,4,0.68
2025-02-09T00:21:20,agua,3,5,2.72
2025-02-09T00:21:20,agua,3,6,0.15
2025-02-09T00:21:20,agua,3,7,0.81
2025-02-09T00:21:20,agua,4,1,1.76
2025-02-09T00:21:20,agua,4,2,2.55
2025-02-09T00:21:20,agua,4,3,0.15
2025-02-09T00:21:20,agua,4,4,1.38
2025-02-09T00:21:20,agua,4,5,2.67
2025-02-09T00:21:20,agua,4,6,0.17
2025-02-09T00:21:20,agua,4,7,1.8
2025-02-09T00:21:20,agua,5,1,1.25
2025-02-09T00:21:20,agua,5,2,2.98
2025-02-09T00:21:20,agua,5,3,1.01
2025-02-09T00:21:20,agua,5,4,0.4
2025-02-09T00:21:20,agua,5,5,2.71
2025-02-09T00:21:20,agua,5,6,2.64
2025-02-09T00:21:20,agua,5,7,1.38
2025-02-09T00:21:20,agua,6,1,2.16
2025-02-09T00:21:20,agua,6,2,1.82
2025-02-09T00:21:20,agua,6,3,0.93
2025-02-09T00:21:20,agua,6,4,2.56
2025-02-09T00:21:20,agua,6,5,2.27
2025-02-09T00:21:20,agua,6,6,2.62
2025-02-09T00:21:20,agua,6,7,2.11
2025-02-09T00:21:20,gas,1,1,0.32
2025-02-09T00:21:20,gas,1,2,1.66
2025-02-09T00:21:20,gas,1,3,0.81
2025-02-09T00:21:20,gas,2,1,0.99
2025-02-09T00:21:20,gas,2,2,0.3
2025-02-09T00:21:20,gas,2,3,0.65
2025-02-09T00:21:20,gas,3,1,0.38
2025-02-09T00:21:20,gas,3,2,1.52
2025-02-09T00:21:20,gas,3,3,1.67
2025-02-09T00:21:20,gas,4,1,1.97
2025-02-09T00:21:20,gas,4,2,0.12
2025-02-09T00:21:20,gas,4,3,0.73
2025-02-09T00:21:20,temperatura,1,1,24.9
2025-02-09T00:21:20,temperatura,2,1,22.7
2025-02-09T00:21:20,temperatura,3,1,20.1
2025-02-09T00:21:20,temperatura,4,1,25.2
2025-02-09T00:21:20,temperatura,5,1,25.1
2025-02-09T00:21:20,temperatura,6,1,27.5
2025-02-09T00:21:20,movimiento,1,1,14.0
2025-02-09T00:21:20,movimiento,2,1,16.0
2025-02-09T00:21:20,movimiento,3,1,13.0
2025-02-09T00:21:20,movimiento,4,1,15.0
2025-02-09T00:21:20,movimiento,5,1,11.0
2025-02-09T00:21:20,movimiento,6,1,18.0
2025-02-09T00:21:20,huella,1,1,0.0
2025-02-09T00:21:20,huella,2,1,0.0
2025-02-09T00:21:20,huella,3,1,2.0
2025-02-09T00:21:20,huella,4,1,1.0
2025-02-09T00:21:20,huella,5,1,3.0
2025-02-09T00:21:20,huella,6,1,0.0
2025-02-09T00:22:00,luz,1,1,1.03
2025-02-09T00:22:00,luz,1,2,0.58
2025-02-09T00:22:00,luz,1,3,1.73
2025-02-09T00:22:00,luz,1,4,1.48
2025-02-09T00:22:00,luz,1,5,1.25
2025-02-09T00:22:00,luz,1,6,0.68
2025-02-09T00:22:00,luz,1,7,1.5
2025-02-09T00:22:00,luz,2,1,0.84
2025-02-09T00:22:00,luz,2,2,1.89
2025-02-09T00:22:00,luz,2,3,0.92
2025-02-09T00:22:00,luz,2,4,1.5
2025-02-09T00:22:00,luz,2,5,1.15
2025-02-09T00:22:00,luz,2,6,1.11
2025-02-09T00:22:00,luz,2,7,1.38
2025-02-09T00:22:00,luz,3,1,2.4
2025-02-09T00:22:00,luz,3,2,1.28
2025-02-09T00:22:00,luz,3,3,1.72
2025-02-09T00:22:00,luz,3,4,1.76
2025-02-09T00:22:00,luz,3,5,2.9
2025-02-09T00:22:00,luz,3,6,2.02
2025-02-09T00:22:00,luz,3,7,1.44
2025-02-09T00:22:00,luz,4,1,0.59
2025-02-09T00:22:00,luz,4,2,0.95
2025-02-09T00:22:00,luz,4,3,0.67
2025-02-09T00:22:00,luz,4,4,1.21
2025-02-09T00:22:00,luz,4,5,2.09
2025-02-09T00:22:00,luz,4,6,1.97
2025-02-09T00:22:00,luz,4,7,1.1
2025-02-09T00:22:00,luz,5,1,1.42
2025-02-09T00:22:00,luz,5,2,2.54
2025-02-09T00:22:00,luz,5,3,1.31
2025-02-09T00:22:00,luz,5,4,2.41
2025-02-09T00:22:00,luz,5,5,1.74
2025-02-09T00:22:00,luz,5,6,2.3
2025-02-09T00:22:00,luz,5,7,2.58
2025-02-09T00:22:00,luz,6,1,2.79
2025-02-09T00:22:00,luz,6,2,1.74
2025-02-09T00:22:00,luz,6,3,2.74
2025-02-09T00:22:00,luz,6,4,1.53
2025-02-09T00:22:00,luz,6,5,2.93
2025-02-09T00:22:00,luz,6,6,1.69
2025-02-09T00:22:00,luz,6,7,1.23
2025-02-09T00:22:00,agua,1,1,0.78
2025-02-09T00:22:00,agua,1,2,1.49
2025-02-09T00:22:00,agua,1,3,2.71
2025-02-09T00:22:00,agua,1,4,1.31
2025-02-09T00:22:00,agua,1,5,2.52
2025-02-09T00:22:00,agua,1,6,0.86
2025-02-09T00:22:00,agua,1,7,2.64
2025-02-09T00:22:00,agua,2,1,2.95
2025-02-09T00:22:00,agua,2,2,1.63
2025-02-09T00:22:00,agua,2,3,2.05
2025-02-09T00:22:00,agua,2,4,2.53
2025-02-09T00:22:00,agua,2,5,0.06
2025-02-09T00:22:00,agua,2,6,0.06
2025-02-09T00:22:00,agua,2,7,0.11
2025-02-09T00:22:00,agua,3,1,1.81
2025-02-09T00:22:00,agua,3,2,2.91
2025-02-09T00:22:00,agua,3,3,2.95
2025-02-09T00:22:00,agua,3,4,1.22
2025-02-09T00:22:00,agua,3,5,0.01
2025-02-09T00:22:00,agua,3,6,1.77
2025-02-09T00:22:00,agua,3,7,2.8
2025-02-09T00:22:00,agua,4,1,2.09
2025-02-09T00:22:00,agua,4,2,0.71
2025-02-09T00:22:00,agua,4,3,0.87
2025-02-09T00:22:00,agua,4,4,1.26
2025-02-09T00:22:00,agua,4,5,0.85
2025-02-09T00:22:00,agua,4,6,2.62
2025-02-09T00:22:00,agua,4,7,1.56
2025-02-09T00:22:00,agua,5,1,0.12
2025-02-09T00:22:00,agua,5,2,1.43
2025-02-09T00:22:00,agua,5,3,1.86
2025-02-09T00:22:00,agua,5,4,0.31
2025-02-09T00:22:00,agua,5,5,1.91
2025-02-09T00:22:00,agua,5,6,1.03
2025-02-09T00:22:00,agua,5,7,2.31
2025-02-09T00:22:00,agua,6,1,2.0
2025-02-09T00:22:00,agua,6,2,0.12
2025-02-09T00:22:00,agua,6,3,1.54
2025-02-09T00:22:00,agua,6,4,2.6
2025-02-09T00:22:00,agua,6,5,0.41
2025-02-09T00:22:00,agua,6,6,0.87
2025-02-09T00:22:00,agua,6,7,0.02
2025-02-09T00:22:00,gas,1,1,1.69
2025-02-09T00:22:00,gas,1,2,1.66
2025-02-09T00:22:00,gas,1,3,1.94
2025-02-09T00:22:00,gas,2,1,1.18
2025-02-09T00:22:00,gas,2,2,1.56
2025-02-09T00:22:00,gas,2,3,0.81
2025-02-09T00:22:00,gas,3,1,1.6
2025-02-09T00:22:00,gas,3,2,1.81
2025-02-09T00:22:00,gas,3,3,0.24
2025-02-09T00:22:00,gas,4,1,1.7
2025-02-09T00:22:00,gas,4,2,0.24
2025-02-09T00:22:00,gas,4,3,0.49
2025-02-09T00:22:00,temperatura,1,1,29.9
2025-02-09T00:22:00,temperatura,2,1,23.6
2025-02-09T00:22:00,temperatura,3,1,28.5
2025-02-09T00:22:00,temperatura,4,1,21.2
2025-02-09T00:22:00,temperatura,5,1,25.7
2025-02-09T00:22:00,temperatura,6,1,23.3
2025-02-09T00:22:00,movimiento,1,1,16.0
2025-02-09T00:22:00,movimiento,2,1,20.0
2025-02-09T00:22:00,movimiento,3,1,6.0
2025-02-09T00:22:00,movimiento,4,1,12.0
2025-02-09T00:22:00,movimiento,5,1,11.0
2025-02-09T00:22:00,movimiento,6,1,16.0
2025-02-09T00:22:00,huella,1,1,3.0
2025-02-09T00:22:00,huella,2,1,0.0
2025-02-09T00:22:00,huella,3,1,2.0
2025-02-09T00:22:00,huella,4,1,0.0
2025-02-09T00:22:00,huella,5,1,2.0
2025-02-09T00:22:00,huella,6,1,1.0
2025-02-09T00:22:40,luz,1,1,0.58
2025-02-09T00:22:40,luz,1,2,0.68
2025-02-09T00:22:40,luz,1,3,2.08
2025-02-09T00:22:40,luz,1,4,1.45
2025-02-09T00:22:40,luz,1,5,2.25
2025-02-09T00:22:40,luz,1,6,2.71
2025-02-09T00:22:40,luz,1,7,0.81
2025-02-09T00:22:40,luz,2,1,0.99
2025-02-09T00:22:40,luz,2,2,2.9
2025-02-09T00:22:40,luz,2,3,0.75
2025-02-09T00:22:40,luz,2,4,0.7
2025-02-09T00:22:40,luz,2,5,1.46
2025-02-09T00:22:40,luz,2,6,2.88
2025-02-09T00:22:40,luz,2,7,1.42
2025-02-09T00:22:40,luz,3,1,2.41
2025-02-09T00:22:40,luz,3,2,0.94
2025-02-09T00:22:40,luz,3,3,1.2
2025-02-09T00:22:40,luz,3,4,1.07
2025-02-09T00:22:40,luz,3,5,2.24
2025-02-09T00:22:40,luz,3,6,1.4
2025-02-09T00:22:40,luz,3,7,1.03
2025-02-09T00:22:40,luz,4,1,1.95
2025-02-09T00:22:40,luz,4,2,2.14
2025-02-09T00:22:40,luz,4,3,1.37
2025-02-09T00:22:40,luz,4,4,1.53
2025-02-09T00:22:40,luz,4,5,1.25
2025-02-09T00:22:40,luz,4,6,1.4
2025-02-09T00:22:40,luz,4,7,1.01
2025-02-09T00:22:40,luz,5,1,2.0
2025-02-09T00:22:40,luz,5,2,2.59
2025-02-09T00:22:40,luz,5,3,2.15
2025-02-09T00:22:40,luz,5,4,1.64
2025-02-09T00:22:40,luz,5,5,1.3
2025-02-09T00:22:40,luz,5,6,0.99
2025-02-09T00:22:40,luz,5,7,1.44
2025-02-09T00:22:40,luz,6,1,1.68
2025-02-09T00:22:40,luz,6,2,2.97
2025-02-09T00:22:40,luz,6,3,2.01
2025-02-09T00:22:40,luz,6,4,0.88
2025-02-09T00:22:40,luz,6,5,0.59
2025-02-09T00:22:40,luz,6,6,0.88
2025-02-09T00:22:40,luz,6,7,0.61
2025-02-09T00:22:40,agua,1,1,0.97
2025-02-09T00:22:40,agua,1,2,0.52
2025-02-09T00:22:40,agua,1,3,0.52
2025-02-09T00:22:40,agua,1,4,1.06
2025-02-09T00:22:40,agua,1,5,1.1
2025-02-09T00:22:40,agua,1,6,2.75
2025-02-09T00:22:40,agua,1,7,1.63
2025-02-09T00:22:40,agua,2,1,0.24
2025-02-09T00:22:40,agua,2,2,1.09
2025-02-09T00:22:40,agua,2,3,1.17
2025-02-09T00:22:40,agua,2,4,0.97
2025-02-09T00:22:40,agua,2,5,1.19
2025-02-09T00:22:40,agua,2,6,1.94
2025-02-09T00:22:40,agua,2,7,2.65
2025-02-09T00:22:40,agua,3,1,1.67
2025-02-09T00:22:40,agua,3,2,1.23
2025-02-09T00:22:40,agua,3,3,1.56
2025-02-09T00:22:40,agua,3,4,1.49
2025-02-09T00:22:40,agua,3,5,0.6
2025-02-09T00:22:40,agua,3,6,2.75
2025-02-09T00:22:40,agua,3,7,1.3
2025-02-09T00:22:40,agua,4,1,1.2
2025-02-09T00:22:40,agua,4,2,2.96
2025-02-09T00:22:40,agua,4,3,0.5
2025-02-09T00:22:40,agua,4,4,0.06
2025-02-09T00:22:40,agua,4,5,2.58
2025-02-09T00:22:40,agua,4,6,2.7
2025-02-09T00:22:40,agua,4,7,2.94
2025-02-09T00:22:40,agua,5,1,2.76
2025-02-09T00:22:40,agua,5,2,2.81
2025-02-09T00:22:40,agua,5,3,0.66
2025-02-09T00:22:40,agua,5,4,0.16
2025-02-09T00:22:40,agua,5,5,2.17
2025-02-09T00:22:40,agua,5,6,1.94
2025-02-09T00:22:40,agua,5,7,2.0
2025-02-09T00:22:40,agua,6,1,0.02
2025-02-09T00:22:40,agua,6,2,0.63
2025-02-09T00:22:40,agua,6,3,2.13
2025-02-09T00:22:40,agua,6,4,2.71
2025-02-09T00:22:40,agua,6,5,1.4
2025-02-09T00:22:40,agua,6,6,2.17
2025-02-09T00:22:40,agua,6,7,0.44
2025-02-09T00:22:40,gas,1,1,0.08
2025-02-09T00:22:40,gas,1,2,1.69
2025-02-09T00:22:40,gas,1,3,1.17
2025-02-09T00:22:40,gas,2,1,0.36
2025-02-09T00:22:40,gas,2,2,1.96
2025-02-09T00:22:40,gas,2,3,1.02
2025-02-09T00:22:40,gas,3,1,0.03
2025-02-09T00:22:40,gas,3,2,1.77
2025-02-09T00:22:40,gas,3,3,0.91
2025-02-09T00:22:40,gas,4,1,1.81
2025-02-09T00:22:40,gas,4,2,0.4
2025-02-09T00:22:40,gas,4,3,0.43
2025-02-09T00:22:40,temperatura,1,1,25.6
2025-02-09T00:22:40,temperatura,2,1,26.0
2025-02-09T00:22:40,temperatura,3,1,26.3
2025-02-09T00:22:40,temperatura,4,1,22.7
2025-02-09T00:22:40,temperatura,5,1,30.0
2025-02-09T00:22:40,temperatura,6,1,20.1
2025-02-09T00:22:40,movimiento,1,1,11.0
2025-02-09T00:22:40,movimiento,2,1,6.0
2025-02-09T00:22:40,movimiento,3,1,10.0
2025-02-09T00:22:40,movimiento,4,1,6.0
2025-02-09T00:22:40,movimiento,5,1,17.0
2025-02-09T00:22:40,movimiento,6,1,6.0
2025-02-09T00:22:40,huella,1,1,3.0
2025-02-09T00:22:40,huella,2,1,1.0
2025-02-09T00:22:40,huella,3,1,1.0
2025-02-09T00:22:40,huella,4,1,3.0
2025-02-09T00:22:40,huella,5,1,0.0
2025-02-09T00:22:40,huella,6,1,0.0
2025-02-09T00:23:20,luz,1,1,2.24
2025-02-09T00:23:20,luz,1,2,2.61
2025-02-09T00:23:20,luz,1,3,0.73
2025-02-09T00:23:20,luz,1,4,1.73
2025-02-09T00:23:20,luz,1,5,1.99
2025-02-09T00:23:20,luz,1,6,1.36
2025-02-09T00:23:20,luz,1,7,1.1
2025-02-09T00:23:20,luz,2,1,0.87
2025-02-09T00:23:20,luz,2,2,2.32
2025-02-09T00:23:20,luz,2,3,2.64
2025-02-09T00:23:20,luz,2,4,0.54
2025-02-09T00:23:20,luz,2,5,0.87
2025-02-09T00:23:20,luz,2,6,2.63
2025-02-09T00:23:20,luz,2,7,2.02
2025-02-09T00:23:20,luz,3,1,1.1
2025-02-09T00:23:20,luz,3,2,1.78
2025-02-09T00:23:20,luz,3,3,0.53
2025-02-09T00:23:20,luz,3,4,1.02
2025-02-09T00:23:20,luz,3,5,0.71
2025-02-09T00:23:20,luz,3,6,1.1
2025-02-09T00:23:20,luz,3,7,0.72
2025-02-09T00:23:20,luz,4,1,1.71
2025-02-09T00:23:20,luz,4,2,1.49
2025-02-09T00:23:20,luz,4,3,2.28
2025-02-09T00:23:20,luz,4,4,1.73
2025-02-09T00:23:20,luz,4,5,1.36
2025-02-09T00:23:20,luz,4,6,1.36
2025-02-09T00:23:20,luz,4,7,2.48
2025-02-09T00:23:20,luz,5,1,0.71
2025-02-09T00:23:20,luz,5,2,2.88
2025-02-09T00:23:20,luz,5,3,1.45
2025-02-09T00:23:20,luz,5,4,2.0
2025-02-09T00:23:20,luz,5,5,1.7
2025-02-09T00:23:20,luz,5,6,0.68
2025-02-09T00:23:20,luz,5,7,0.66
2025-02-09T00:23:20,luz,6,1,2.83
2025-02-09T00:23:20,luz,6,2,0.55
2025-02-09T00:23:20,luz,6,3,2.73
2025-02-09T00:23:20,luz,6,4,2.46
2025-02-09T00:23:20,luz,6,5,2.24
2025-02-09T00:23:20,luz,6,6,2.59
2025-02-09T00:23:20,luz,6,7,2.62
2025-02-09T00:23:20,agua,1,1,2.47
2025-02-09T00:23:20,agua,1,2,0.81
2025-02-09T00:23:20,agua,1,3,1.84
2025-02-09T00:23:20,agua,1,4,1.2
2025-02-09T00:23:20,agua,1,5,1.41
2025-02-09T00:23:20,agua,1,6,1.98
2025-02-09T00:23:20,agua,1,7,2.2
2025-02-09T00:23:20,agua,2,1,0.16
2025-02-09T00:23:20,agua,2,2,1.11
2025-02-09T00:23:20,agua,2,3,1.82
2025-02-09T00:23:20,agua,2,4,2.64
2025-02-09T00:23:20,agua,2,5,0.74
2025-02-09T00:23:20,agua,2,6,2.04
2025-02-09T00:23:20,agua,2,7,0.55
2025-02-09T00:23:20,agua,3,1,1.24
2025-02-09T00:23:20,agua,3,2,0.01
2025-02-09T00:23:20,agua,3,3,1.16
2025-02-09T00:23:20,agua,3,4,1.36
2025-02-09T00:23:20,agua,3,5,2.52
2025-02-09T00:23:20,agua,3,6,0.64
2025-02-09T00:23:20,agua,3,7,0.1
2025-02-09T00:23:20,agua,4,1,1.01
2025-02-09T00:23:20,agua,4,2,1.83
2025-02-09T00:23:20,agua,4,3,0.51
2025-02-09T00:23:20,agua,4,4,1.76
2025-02-09T00:23:20,agua,4,5,1.92
2025-02-09T00:23:20,agua,4,6,1.08
2025-02-09T00:23:20,agua,4,7,2.41
2025-02-09T00:23:20,agua,5,1,1.51
2025-02-09T00:23:20,agua,5,2,2.48
2025-02-09T00:23:20,agua,5,3,0.68
2025-02-09T00:23:20,agua,5,4,0.89
2025-02-09T00:23:20,agua,5,5,1.34
2025-02-09T00:23:20,agua,5,6,2.69
2025-02-09T00:23:20,agua,5,7,2.23
2025-02-09T00:23:20,agua,6,1,2.83
2025-02-09T00:23:20,agua,6,2,0.89
2025-02-09T00:23:20,agua,6,3,2.75
2025-02-09T00:23:20,agua,6,4,0.31
2025-02-09T00:23:20,agua,6,5,1.04
2025-02-09T00:23:20,agua,6,6,1.66
2025-02-09T00:23:20,agua,6,7,1.82
2025-02-09T00:23:20,gas,1,1,0.3
2025-02-09T00:23:20,gas,1,2,0.18
2025-02-09T00:23:20,gas,1,3,1.82
2025-02-09T00:23:20,gas,2,1,0.9
2025-02-09T00:23:20,gas,2,2,0.44
2025-02-09T00:23:20,gas,2,3,1.36
2025-02-09T00:23:20,gas,3,1,0.72
2025-02-09T00:23:20,gas,3,2,0.25
2025-02-09T00:23:20,gas,3,3,1.43
2025-02-09T00:23:20,gas,4,1,0.74
2025-02-09T00:23:20,gas,4,2,0.04
2025-02-09T00:23:20,gas,4,3,0.83
2025-02-09T00:23:20,temperatura,1,1,20.1
2025-02-09T00:23:20,temperatura,2,1,23.7
2025-02-09T00:23:20,temperatura,3,1,27.0
2025-02-09T00:23:20,temperatura,4,1,26.8
2025-02-09T00:23:20,temperatura,5,1,27.5
2025-02-09T00:23:20,temperatura,6,1,24.1
2025-02-09T00:23:20,movimiento,1,1,6.0
2025-02-09T00:23:20,movimiento,2,1,10.0
2025-02-09T00:23:20,movimiento,3,1,16.0
2025-02-09T00:23:20,movimiento,4,1,8.0
2025-02-09T00:23:20,movimiento,5,1,11.0
2025-02-09T00:23:20,movimiento,6,1,18.0
2025-02-09T00:23:20,huella,1,1,2.0
2025-02-09T00:23:20,huella,2,1,3.0
2025-02-09T00:23:20,huella,3,1,2.0
2025-02-09T00:23:20,huella,4,1,0.0
2025-02-09T00:23:20,huella,5,1,3.0
2025-02-09T00:23:20,huella,6,1,2.0
2025-02-09T00:24:00,luz,1,1,2.27
2025-02-09T00:24:00,luz,1,2,1.97
2025-02-09T00:24:00,luz,1,3,2.21
2025-02-09T00:24:00,luz,1,4,1.07
2025-02-09T00:24:00,luz,1,5,0.94
2025-02-09T00:24:00,luz,1,6,1.28
2025-02-09T00:24:00,luz,1,7,2.74
2025-02-09T00:24:00,luz,2,1,0.63
2025-02-09T00:24:00,luz,2,2,0.55
2025-02-09T00:24:00,luz,2,3,2.74
2025-02-09T00:24:00,luz,2,4,0.59
2025-02-09T00:24:00,luz,2,5,0.78
2025-02-09T00:24:00,luz,2,6,2.18
2025-02-09T00:24:00,luz,2,7,0.65
2025-02-09T00:24:00,luz,3,1,1.79
2025-02-09T00:24:00,luz,3,2,1.55
2025-02-09T00:24:00,luz,3,3,0.81
2025-02-09T00:24:00,luz,3,4,2.21
2025-02-09T00:24:00,luz,3,5,0.54
2025-02-09T00:24:00,luz,3,6,2.62
2025-02-09T00:24:00,luz,3,7,2.07
2025-02-09T00:24:00,luz,4,1,2.01
2025-02-09T00:24:00,luz,4,2,2.46
2025-02-09T00:24:00,luz,4,3,0.71
2025-02-09T00:24:00,luz,4,4,1.81
2025-02-09T00:24:00,luz,4,5,1.26
2025-02-09T00:24:00,luz,4,6,2.45
2025-02-09T00:24:00,luz,4,7,1.77
2025-02-09T00:24:00,luz,5,1,0.83
2025-02-09T00:24:00,luz,5,2,1.15
2025-02-09T00:24:00,luz,5,3,1.6
2025-02-09T00:24:00,luz,5,4,2.13
2025-02-09T00:24:00,luz,5,5,1.73
2025-02-09T00:24:00,luz,5,6,2.35
2025-02-09T00:24:00,luz,5,7,2.0
2025-02-09T00:24:00,luz,6,1,0.92
2025-02-09T00:24:00,luz,6,2,1.92
2025-02-09T00:24:00,luz,6,3,1.89
2025-02-09T00:24:00,luz,6,4,1.02
2025-02-09T00:24:00,luz,6,5,2.61
2025-02-09T00:24:00,luz,6,6,2.14
2025-02-09T00:24:00,luz,6,7,1.73
2025-02-09T00:24:00,agua,1,1,2.29
2025-02-09T00:24:00,agua,1,2,1.72
2025-02-09T00:24:00,agua,1,3,2.3
2025-02-09T00:24:00,agua,1,4,2.84
2025-02-09T00:24:00,agua,1,5,1.43
2025-02-09T00:24:00,agua,1,6,0.36
2025-02-09T00:24:00,agua,1,7,1.03
2025-02-09T00:24:00,agua,2,1,2.09
2025-02-09T00:24:00,agua,2,2,1.57
2025-02-09T00:24:00,agua,2,3,1.1
2025-02-09T00:24:00,agua,2,4,0.79
2025-02-09T00:24:00,agua,2,5,1.25
2025-02-09T00:24:00,agua,2,6,2.04
2025-02-09T00:24:00,agua,2,7,2.98
2025-02-09T00:24:00,agua,3,1,0.68
2025-02-09T00:24:00,agua,3,2,0.05
2025-02-09T00:24:00,agua,3,3,1.23
2025-02-09T00:24:00,agua,3,4,0.6
2025-02-09T00:24:00,agua,3,5,2.37
2025-02-09T00:24:00,agua,3,6,2.39
2025-02-09T00:24:00,agua,3,7,0.51
2025-02-09T00:24:00,agua,4,1,2.21
2025-02-09T00:24:00,agua,4,2,1.52
2025-02-09T00:24:00,agua,4,3,2.11
2025-02-09T00:24:00,agua,4,4,2.58
2025-02-09T00:24:00,agua,4,5,2.11
2025-02-09T00:24:00,agua,4,6,1.73
2025-02-09T00:24:00,agua,4,7,1.42
2025-02-09T00:24:00,agua,5,1,2.28
2025-02-09T00:24:00,agua,5,2,2.15
2025-02-09T00:24:00,agua,5,3,1.19
2025-02-09T00:24:00,agua,5,4,2.32
2025-02-09T00:24:00,agua,5,5,1.66
2025-02-09T00:24:00,agua,5,6,0.46
2025-02-09T00:24:00,agua,5,7,2.46
2025-02-09T00:24:00,agua,6,1,2.72
2025-02-09T00:24:00,agua,6,2,2.63
2025-02-09T00:24:00,agua,6,3,0.54
2025-02-09T00:24:00,agua,6,4,2.37
2025-02-09T00:24:00,agua,6,5,1.58
2025-02-09T00:24:00,agua,6,6,0.25
2025-02-09T00:24:00,agua,6,7,0.81
2025-02-09T00:24:00,gas,1,1,1.54
2025-02-09T00:24:00,gas,1,2,1.72
2025-02-09T00:24:00,gas,1,3,0.21
2025-02-09T00:24:00,gas,2,1,1.7
2025-02-09T00:24:00,gas,2,2,1.52
2025-02-09T00:24:00,gas,2,3,1.44
2025-02-09T00:24:00,gas,3,1,1.44
2025-02-09T00:24:00,gas,3,2,0.04
2025-02-09T00:24:00,gas,3,3,0.87
2025-02-09T00:24:00,gas,4,1,0.22
2025-02-09T00:24:00,gas,4,2,1.57
2025-02-09T00:24:00,gas,4,3,0.9
2025-02-09T00:24:00,temperatura,1,1,29.9
2025-02-09T00:24:00,temperatura,2,1,25.9
2025-02-09T00:24:00,temperatura,3,1,21.4
2025-02-09T00:24:00,temperatura,4,1,21.9
2025-02-09T00:24:00,temperatura,5,1,28.5
2025-02-09T00:24:00,temperatura,6,1,23.7
2025-02-09T00:24:00,movimiento,1,1,19.0
2025-02-09T00:24:00,movimiento,2,1,13.0
2025-02-09T00:24:00,movimiento,3,1,12.0
2025-02-09T00:24:00,movimiento,4,1,14.0
2025-02-09T00:24:00,movimiento,5,1,6.0
2025-02-09T00:24:00,movimiento,6,1,12.0
2025-02-09T00:24:00,huella,1,1,2.0
2025-02-09T00:24:00,huella,2,1,2.0
2025-02-09T00:24:00,huella,3,1,3.0
2025-02-09T00:24:00,huella,4,1,2.0
2025-02-09T00:24:00,huella,5,1,0.0
2025-02-09T00:24:00,huella,6,1,1.0
2025-02-09T00:24:40,luz,1,1,2.1
2025-02-09T00:24:40,luz,1,2,0.55
2025-02-09T00:24:40,luz,1,3,1.54
2025-02-09T00:24:40,luz,1,4,1.19
2025-02-09T00:24:40,luz,1,5,2.4
2025-02-09T00:24:40,luz,1,6,2.89
2025-02-09T00:24:40,luz,1,7,2.23
2025-02-09T00:24:40,luz,2,1,0.86
2025-02-09T00:24:40,luz,2,2,1.08
2025-02-09T00:24:40,luz,2,3,0.65
2025-02-09T00:24:40,luz,2,4,0.75
2025-02-09T00:24:40,luz,2,5,2.51
2025-02-09T00:24:40,luz,2,6,1.69
2025-02-09T00:24:40,luz,2,7,2.49
2025-02-09T00:24:40,luz,3,1,1.94
2025-02-09T00:24:40,luz,3,2,1.84
2025-02-09T00:24:40,luz,3,3,0.66
2025-02-09T00:24:40,luz,3,4,2.4
2025-02-09T00:24:40,luz,3,5,0.98
2025-02-09T00:24:40,luz,3,6,1.42
2025-02-09T00:24:40,luz,3,7,1.58
2025-02-09T00:24:40,luz,4,1,0.51
2025-02-09T00:24:40,luz,4,2,2.44
2025-02-09T00:24:40,luz,4,3,2.5
2025-02-09T00:24:40,luz,4,4,2.98
2025-02-09T00:24:40,luz,4,5,2.2
2025-02-09T00:24:40,luz,4,6,1.02
2025-02-09T00:24:40,luz,4,7,0.84
2025-02-09T00:24:40,luz,5,1,0.99
2025-02-09T00:24:40,luz,5,2,0.84
2025-02-09T00:24:40,luz,5,3,0.68
2025-02-09T00:24:40,luz,5,4,1.4
2025-02-09T00:24:40,luz,5,5,2.26
2025-02-09T00:24:40,luz,5,6,1.75
2025-02-09T00:24:40,luz,5,7,1.56
2025-02-09T00:24:40,luz,6,1,1.05
2025-02-09T00:24:40,luz,6,2,2.94
2025-02-09T00:24:40,luz,6,3,0.78
2025-02-09T00:24:40,luz,6,4,0.84
2025-02-09T00:24:40,luz,6,5,0.7
2025-02-09T00:24:40,luz,6,6,2.96
2025-02-09T00:24:40,luz,6,7,1.04
2025-02-09T00:24:40,agua,1,1,1.68
2025-02-09T00:24:40,agua,1,2,2.62
2025-02-09T00:24:40,agua,1,3,1.13
2025-02-09T00:24:40,agua,1,4,2.06
2025-02-09T00:24:40,agua,1,5,0.15
2025-02-09T00:24:40,agua,1,6,0.47
2025-02-09T00:24:40,agua,1,7,0.34
2025-02-09T00:24:40,agua,2,1,2.5
2025-02-09T00:24:40,agua,2,2,1.83
2025-02-09T00:24:40,agua,2,3,1.83
2025-02-09T00:24:40,agua,2,4,1.29
2025-02-09T00:24:40,agua,2,5,0.14
2025-02-09T00:24:40,agua,2,6,2.88
2025-02-09T00:24:40,agua,2,7,2.28
2025-02-09T00:24:40,agua,3,1,0.73
2025-02-09T00:24:40,agua,3,2,1.99
2025-02-09T00:24:40,agua,3,3,0.66
2025-02-09T00:24:40,agua,3,4,2.57
2025-02-09T00:24:40,agua,3,5,0.68
2025-02-09T00:24:40,agua,3,6,1.0
2025-02-09T00:24:40,agua,3,7,2.94
2025-02-09T00:24:40,agua,4,1,2.31
2025-02-09T00:24:40,agua,4,2,0.2
2025-02-09T00:24:40,agua,4,3,2.0
2025-02-09T00:24:40,agua,4,4,0.13
2025-02-09T00:24:40,agua,4,5,2.12
2025-02-09T00:24:40,agua,4,6,1.91
2025-02-09T00:24:40,agua,4,7,1.17
2025-02-09T00:24:40,agua,5,1,2.73
2025-02-09T00:24:40,agua,5,2,2.03
2025-02-09T00:24:40,agua,5,3,1.08
2025-02-09T00:24:40,agua,5,4,0.08
2025-02-09T00:24:40,agua,5,5,0.9
2025-02-09T00:24:40,agua,5,6,2.23
2025-02-09T00:24:40,agua,5,7,0.86
2025-02-09T00:24:40,agua,6,1,0.17
2025-02-09T00:24:40,agua,6,2,2.02
2025-02-09T00:24:40,agua,6,3,0.14
2025-02-09T00:24:40,agua,6,4,0.19
2025-02-09T00:24:40,agua,6,5,1.03
2025-02-09T00:24:40,agua,6,6,2.24
2025-02-09T00:24:40,agua,6,7,2.76
2025-02-09T00:24:40,gas,1,1,0.84
2025-02-09T00:24:40,gas,1,2,1.03
2025-02-09T00:24:40,gas,1,3,1.52
2025-02-09T00:24:40,gas,2,1,0.12
2025-02-09T00:24:40,gas,2,2,1.82
2025-02-09T00:24:40,gas,2,3,1.05
2025-02-09T00:24:40,gas,3,1,1.27
2025-02-09T00:24:40,gas,3,2,0.28
2025-02-09T00:24:40,gas,3,3,1.43
2025-02-09T00:24:40,gas,4,1,0.38
2025-02-09T00:24:40,gas,4,2,1.37
2025-02-09T00:24:40,gas,4,3,1.59
2025-02-09T00:24:40,temperatura,1,1,27.5
2025-02-09T00:24:40,temperatura,2,1,20.5
2025-02-09T00:24:40,temperatura,3,1,25.0
2025-02-09T00:24:40,temperatura,4,1,28.8
2025-02-09T00:24:40,temperatura,5,1,20.1
2025-02-09T00:24:40,temperatura,6,1,26.3
2025-02-09T00:24:40,movimiento,1,1,6.0
2025-02-09T00:24:40,movimiento,2,1,18.0
2025-02-09T00:24:40,movimiento,3,1,18.0
2025-02-09T00:24:40,movimiento,4,1,7.0
2025-02-09T00:24:40,movimiento,5,1,17.0
2025-02-09T00:24:40,movimiento,6,1,7.0
2025-02-09T00:24:40,huella,1,1,3.0
2025-02-09T00:24:40,huella,2,1,2.0
2025-02-09T00:24:40,huella,3,1,1.0
2025-02-09T00:24:40,huella,4,1,0.0
2025-02-09T00:24:40,huella,5,1,3.0
2025-02-09T00:24:40,huella,6,1,2.0
2025-02-09T00:25:20,luz,1,1,2.96
2025-02-09T00:25:20,luz,1,2,2.33
2025-02-09T00:25:20,luz,1,3,2.2
2025-02-09T00:25:20,luz,1,4,1.22
2025-02-09T00:25:20,luz,1,5,2.87
2025-02-09T00:25:20,luz,1,6,2.38
2025-02-09T00:25:20,luz,1,7,2.52
2025-02-09T00:25:20,luz,2,1,2.86
2025-02-09T00:25:20,luz,2,2,1.35
2025-02-09T00:25:20,luz,2,3,1.83
2025-02-09T00:25:20,luz,2,4,1.0
2025-02-09T00:25:20,luz,2,5,1.73
2025-02-09T00:25:20,luz,2,6,2.3
2025-02-09T00:25:20,luz,2,7,2.99
2025-02-09T00:25:20,luz,3,1,2.67
2025-02-09T00:25:20,luz,3,2,2.15
2025-02-09T00:25:20,luz,3,3,1.35
2025-02-09T00:25:20,luz,3,4,1.68
2025-02-09T00:25:20,luz,3,5,2.97
2025-02-09T00:25:20,luz,3,6,2.36
2025-02-09T00:25:20,luz,3,7,0.89
2025-02-09T00:25:20,luz,4,1,1.42
2025-02-09T00:25:20,luz,4,2,1.35
2025-02-09T00:25:20,luz,4,3,2.97
2025-02-09T00:25:20,luz,4,4,1.82
2025-02-09T00:25:20,luz,4,5,2.04
2025-02-09T00:25:20,luz,4,6,1.63
2025-02-09T00:25:20,luz,4,7,0.84
2025-02-09T00:25:20,luz,5,1,0.68
2025-02-09T00:25:20,luz,5,2,0.62
2025-02-09T00:25:20,luz,5,3,1.52
2025-02-09T00:25:20,luz,5,4,0.53
2025-02-09T00:25:20,luz,5,5,2.75
2025-02-09T00:25:20,luz,5,6,1.86
2025-02-09T00:25:20,luz,5,7,1.59
2025-02-09T00:25:20,luz,6,1,2.5
2025-02-09T00:25:20,luz,6,2,0.76
2025-02-09T00:25:20,luz,6,3,0.86
2025-02-09T00:25:20,luz,6,4,2.74
2025-02-09T00:25:20,luz,6,5,1.25
2025-02-09T00:25:20,luz,6,6,2.59
2025-02-09T00:25:20,luz,6,7,1.38
2025-02-09T00:25:20,agua,1,1,1.6
2025-02-09T00:25:20,agua,1,2,0.95
2025-02-09T00:25:20,agua,1,3,2.53
2025-02-09T00:25:20,agua,1,4,1.86
2025-02-09T00:25:20,agua,1,5,0.93
2025-02-09T00:25:20,agua,1,6,0.51
2025-02-09T00:25:20,agua,1,7,0.46
2025-02-09T00:25:20,agua,2,1,1.6
2025-02-09T00:25:20,agua,2,2,0.72
2025-02-09T00:25:20,agua,2,3,2.85
2025-02-09T00:25:20,agua,2,4,0.74
2025-02-09T00:25:20,agua,2,5,2.35
2025-02-09T00:25:20,agua,2,6,0.47
2025-02-09T00:25:20,agua,2,7,2.39
2025-02-09T00:25:20,agua,3,1,2.01
2025-02-09T00:25:20,agua,3,2,1.08
2025-02-09T00:25:20,agua,3,3,1.3
2025-02-09T00:25:20,agua,3,4,0.54
2025-02-09T00:25:20,agua,3,5,0.95
2025-02-09T00:25:20,agua,3,6,1.35
2025-02-09T00:25:20,agua,3,7,0.58
2025-02-09T00:25:20,agua,4,1,1.69
2025-02-09T00:25:20,agua,4,2,1.67
2025-02-09T00:25:20,agua,4,3,2.53
2025-02-09T00:25:20,agua,4,4,2.05
2025-02-09T00:25:20,agua,4,5,1.84
2025-02-09T00:25:20,agua,4,6,2.41
2025-02-09T00:25:20,agua,4,7,2.51
2025-02-09T00:25:20,agua,5,1,2.42
2025-02-09T00:25:20,agua,5,2,1.46
2025-02-09T00:25:20,agua,5,3,2.19
2025-02-09T00:25:20,agua,5,4,1.5
2025-02-09T00:25:20,agua,5,5,2.03
2025-02-09T00:25:20,agua,5,6,1.45
2025-02-09T00:25:20,agua,5,7,2.82
2025-02-09T00:25:20,agua,6,1,2.19
2025-02-09T00:25:20,agua,6,2,0.46
2025-02-09T00:25:20,agua,6,3,0.75
2025-02-09T00:25:20,agua,6,4,2.24
2025-02-09T00:25:20,agua,6,5,2.52
2025-02-09T00:25:20,agua,6,6,0.91
2025-02-09T00:25:20,agua,6,7,2.83
2025-02-09T00:25:20,gas,1,1,0.08
2025-02-09T00:25:20,gas,1,2,1.96
2025-02-09T00:25:20,gas,1,3,1.78
2025-02-09T00:25:20,gas,2,1,1.02
2025-02-09T00:25:20,gas,2,2,0.63
2025-02-09T00:25:20,gas,2,3,0.76
2025-02-09T00:25:20,gas,3,1,1.19
2025-02-09T00:25:20,gas,3,2,0.52
2025-02-09T00:25:20,gas,3,3,1.17
2025-02-09T00:25:20,gas,4,1,0.31
2025-02-09T00:25:20,gas,4,2,0.78
2025-02-09T00:25:20,gas,4,3,0.55
2025-02-09T00:25:20,temperatura,1,1,25.2
2025-02-09T00:25:20,temperatura,2,1,29.9
2025-02-09T00:25:20,temperatura,3,1,28.2
2025-02-09T00:25:20,temperatura,4,1,26.4
2025-02-09T00:25:20,temperatura,5,1,28.4
2025-02-09T00:25:20,temperatura,6,1,25.5
2025-02-09T00:25:20,movimiento,1,1,18.0
2025-02-09T00:25:20,movimiento,2,1,18.0
2025-02-09T00:25:20,movimiento,3,1,8.0
2025-02-09T00:25:20,movimiento,4,1,6.0
2025-02-09T00:25:20,movimiento,5,1,7.0
2025-02-09T00:25:20,movimiento,6,1,10.0
2025-02-09T00:25:20,huella,1,1,3.0
2025-02-09T00:25:20,huella,2,1,1.0
2025-02-09T00:25:20,huella,3,1,2.0
2025-02-09T00:25:20,huella,4,1,0.0
2025-02-09T00:25:20,huella,5,1,1.0
2025-02-09T00:25:20,huella,6,1,0.0
2025-02-09T00:26:00,luz,1,1,2.54
2025-02-09T00:26:00,luz,1,2,1.89
2025-02-09T00:26:00,luz,1,3,0.65
2025-02-09T00:26:00,luz,1,4,1.56
2025-02-09T00:26:00,luz,1,5,2.86
2025-02-09T00:26:00,luz,1,6,2.76
2025-02-09T00:26:00,luz,1,7,2.52
2025-02-09T00:26:00,luz,2,1,2.8
2025-02-09T00:26:00,luz,2,2,1.33
2025-02-09T00:26:00,luz,2,3,0.75
2025-02-09T00:26:00,luz,2,4,0.96
2025-02-09T00:26:00,luz,2,5,2.15
2025-02-09T00:26:00,luz,2,6,0.75
2025-02-09T00:26:00,luz,2,7,1.69
2025-02-09T00:26:00,luz,3,1,2.96
2025-02-09T00:26:00,luz,3,2,1.8
2025-02-09T00:26:00,luz,3,3,1.25
2025-02-09T00:26:00,luz,3,4,2.28
2025-02-09T00:26:00,luz,3,5,1.18
2025-02-09T00:26:00,luz,3,6,0.85
2025-02-09T00:26:00,luz,3,7,1.98
2025-02-09T00:26:00,luz,4,1,2.54
2025-02-09T00:26:00,luz,4,2,2.97
2025-02-09T00:26:00,luz,4,3,2.99
2025-02-09T00:26:00,luz,4,4,1.84
2025-02-09T00:26:00,luz,4,5,2.18
2025-02-09T00:26:00,luz,4,6,2.99
2025-02-09T00:26:00,luz,4,7,1.08
2025-02-09T00:26:00,luz,5,1,2.91
2025-02-09T00:26:00,luz,5,2,1.6
2025-02-09T00:26:00,luz,5,3,1.91
2025-02-09T00:26:00,luz,5,4,2.83
2025-02-09T00:26:00,luz,5,5,2.77
2025-02-09T00:26:00,luz,5,6,1.36
2025-02-09T00:26:00,luz,5,7,2.82
2025-02-09T00:26:00,luz,6,1,1.37
2025-02-09T00:26:00,luz,6,2,2.88
2025-02-09T00:26:00,luz,6,3,1.96
2025-02-09T00:26:00,luz,6,4,0.66
2025-02-09T00:26:00,luz,6,5,2.6
2025-02-09T00:26:00,luz,6,6,2.67
2025-02-09T00:26:00,luz,6,7,2.43
2025-02-09T00:26:00,agua,1,1,1.7
2025-02-09T00:26:00,agua,1,2,2.8
2025-02-09T00:26:00,agua,1,3,1.36
2025-02-09T00:26:00,agua,1,4,0.24
2025-02-09T00:26:00,agua,1,5,1.1
2025-02-09T00:26:00,agua,1,6,1.21
2025-02-09T00:26:00,agua,1,7,0.79
2025-02-09T00:26:00,agua,2,1,2.77
2025-02-09T00:26:00,agua,2,2,1.86
2025-02-09T00:26:00,agua,2,3,2.51
2025-02-09T00:26:00,agua,2,4,1.64
2025-02-09T00:26:00,agua,2,5,1.88
2025-02-09T00:26:00,agua,2,6,1.39
2025-02-09T00:26:00,agua,2,7,0.59
2025-02-09T00:26:00,agua,3,1,0.97
2025-02-09T00:26:00,agua,3,2,2.65
2025-02-09T00:26:00,agua,3,3,0.29
2025-02-09T00:26:00,agua,3,4,1.75
2025-02-09T00:26:00,agua,3,5,1.26
2025-02-09T00:26:00,agua,3,6,0.58
2025-02-09T00:26:00,agua,3,7,2.8
2025-02-09T00:26:00,agua,4,1,2.39
2025-02-09T00:26:00,agua,4,2,2.97
2025-02-09T00:26:00,agua,4,3,0.03
2025-02-09T00:26:00,agua,4,4,1.75
2025-02-09T00:26:00,agua,4,5,1.74
2025-02-09T00:26:00,agua,4,6,0.34
2025-02-09T00:26:00,agua,4,7,1.15
2025-02-09T00:26:00,agua,5,1,1.14
2025-02-09T00:26:00,agua,5,2,1.95
2025-02-09T00:26:00,agua,5,3,1.01
2025-02-09T00:26:00,agua,5,4,1.76
2025-02-09T00:26:00,agua,5,5,1.26
2025-02-09T00:26:00,agua,5,6,2.12
2025-02-09T00:26:00,agua,5,7,1.7
2025-02-09T00:26:00,agua,6,1,2.29
2025-02-09T00:26:00,agua,6,2,1.6
2025-02-09T00:26:00,agua,6,3,2.7
2025-02-09T00:26:00,agua,6,4,2.06
2025-02-09T00:26:00,agua,6,5,1.97
2025-02-09T00:26:00,agua,6,6,1.26
2025-02-09T00:26:00,agua,6,7,1.27
2025-02-09T00:26:00,gas,1,1,0.57
2025-02-09T00:26:00,gas,1,2,0.74
2025-02-09T00:26:00,gas,1,3,1.27
2025-02-09T00:26:00,gas,2,1,1.84
2025-02-09T00:26:00,gas,2,2,0.62
2025-02-09T00:26:00,gas,2,3,1.62
2025-02-09T00:26:00,gas,3,1,0.01
2025-02-09T00:26:00,gas,3,2,0.29
2025-02-09T00:26:00,gas,3,3,0.02
2025-02-09T00:26:00,gas,4,1,0.39
2025-02-09T00:26:00,gas,4,2,0.85
2025-02-09T00:26:00,gas,4,3,1.65
2025-02-09T00:26:00,temperatura,1,1,26.8
2025-02-09T00:26:00,temperatura,2,1,24.9
2025-02-09T00:26:00,temperatura,3,1,25.4
2025-02-09T00:26:00,temperatura,4,1,21.6
2025-02-09T00:26:00,temperatura,5,1,26.4
2025-02-09T00:26:00,temperatura,6,1,20.2
2025-02-09T00:26:00,movimiento,1,1,6.0
2025-02-09T00:26:00,movimiento,2,1,18.0
2025-02-09T00:26:00,movimiento,3,1,5.0
2025-02-09T00:26:00,movimiento,4,1,12.0
2025-02-09T00:26:00,movimiento,5,1,11.0
2025-02-09T00:26:00,movimiento,6,1,8.0
2025-02-09T00:26:00,huella,1,1,2.0
2025-02-09T00:26:00,huella,2,1,3.0
2025-02-09T00:26:00,huella,3,1,1.0
2025-02-09T00:26:00,huella,4,1,2.0
2025-02-09T00:26:00,huella,5,1,2.0
2025-02-09T00:26:00,huella,6,1,2.0
2025-02-09T00:26:40,luz,1,1,1.44
2025-02-09T00:26:40,luz,1,2,1.35
2025-02-09T00:26:40,luz,1,3,2.32
2025-02-09T00:26:40,luz,1,4,2.97
2025-02-09T00:26:40,luz,1,5,1.05
2025-02-09T00:26:40,luz,1,6,2.69
2025-02-09T00:26:40,luz,1,7,1.53
2025-02-09T00:26:40,luz,2,1,2.27
2025-02-09T00:26:40,luz,2,2,1.11
2025-02-09T00:26:40,luz,2,3,1.82
2025-02-09T00:26:40,luz,2,4,1.21
2025-02-09T00:26:40,luz,2,5,0.67
2025-02-09T00:26:40,luz,2,6,1.29
2025-02-09T00:26:40,luz,2,7,0.91
2025-02-09T00:26:40,luz,3,1,1.95
2025-02-09T00:26:40,luz,3,2,0.65
2025-02-09T00:26:40,luz,3,3,1.32
2025-02-09T00:26:40,luz,3,4,1.37
2025-02-09T00:26:40,luz,3,5,1.19
2025-02-09T00:26:40,luz,3,6,1.99
2025-02-09T00:26:40,luz,3,7,0.81
2025-02-09T00:26:40,luz,4,1,1.6
2025-02-09T00:26:40,luz,4,2,1.89
2025-02-09T00:26:40,luz,4,3,1.67
2025-02-09T00:26:40,luz,4,4,2.71
2025-02-09T00:26:40,luz,4,5,1.88
2025-02-09T00:26:40,luz,4,6,1.36
2025-02-09T00:26:40,luz,4,7,2.47
2025-02-09T00:26:40,luz,5,1,1.06
2025-02-09T00:26:40,luz,5,2,1.48
2025-02-09T00:26:40,luz,5,3,0.71
2025-02-09T00:26:40,luz,5,4,2.04
2025-02-09T00:26:40,luz,5,5,1.5
2025-02-09T00:26:40,luz,5,6,2.64
2025-02-09T00:26:40,luz,5,7,2.78
2025-02-09T00:26:40,luz,6,1,1.22
2025-02-09T00:26:40,luz,6,2,0.74
2025-02-09T00:26:40,luz,6,3,1.19
2025-02-09T00:26:40,luz,6,4,1.03
2025-02-09T00:26:40,luz,6,5,2.51
2025-02-09T00:26:40,luz,6,6,2.4
2025-02-09T00:26:40,luz,6,7,1.23
2025-02-09T00:26:40,agua,1,1,0.34
2025-02-09T00:26:40,agua,1,2,2.28
2025-02-09T00:26:40,agua,1,3,2.22
2025-02-09T00:26:40,agua,1,4,1.0
2025-02-09T00:26:40,agua,1,5,2.73
2025-02-09T00:26:40,agua,1,6,0.19
2025-02-09T00:26:40,agua,1,7,0.18
2025-02-09T00:26:40,agua,2,1,2.57
2025-02-09T00:26:40,agua,2,2,0.19
2025-02-09T00:26:40,agua,2,3,0.24
2025-02-09T00:26:40,agua,2,4,0.63
2025-02-09T00:26:40,agua,2,5,2.18
2025-02-09T00:26:40,agua,2,6,1.79
2025-02-09T00:26:40,agua,2,7,0.35
2025-02-09T00:26:40,agua,3,1,2.12
2025-02-09T00:26:40,agua,3,2,0.02
2025-02-09T00:26:40,agua,3,3,1.21
2025-02-09T00:26:40,agua,3,4,2.94
2025-02-09T00:26:40,agua,3,5,0.44
2025-02-09T00:26:40,agua,3,6,0.42
2025-02-09T00:26:40,agua,3,7,1.09
2025-02-09T00:26:40,agua,4,1,2.29
2025-02-09T00:26:40,agua,4,2,2.23
2025-02-09T00:26:40,agua,4,3,0.09
2025-02-09T00:26:40,agua,4,4,0.24
2025-02-09T00:26:40,agua,4,5,0.75
2025-02-09T00:26:40,agua,4,6,0.78
2025-02-09T00:26:40,agua,4,7,0.85
2025-02-09T00:26:40,agua,5,1,0.28
2025-02-09T00:26:40,agua,5,2,1.68
2025-02-09T00:26:40,agua,5,3,1.74
2025-02-09T00:26:40,agua,5,4,0.85
2025-02-09T00:26:40,agua,5,5,0.81
2025-02-09T00:26:40,agua,5,6,2.9
2025-02-09T00:26:40,agua,5,7,1.04
2025-02-09T00:26:40,agua,6,1,2.51
2025-02-09T00:26:40,agua,6,2,2.61
2025-02-09T00:26:40,agua,6,3,1.5
2025-02-09T00:26:40,agua,6,4,0.07
2025-02-09T00:26:40,agua,6,5,1.54
2025-02-09T00:26:40,agua,6,6,1.08
2025-02-09T00:26:40,agua,6,7,2.3
2025-02-09T00:26:40,gas,1,1,0.75
2025-02-09T00:26:40,gas,1,2,1.75
2025-02-09T00:26:40,gas,1,3,1.83
2025-02-09T00:26:40,gas,2,1,1.3
2025-02-09T00:26:40,gas,2,2,0.87
2025-02-09T00:26:40,gas,2,3,1.18
2025-02-09T00:26:40,gas,3,1,1.39
2025-02-09T00:26:40,gas,3,2,0.46
2025-02-09T00:26:40,gas,3,3,1.14
2025-02-09T00:26:40,gas,4,1,1.11
2025-02-09T00:26:40,gas,4,2,0.23
2025-02-09T00:26:40,gas,4,3,0.44
2025-02-09T00:26:40,temperatura,1,1,21.9
2025-02-09T00:26:40,temperatura,2,1,27.8
2025-02-09T00:26:40,temperatura,3,1,29.0
2025-02-09T00:26:40,temperatura,4,1,27.8
2025-02-09T00:26:40,temperatura,5,1,21.4
2025-02-09T00:26:40,temperatura,6,1,25.9
2025-02-09T00:26:40,movimiento,1,1,8.0
2025-02-09T00:26:40,movimiento,2,1,8.0
2025-02-09T00:26:40,movimiento,3,1,17.0
2025-02-09T00:26:40,movimiento,4,1,13.0
2025-02-09T00:26:40,movimiento,5,1,5.0
2025-02-09T00:26:40,movimiento,6,1,17.0
2025-02-09T00:26:40,huella,1,1,3.0
2025-02-09T00:26:40,huella,2,1,2.0
2025-02-09T00:26:40,huella,3,1,3.0
2025-02-09T00:26:40,huella,4,1,3.0
2025-02-09T00:26:40,huella,5,1,2.0
2025-02-09T00:26:40,huella,6,1,2.0
2025-02-09T00:27:20,luz,1,1,2.13
2025-02-09T00:27:20,luz,1,2,1.19
2025-02-09T00:27:20,luz,1,3,0.79
2025-02-09T00:27:20,luz,1,4,1.31
2025-02-09T00:27:20,luz,1,5,2.28
2025-02-09T00:27:20,luz,1,6,2.72
2025-02-09T00:27:20,luz,1,7,2.6
2025-02-09T00:27:20,luz,2,1,2.3
2025-02-09T00:27:20,luz,2,2,0.88
2025-02-09T00:27:20,luz,2,3,0.62
2025-02-09T00:27:20,luz,2,4,2.6
2025-02-09T00:27:20,luz,2,5,0.96
2025-02-09T00:27:20,luz,2,6,1.62
2025-02-09T00:27:20,luz,2,7,1.29
2025-02-09T00:27:20,luz,3,1,1.27
2025-02-09T00:27:20,luz,3,2,1.55
2025-02-09T00:27:20,luz,3,3,2.78
2025-02-09T00:27:20,luz,3,4,2.67
2025-02-09T00:27:20,luz,3,5,2.97
2025-02-09T00:27:20,luz,3,6,1.69
2025-02-09T00:27:20,luz,3,7,1.87
2025-02-09T00:27:20,luz,4,1,0.92
2025-02-09T00:27:20,luz,4,2,2.07
2025-02-09T00:27:20,luz,4,3,1.86
2025-02-09T00:27:20,luz,4,4,2.42
2025-02-09T00:27:20,luz,4,5,1.0
2025-02-09T00:27:20,luz,4,6,2.25
2025-02-09T00:27:20,luz,4,7,2.62
2025-02-09T00:27:20,luz,5,1,1.29
2025-02-09T00:27:20,luz,5,2,2.28
2025-02-09T00:27:20,luz,5,3,2.99
2025-02-09T00:27:20,luz,5,4,1.57
2025-02-09T00:27:20,luz,5,5,1.29
2025-02-09T00:27:20,luz,5,6,1.44
2025-02-09T00:27:20,luz,5,7,0.53
2025-02-09T00:27:20,luz,6,1,2.97
2025-02-09T00:27:20,luz,6,2,2.62
2025-02-09T00:27:20,luz,6,3,1.12
2025-02-09T00:27:20,luz,6,4,0.99
2025-02-09T00:27:20,luz,6,5,1.57
2025-02-09T00:27:20,luz,6,6,1.82
2025-02-09T00:27:20,luz,6,7,1.33
2025-02-09T00:27:20,agua,1,1,2.31
2025-02-09T00:27:20,agua,1,2,2.84
2025-02-09T00:27:20,agua,1,3,0.95
2025-02-09T00:27:20,agua,1,4,0.12
2025-02-09T00:27:20,agua,1,5,1.13
2025-02-09T00:27:20,agua,1,6,1.09
2025-02-09T00:27:20,agua,1,7,2.14
2025-02-09T00:27:20,agua,2,1,0.38
2025-02-09T00:27:20,agua,2,2,2.07
2025-02-09T00:27:20,agua,2,3,0.34
2025-02-09T00:27:20,agua,2,4,1.2
2025-02-09T00:27:20,agua,2,5,2.42
2025-02-09T00:27:20,agua,2,6,1.75
2025-02-09T00:27:20,agua,2,7,2.5
2025-02-09T00:27:20,agua,3,1,2.06
2025-02-09T00:27:20,agua,3,2,1.07
2025-02-09T00:27:20,agua,3,3,1.77
2025-02-09T00:27:20,agua,3,4,0.23
2025-02-09T00:27:20,agua,3,5,0.55
2025-02-09T00:27:20,agua,3,6,2.26
2025-02-09T00:27:20,agua,3,7,0.0
2025-02-09T00:27:20,agua,4,1,1.15
2025-02-09T00:27:20,agua,4,2,2.56
2025-02-09T00:27:20,agua,4,3,0.95
2025-02-09T00:27:20,agua,4,4,2.45
2025-02-09T00:27:20,agua,4,5,0.18
2025-02-09T00:27:20,agua,4,6,1.08
2025-02-09T00:27:20,agua,4,7,0.01
2025-02-09T00:27:20,agua,5,1,0.5
2025-02-09T00:27:20,agua,5,2,1.41
2025-02-09T00:27:20,agua,5,3,2.54
2025-02-09T00:27:20,agua,5,4,2.04
2025-02-09T00:27:20,agua,5,5,0.62
2025-02-09T00:27:20,agua,5,6,2.64
2025-02-09T00:27:20,agua,5,7,1.91
2025-02-09T00:27:20,agua,6,1,0.98
2025-02-09T00:27:20,agua,6,2,1.78
2025-02-09T00:27:20,agua,6,3,1.23
2025-02-09T00:27:20,agua,6,4,2.19
2025-02-09T00:27:20,agua,6,5,0.38
2025-02-09T00:27:20,agua,6,6,0.82
2025-02-09T00:27:20,agua,6,7,1.02
2025-02-09T00:27:20,gas,1,1,0.09
2025-02-09T00:27:20,gas,1,2,1.57
2025-02-09T00:27:20,gas,1,3,1.27
2025-02-09T00:27:20,gas,2,1,1.16
2025-02-09T00:27:20,gas,2,2,0.68
2025-02-09T00:27:20,gas,2,3,1.28
2025-02-09T00:27:20,gas,3,1,1.36
2025-02-09T00:27:20,gas,3,2,0.78
2025-02-09T00:27:20,gas,3,3,0.49
2025-02-09T00:27:20,gas,4,1,1.31
2025-02-09T00:27:20,gas,4,2,0.5
2025-02-09T00:27:20,gas,4,3,1.86
2025-02-09T00:27:20,temperatura,1,1,24.7
2025-02-09T00:27:20,temperatura,2,1,28.2
2025-02-09T00:27:20,temperatura,3,1,27.7
2025-02-09T00:27:20,temperatura,4,1,26.9
2025-02-09T00:27:20,temperatura,5,1,20.7
2025-02-09T00:27:20,temperatura,6,1,21.8
2025-02-09T00:27:20,movimiento,1,1,9.0
2025-02-09T00:27:20,movimiento,2,1,20.0
2025-02-09T00:27:20,movimiento,3,1,19.0
2025-02-09T00:27:20,movimiento,4,1,20.0
2025-02-09T00:27:20,movimiento,5,1,15.0
2025-02-09T00:27:20,movimiento,6,1,14.0
2025-02-09T00:27:20,huella,1,1,2.0
2025-02-09T00:27:20,huella,2,1,2.0
2025-02-09T00:27:20,huella,3,1,2.0
2025-02-09T00:27:20,huella,4,1,3.0
2025-02-09T00:27:20,huella,5,1,0.0
2025-02-09T00:27:20,huella,6,1,3.0
2025-02-09T00:28:00,luz,1,1,2.81
2025-02-09T00:28:00,luz,1,2,2.35
2025-02-09T00:28:00,luz,1,3,2.12
2025-02-09T00:28:00,luz,1,4,2.35
2025-02-09T00:28:00,luz,1,5,0.52
2025-02-09T00:28:00,luz,1,6,0.73
2025-02-09T00:28:00,luz,1,7,1.9
2025-02-09T00:28:00,luz,2,1,1.43
2025-02-09T00:28:00,luz,2,2,0.63
2025-02-09T00:28:00,luz,2,3,1.0
2025-02-09T00:28:00,luz,2,4,2.45
2025-02-09T00:28:00,luz,2,5,1.11
2025-02-09T00:28:00,luz,2,6,0.67
2025-02-09T00:28:00,luz,2,7,0.89
2025-02-09T00:28:00,luz,3,1,1.8
2025-02-09T00:28:00,luz,3,2,2.56
2025-02-09T00:28:00,luz,3,3,2.67
2025-02-09T00:28:00,luz,3,4,2.94
2025-02-09T00:28:00,luz,3,5,1.17
2025-02-09T00:28:00,luz,3,6,0.62
2025-02-09T00:28:00,luz,3,7,2.37
2025-02-09T00:28:00,luz,4,1,1.3
2025-02-09T00:28:00,luz,4,2,2.11
2025-02-09T00:28:00,luz,4,3,2.37
2025-02-09T00:28:00,luz,4,4,2.39
2025-02-09T00:28:00,luz,4,5,1.03
2025-02-09T00:28:00,luz,4,6,2.27
2025-02-09T00:28:00,luz,4,7,2.74
2025-02-09T00:28:00,luz,5,1,2.06
2025-02-09T00:28:00,luz,5,2,1.37
2025-02-09T00:28:00,luz,5,3,0.72
2025-02-09T00:28:00,luz,5,4,0.79
2025-02-09T00:28:00,luz,5,5,2.02
2025-02-09T00:28:00,luz,5,6,1.76
2025-02-09T00:28:00,luz,5,7,2.5
2025-02-09T00:28:00,luz,6,1,1.52
2025-02-09T00:28:00,luz,6,2,0.62
2025-02-09T00:28:00,luz,6,3,1.51
2025-02-09T00:28:00,luz,6,4,1.57
2025-02-09T00:28:00,luz,6,5,0.52
2025-02-09T00:28:00,luz,6,6,1.09
2025-02-09T00:28:00,luz,6,7,2.75
2025-02-09T00:28:00,agua,1,1,2.62
2025-02-09T00:28:00,agua,1,2,0.87
2025-02-09T00:28:00,agua,1,3,2.15
2025-02-09T00:28:00,agua,1,4,0.27
2025-02-09T00:28:00,agua,1,5,1.3
2025-02-09T00:28:00,agua,1,6,2.19
2025-02-09T00:28:00,agua,1,7,2.11
2025-02-09T00:28:00,agua,2,1,2.58
2025-02-09T00:28:00,agua,2,2,2.78
2025-02-09T00:28:00,agua,2,3,0.45
2025-02-09T00:28:00,agua,2,4,2.33
2025-02-09T00:28:00,agua,2,5,2.15
2025-02-09T00:28:00,agua,2,6,0.61
2025-02-09T00:28:00,agua,2,7,0.06
2025-02-09T00:28:00,agua,3,1,2.75
2025-02-09T00:28:00,agua,3,2,2.57
2025-02-09T00:28:00,agua,3,3,0.04
2025-02-09T00:28:00,agua,3,4,1.32
2025-02-09T00:28:00,agua,3,5,0.42
2025-02-09T00:28:00,agua,3,6,0.65
2025-02-09T00:28:00,agua,3,7,1.22
2025-02-09T00:28:00,agua,4,1,2.97
2025-02-09T00:28:00,agua,4,2,0.26
2025-02-09T00:28:00,agua,4,3,1.78
2025-02-09T00:28:00,agua,4,4,2.08
2025-02-09T00:28:00,agua,4,5,1.98
2025-02-09T00:28:00,agua,4,6,2.02
2025-02-09T00:28:00,agua,4,7,2.3
2025-02-09T00:28:00,agua,5,1,1.39
2025-02-09T00:28:00,agua,5,2,1.37
2025-02-09T00:28:00,agua,5,3,2.7
2025-02-09T00:28:00,agua,5,4,2.27
2025-02-09T00:28:00,agua,5,5,0.96
2025-02-09T00:28:00,agua,5,6,2.6
2025-02-09T00:28:00,agua,5,7,1.52
2025-02-09T00:28:00,agua,6,1,1.39
2025-02-09T00:28:00,agua,6,2,0.46
2025-02-09T00:28:00,agua,6,3,2.46
2025-02-09T00:28:00,agua,6,4,1.65
2025-02-09T00:28:00,agua,6,5,0.66
2025-02-09T00:28:00,agua,6,6,0.38
2025-02-09T00:28:00,agua,6,7,0.33
2025-02-09T00:28:00,gas,1,1,1.43
2025-02-09T00:28:00,gas,1,2,1.94
2025-02-09T00:28:00,gas,1,3,0.93
2025-02-09T00:28:00,gas,2,1,1.66
2025-02-09T00:28:00,gas,2,2,1.25
2025-02-09T00:28:00,gas,2,3,1.71
2025-02-09T00:28:00,gas,3,1,0.94
2025-02-09T00:28:00,gas,3,2,1.57
2025-02-09T00:28:00,gas,3,3,0.29
2025-02-09T00:28:00,gas,4,1,0.33
2025-02-09T00:28:00,gas,4,2,0.66
2025-02-09T00:28:00,gas,4,3,1.83
2025-02-09T00:28:00,temperatura,1,1,23.6
2025-02-09T00:28:00,temperatura,2,1,21.9
2025-02-09T00:28:00,temperatura,3,1,20.9
2025-02-09T00:28:00,temperatura,4,1,26.7
2025-02-09T00:28:00,temperatura,5,1,25.1
2025-02-09T00:28:00,temperatura,6,1,29.9
2025-02-09T00:28:00,movimiento,1,1,6.0
2025-02-09T00:28:00,movimiento,2,1,10.0
2025-02-09T00:28:00,movimiento,3,1,9.0
2025-02-09T00:28:00,movimiento,4,1,13.0
2025-02-09T00:28:00,movimiento,5,1,14.0
2025-02-09T00:28:00,movimiento,6,1,6.0
2025-02-09T00:28:00,huella,1,1,2.0
2025-02-09T00:28:00,huella,2,1,3.0
2025-02-09T00:28:00,huella,3,1,3.0
2025-02-09T00:28:00,huella,4,1,0.0
2025-02-09T00:28:00,huella,5,1,1.0
2025-02-09T00:28:00,huella,6,1,2.0
2025-02-09T00:28:40,luz,1,1,1.43
2025-02-09T00:28:40,luz,1,2,2.4
2025-02-09T00:28:40,luz,1,3,2.05
2025-02-09T00:28:40,luz,1,4,1.41
2025-02-09T00:28:40,luz,1,5,1.01
2025-02-09T00:28:40,luz,1,6,1.54
2025-02-09T00:28:40,luz,1,7,1.16
2025-02-09T00:28:40,luz,2,1,2.85
2025-02-09T00:28:40,luz,2,2,2.37
2025-02-09T00:28:40,luz,2,3,2.94
2025-02-09T00:28:40,luz,2,4,1.59
2025-02-09T00:28:40,luz,2,5,1.84
2025-02-09T00:28:40,luz,2,6,0.74
2025-02-09T00:28:40,luz,2,7,2.94
2025-02-09T00:28:40,luz,3,1,2.2
2025-02-09T00:28:40,luz,3,2,2.04
2025-02-09T00:28:40,luz,3,3,1.53
2025-02-09T00:28:40,luz,3,4,1.27
2025-02-09T00:28:40,luz,3,5,2.15
2025-02-09T00:28:40,luz,3,6,2.02
2025-02-09T00:28:40,luz,3,7,2.01
2025-02-09T00:28:40,luz,4,1,1.32
2025-02-09T00:28:40,luz,4,2,2.86
2025-02-09T00:28:40,luz,4,3,0.64
2025-02-09T00:28:40,luz,4,4,0.76
2025-02-09T00:28:40,luz,4,5,0.56
2025-02-09T00:28:40,luz,4,6,0.93
2025-02-09T00:28:40,luz,4,7,2.69
2025-02-09T00:28:40,luz,5,1,1.48
2025-02-09T00:28:40,luz,5,2,2.39
2025-02-09T00:28:40,luz,5,3,1.24
2025-02-09T00:28:40,luz,5,4,0.61
2025-02-09T00:28:40,luz,5,5,1.21
2025-02-09T00:28:40,luz,5,6,1.51
2025-02-09T00:28:40,luz,5,7,1.27
2025-02-09T00:28:40,luz,6,1,0.79
2025-02-09T00:28:40,luz,6,2,2.85
2025-02-09T00:28:40,luz,6,3,2.53
2025-02-09T00:28:40,luz,6,4,2.9
2025-02-09T00:28:40,luz,6,5,1.86
2025-02-09T00:28:40,luz,6,6,2.82
2025-02-09T00:28:40,luz,6,7,0.95
2025-02-09T00:28:40,agua,1,1,1.3
2025-02-09T00:28:40,agua,1,2,1.96
2025-02-09T00:28:40,agua,1,3,2.0
2025-02-09T00:28:40,agua,1,4,2.65
2025-02-09T00:28:40,agua,1,5,0.22
2025-02-09T00:28:40,agua,1,6,1.95
2025-02-09T00:28:40,agua,1,7,2.22
2025-02-09T00:28:40,agua,2,1,1.24
2025-02-09T00:28:40,agua,2,2,2.81
2025-02-09T00:28:40,agua,2,3,2.05
2025-02-09T00:28:40,agua,2,4,1.24
2025-02-09T00:28:40,agua,2,5,0.87
2025-02-09T00:28:40,agua,2,6,0.19
2025-02-09T00:28:40,agua,2,7,2.59
2025-02-09T00:28:40,agua,3,1,1.83
2025-02-09T00:28:40,agua,3,2,2.03
2025-02-09T00:28:40,agua,3,3,2.84
2025-02-09T00:28:40,agua,3,4,1.91
2025-02-09T00:28:40,agua,3,5,2.73
2025-02-09T00:28:40,agua,3,6,1.14
2025-02-09T00:28:40,agua,3,7,2.11
2025-02-09T00:28:40,agua,4,1,2.02
2025-02-09T00:28:40,agua,4,2,0.78
2025-02-09T00:28:40,agua,4,3,0.91
2025-02-09T00:28:40,agua,4,4,2.21
2025-02-09T00:28:40,agua,4,5,1.08
2025-02-09T00:28:40,agua,4,6,1.98
2025-02-09T00:28:40,agua,4,7,2.44
2025-02-09T00:28:40,agua,5,1,0.04
2025-02-09T00:28:40,agua,5,2,0.17
2025-02-09T00:28:40,agua,5,3,1.38
2025-02-09T00:28:40,agua,5,4,2.72
2025-02-09T00:28:40,agua,5,5,1.17
2025-02-09T00:28:40,agua,5,6,0.27
2025-02-09T00:28:40,agua,5,7,2.47
2025-02-09T00:28:40,agua,6,1,2.6
2025-02-09T00:28:40,agua,6,2,1.52
2025-02-09T00:28:40,agua,6,3,1.54
2025-02-09T00:28:40,agua,6,4,1.09
2025-02-09T00:28:40,agua,6,5,1.48
2025-02-09T00:28:40,agua,6,6,1.52
2025-02-09T00:28:40,agua,6,7,0.73
2025-02-09T00:28:40,gas,1,1,1.56
2025-02-09T00:28:40,gas,1,2,0.6
2025-02-09T00:28:40,gas,1,3,1.84
2025-02-09T00:28:40,gas,2,1,0.96
2025-02-09T00:28:40,gas,2,2,0.67
2025-02-09T00:28:40,gas,2,3,1.87
2025-02-09T00:28:40,gas,3,1,0.47
2025-02-09T00:28:40,gas,3,2,0.16
2025-02-09T00:28:40,gas,3,3,0.39
2025-02-09T00:28:40,gas,4,1,1.32
2025-02-09T00:28:40,gas,4,2,0.9
2025-02-09T00:28:40,gas,4,3,0.42
2025-02-09T00:28:40,temperatura,1,1,29.7
2025-02-09T00:28:40,temperatura,2,1,25.1
2025-02-09T00:28:40,temperatura,3,1,23.1
2025-02-09T00:28:40,temperatura,4,1,20.6
2025-02-09T00:28:40,temperatura,5,1,26.0
2025-02-09T00:28:40,temperatura,6,1,20.6
2025-02-09T00:28:40,movimiento,1,1,5.0
2025-02-09T00:28:40,movimiento,2,1,6.0
2025-02-09T00:28:40,movimiento,3,1,18.0
2025-02-09T00:28:40,movimiento,4,1,13.0
2025-02-09T00:28:40,movimiento,5,1,13.0
2025-02-09T00:28:40,movimiento,6,1,10.0
2025-02-09T00:28:40,huella,1,1,2.0
2025-02-09T00:28:40,huella,2,1,3.0
2025-02-09T00:28:40,huella,3,1,2.0
2025-02-09T00:28:40,huella,4,1,0.0
2025-02-09T00:28:40,huella,5,1,0.0
2025-02-09T00:28:40,huella,6,1,3.0
2025-02-09T00:29:20,luz,1,1,1.32
2025-02-09T00:29:20,luz,1,2,1.57
2025-02-09T00:29:20,luz,1,3,2.39
2025-02-09T00:29:20,luz,1,4,1.75
2025-02-09T00:29:20,luz,1,5,1.01
2025-02-09T00:29:20,luz,1,6,2.63
2025-02-09T00:29:20,luz,1,7,1.77
2025-02-09T00:29:20,luz,2,1,2.77
2025-02-09T00:29:20,luz,2,2,0.69
2025-02-09T00:29:20,luz,2,3,1.13
2025-02-09T00:29:20,luz,2,4,1.24
2025-02-09T00:29:20,luz,2,5,1.96
2025-02-09T00:29:20,luz,2,6,0.86
2025-02-09T00:29:20,luz,2,7,1.09
2025-02-09T00:29:20,luz,3,1,1.53
2025-02-09T00:29:20,luz,3,2,1.45
2025-02-09T00:29:20,luz,3,3,0.61
2025-02-09T00:29:20,luz,3,4,2.22
2025-02-09T00:29:20,luz,3,5,1.81
2025-02-09T00:29:20,luz,3,6,1.3
2025-02-09T00:29:20,luz,3,7,0.66
2025-02-09T00:29:20,luz,4,1,1.33
2025-02-09T00:29:20,luz,4,2,1.84
2025-02-09T00:29:20,luz,4,3,0.88
2025-02-09T00:29:20,luz,4,4,0.98
2025-02-09T00:29:20,luz,4,5,1.52
2025-02-09T00:29:20,luz,4,6,1.92
2025-02-09T00:29:20,luz,4,7,1.58
2025-02-09T00:29:20,luz,5,1,2.64
2025-02-09T00:29:20,luz,5,2,1.52
2025-02-09T00:29:20,luz,5,3,2.3
2025-02-09T00:29:20,luz,5,4,1.28
2025-02-09T00:29:20,luz,5,5,1.33
2025-02-09T00:29:20,luz,5,6,1.17
2025-02-09T00:29:20,luz,5,7,1.35
2025-02-09T00:29:20,luz,6,1,3.0
2025-02-09T00:29:20,luz,6,2,0.53
2025-02-09T00:29:20,luz,6,3,2.93
2025-02-09T00:29:20,luz,6,4,2.13
2025-02-09T00:29:20,luz,6,5,0.71
2025-02-09T00:29:20,luz,6,6,1.87
2025-02-09T00:29:20,luz,6,7,2.7
2025-02-09T00:29:20,agua,1,1,2.33
2025-02-09T00:29:20,agua,1,2,1.71
2025-02-09T00:29:20,agua,1,3,0.98
2025-02-09T00:29:20,agua,1,4,2.43
2025-02-09T00:29:20,agua,1,5,0.34
2025-02-09T00:29:20,agua,1,6,2.74
2025-02-09T00:29:20,agua,1,7,2.41
2025-02-09T00:29:20,agua,2,1,1.46
2025-02-09T00:29:20,agua,2,2,0.57
2025-02-09T00:29:20,agua,2,3,2.58
2025-02-09T00:29:20,agua,2,4,1.08
2025-02-09T00:29:20,agua,2,5,2.3
2025-02-09T00:29:20,agua,2,6,0.42
2025-02-09T00:29:20,agua,2,7,2.18
2025-02-09T00:29:20,agua,3,1,0.41
2025-02-09T00:29:20,agua,3,2,1.08
2025-02-09T00:29:20,agua,3,3,0.1
2025-02-09T00:29:20,agua,3,4,1.37
2025-02-09T00:29:20,agua,3,5,2.81
2025-02-09T00:29:20,agua,3,6,0.47
2025-02-09T00:29:20,agua,3,7,0.06
2025-02-09T00:29:20,agua,4,1,2.79
2025-02-09T00:29:20,agua,4,2,1.68
2025-02-09T00:29:20,agua,4,3,2.26
2025-02-09T00:29:20,agua,4,4,1.68
2025-02-09T00:29:20,agua,4,5,2.45
2025-02-09T00:29:20,agua,4,6,0.41
2025-02-09T00:29:20,agua,4,7,0.47
2025-02-09T00:29:20,agua,5,1,2.36
2025-02-09T00:29:20,agua,5,2,1.98
2025-02-09T00:29:20,agua,5,3,0.14
2025-02-09T00:29:20,agua,5,4,0.6
2025-02-09T00:29:20,agua,5,5,0.52
2025-02-09T00:29:20,agua,5,6,1.61
2025-02-09T00:29:20,agua,5,7,0.65
2025-02-09T00:29:20,agua,6,1,1.63
2025-02-09T00:29:20,agua,6,2,2.22
2025-02-09T00:29:20,agua,6,3,2.02
2025-02-09T00:29:20,agua,6,4,2.36
2025-02-09T00:29:20,agua,6,5,2.45
2025-02-09T00:29:20,agua,6,6,2.1
2025-02-09T00:29:20,agua,6,7,1.53
2025-02-09T00:29:20,gas,1,1,1.46
2025-02-09T00:29:20,gas,1,2,1.71
2025-02-09T00:29:20,gas,1,3,0.26
2025-02-09T00:29:20,gas,2,1,1.64
2025-02-09T00:29:20,gas,2,2,1.74
2025-02-09T00:29:20,gas,2,3,0.31
2025-02-09T00:29:20,gas,3,1,0.61
2025-02-09T00:29:20,gas,3,2,1.07
2025-02-09T00:29:20,gas,3,3,1.3
2025-02-09T00:29:20,gas,4,1,1.18
2025-02-09T00:29:20,gas,4,2,1.84
2025-02-09T00:29:20,gas,4,3,1.91
2025-02-09T00:29:20,temperatura,1,1,27.3
2025-02-09T00:29:20,temperatura,2,1,28.1
2025-02-09T00:29:20,temperatura,3,1,28.2
2025-02-09T00:29:20,temperatura,4,1,29.2
2025-02-09T00:29:20,temperatura,5,1,26.2
2025-02-09T00:29:20,temperatura,6,1,21.8
2025-02-09T00:29:20,movimiento,1,1,5.0
2025-02-09T00:29:20,movimiento,2,1,5.0
2025-02-09T00:29:20,movimiento,3,1,8.0
2025-02-09T00:29:20,movimiento,4,1,15.0
2025-02-09T00:29:20,movimiento,5,1,8.0
2025-02-09T00:29:20,movimiento,6,1,17.0
2025-02-09T00:29:20,huella,1,1,1.0
2025-02-09T00:29:20,huella,2,1,2.0
2025-02-09T00:29:20,huella,3,1,0.0
2025-02-09T00:29:20,huella,4,1,3.0
2025-02-09T00:29:20,huella,5,1,1.0
2025-02-09T00:29:20,huella,6,1,3.0
2025-02-09T00:30:00,luz,1,1,1.94
2025-02-09T00:30:00,luz,1,2,0.86
2025-02-09T00:30:00,luz,1,3,1.1
2025-02-09T00:30:00,luz,1,4,0.79
2025-02-09T00:30:00,luz,1,5,1.09
2025-02-09T00:30:00,luz,1,6,2.17
2025-02-09T00:30:00,luz,1,7,1.62
2025-02-09T00:30:00,luz,2,1,1.59
2025-02-09T00:30:00,luz,2,2,1.01
2025-02-09T00:30:00,luz,2,3,2.4
2025-02-09T00:30:00,luz,2,4,1.42
2025-02-09T00:30:00,luz,2,5,2.93
2025-02-09T00:30:00,luz,2,6,1.94
2025-02-09T00:30:00,luz,2,7,1.08
2025-02-09T00:30:00,luz,3,1,1.52
2025-02-09T00:30:00,luz,3,2,2.61
2025-02-09T00:30:00,luz,3,3,1.84
2025-02-09T00:30:00,luz,3,4,1.12
2025-02-09T00:30:00,luz,3,5,0.93
2025-02-09T00:30:00,luz,3,6,2.86
2025-02-09T00:30:00,luz,3,7,2.98
2025-02-09T00:30:00,luz,4,1,2.87
2025-02-09T00:30:00,luz,4,2,1.71
2025-02-09T00:30:00,luz,4,3,1.95
2025-02-09T00:30:00,luz,4,4,1.45
2025-02-09T00:30:00,luz,4,5,2.63
2025-02-09T00:30:00,luz,4,6,2.22
2025-02-09T00:30:00,luz,4,7,2.7
2025-02-09T00:30:00,luz,5,1,2.64
2025-02-09T00:30:00,luz,5,2,0.52
2025-02-09T00:30:00,luz,5,3,2.56
2025-02-09T00:30:00,luz,5,4,1.84
2025-02-09T00:30:00,luz,5,5,1.32
2025-02-09T00:30:00,luz,5,6,1.11
2025-02-09T00:30:00,luz,5,7,2.4
2025-02-09T00:30:00,luz,6,1,0.85
2025-02-09T00:30:00,luz,6,2,2.91
2025-02-09T00:30:00,luz,6,3,0.94
2025-02-09T00:30:00,luz,6,4,2.49
2025-02-09T00:30:00,luz,6,5,1.47
2025-02-09T00:30:00,luz,6,6,1.54
2025-02-09T00:30:00,luz,6,7,1.96
2025-02-09T00:30:00,agua,1,1,2.14
2025-02-09T00:30:00,agua,1,2,2.37
2025-02-09T00:30:00,agua,1,3,1.0
2025-02-09T00:30:00,agua,1,4,0.82
2025-02-09T00:30:00,agua,1,5,0.65
2025-02-09T00:30:00,agua,1,6,1.1
2025-02-09T00:30:00,agua,1,7,0.2
2025-02-09T00:30:00,agua,2,1,1.48
2025-02-09T00:30:00,agua,2,2,2.08
2025-02-09T00:30:00,agua,2,3,2.1
2025-02-09T00:30:00,agua,2,4,0.91
2025-02-09T00:30:00,agua,2,5,0.13
2025-02-09T00:30:00,agua,2,6,1.05
2025-02-09T00:30:00,agua,2,7,0.02
2025-02-09T00:30:00,agua,3,1,2.46
2025-02-09T00:30:00,agua,3,2,2.44
2025-02-09T00:30:00,agua,3,3,1.55
2025-02-09T00:30:00,agua,3,4,1.63
2025-02-09T00:30:00,agua,3,5,0.98
2025-02-09T00:30:00,agua,3,6,0.73
2025-02-09T00:30:00,agua,3,7,1.94
2025-02-09T00:30:00,agua,4,1,0.81
2025-02-09T00:30:00,agua,4,2,1.48
2025-02-09T00:30:00,agua,4,3,1.87
2025-02-09T00:30:00,agua,4,4,2.13
2025-02-09T00:30:00,agua,4,5,0.99
2025-02-09T00:30:00,agua,4,6,1.26
2025-02-09T00:30:00,agua,4,7,1.92
2025-02-09T00:30:00,agua,5,1,0.46
2025-02-09T00:30:00,agua,5,2,1.2
2025-02-09T00:30:00,agua,5,3,2.49
2025-02-09T00:30:00,agua,5,4,0.31
2025-02-09T00:30:00,agua,5,5,0.24
2025-02-09T00:30:00,agua,5,6,1.52
2025-02-09T00:30:00,agua,5,7,2.18
2025-02-09T00:30:00,agua,6,1,1.43
2025-02-09T00:30:00,agua,6,2,2.42
2025-02-09T00:30:00,agua,6,3,1.38
2025-02-09T00:30:00,agua,6,4,2.36
2025-02-09T00:30:00,agua,6,5,2.52
2025-02-09T00:30:00,agua,6,6,2.29
2025-02-09T00:30:00,agua,6,7,2.31
2025-02-09T00:30:00,gas,1,1,0.33
2025-02-09T00:30:00,gas,1,2,1.89
2025-02-09T00:30:00,gas,1,3,1.07
2025-02-09T00:30:00,gas,2,1,0.51
2025-02-09T00:30:00,gas,2,2,1.7
2025-02-09T00:30:00,gas,2,3,0.14
2025-02-09T00:30:00,gas,3,1,1.64
2025-02-09T00:30:00,gas,3,2,1.52
2025-02-09T00:30:00,gas,3,3,1.37
2025-02-09T00:30:00,gas,4,1,0.5
2025-02-09T00:30:00,gas,4,2,0.5
2025-02-09T00:30:00,gas,4,3,0.98
2025-02-09T00:30:00,temperatura,1,1,22.9
2025-02-09T00:30:00,temperatura,2,1,26.4
2025-02-09T00:30:00,temperatura,3,1,20.5
2025-02-09T00:30:00,temperatura,4,1,29.1
2025-02-09T00:30:00,temperatura,5,1,20.4
2025-02-09T00:30:00,temperatura,6,1,26.2
2025-02-09T00:30:00,movimiento,1,1,16.0
2025-02-09T00:30:00,movimiento,2,1,12.0
2025-02-09T00:30:00,movimiento,3,1,17.0
2025-02-09T00:30:00,movimiento,4,1,18.0
2025-02-09T00:30:00,movimiento,5,1,17.0
2025-02-09T00:30:00,movimiento,6,1,5.0
2025-02-09T00:30:00,huella,1,1,1.0
2025-02-09T00:30:00,huella,2,1,0.0
2025-02-09T00:30:00,huella,3,1,0.0
2025-02-09T00:30:00,huella,4,1,0.0
2025-02-09T00:30:00,huella,5,1,0.0
2025-02-09T00:30:00,huella,6,1,1.0
2025-02-09T00:30:40,luz,1,1,2.4
2025-02-09T00:30:40,luz,1,2,1.21
2025-02-09T00:30:40,luz,1,3,1.9
2025-02-09T00:30:40,luz,1,4,1.04
2025-02-09T00:30:40,luz,1,5,1.72
2025-02-09T00:30:40,luz,1,6,2.59
2025-02-09T00:30:40,luz,1,7,0.76
2025-02-09T00:30:40,luz,2,1,1.91
2025-02-09T00:30:40,luz,2,2,0.86
2025-02-09T00:30:40,luz,2,3,1.71
2025-02-09T00:30:40,luz,2,4,2.7
2025-02-09T00:30:40,luz,2,5,2.36
2025-02-09T00:30:40,luz,2,6,0.94
2025-02-09T00:30:40,luz,2,7,2.14
2025-02-09T00:30:40,luz,3,1,1.95
2025-02-09T00:30:40,luz,3,2,2.44
2025-02-09T00:30:40,luz,3,3,0.85
2025-02-09T00:30:40,luz,3,4,1.22
2025-02-09T00:30:40,luz,3,5,1.77
2025-02-09T00:30:40,luz,3,6,1.42
2025-02-09T00:30:40,luz,3,7,0.5
2025-02-09T00:30:40,luz,4,1,0.74
2025-02-09T00:30:40,luz,4,2,0.77
2025-02-09T00:30:40,luz,4,3,1.29
2025-02-09T00:30:40,luz,4,4,2.35
2025-02-09T00:30:40,luz,4,5,0.9
2025-02-09T00:30:40,luz,4,6,1.43
2025-02-09T00:30:40,luz,4,7,1.53
2025-02-09T00:30:40,luz,5,1,2.59
2025-02-09T00:30:40,luz,5,2,0.72
2025-02-09T00:30:40,luz,5,3,2.08
2025-02-09T00:30:40,luz,5,4,1.28
2025-02-09T00:30:40,luz,5,5,1.07
2025-02-09T00:30:40,luz,5,6,2.09
2025-02-09T00:30:40,luz,5,7,0.69
2025-02-09T00:30:40,luz,6,1,1.44
2025-02-09T00:30:40,luz,6,2,1.23
2025-02-09T00:30:40,luz,6,3,2.7
2025-02-09T00:30:40,luz,6,4,1.64
2025-02-09T00:30:40,luz,6,5,1.06
2025-02-09T00:30:40,luz,6,6,1.32
2025-02-09T00:30:40,luz,6,7,0.58
2025-02-09T00:30:40,agua,1,1,1.81
2025-02-09T00:30:40,agua,1,2,2.82
2025-02-09T00:30:40,agua,1,3,0.21
2025-02-09T00:30:40,agua,1,4,0.38
2025-02-09T00:30:40,agua,1,5,2.63
2025-02-09T00:30:40,agua,1,6,1.65
2025-02-09T00:30:40,agua,1,7,2.9
2025-02-09T00:30:40,agua,2,1,1.37
2025-02-09T00:30:40,agua,2,2,0.04
2025-02-09T00:30:40,agua,2,3,0.22
2025-02-09T00:30:40,agua,2,4,2.33
2025-02-09T00:30:40,agua,2,5,1.64
2025-02-09T00:30:40,agua,2,6,0.28
2025-02-09T00:30:40,agua,2,7,2.86
2025-02-09T00:30:40,agua,3,1,1.89
2025-02-09T00:30:40,agua,3,2,2.96
2025-02-09T00:30:40,agua,3,3,0.56
2025-02-09T00:30:40,agua,3,4,1.26
2025-02-09T00:30:40,agua,3,5,0.63
2025-02-09T00:30:40,agua,3,6,2.41
2025-02-09T00:30:40,agua,3,7,1.83
2025-02-09T00:30:40,agua,4,1,2.16
2025-02-09T00:30:40,agua,4,2,2.69
2025-02-09T00:30:40,agua,4,3,0.65
2025-02-09T00:30:40,agua,4,4,2.78
2025-02-09T00:30:40,agua,4,5,0.57
2025-02-09T00:30:40,agua,4,6,0.42
2025-02-09T00:30:40,agua,4,7,1.43
2025-02-09T00:30:40,agua,5,1,1.38
2025-02-09T00:30:40,agua,5,2,2.27
2025-02-09T00:30:40,agua,5,3,0.58
2025-02-09T00:30:40,agua,5,4,1.66
2025-02-09T00:30:40,agua,5,5,1.08
2025-02-09T00:30:40,agua,5,6,0.54
2025-02-09T00:30:40,agua,5,7,0.06
2025-02-09T00:30:40,agua,6,1,1.25
2025-02-09T00:30:40,agua,6,2,0.49
2025-02-09T00:30:40,agua,6,3,2.71
2025-02-09T00:30:40,agua,6,4,1.77
2025-02-09T00:30:40,agua,6,5,2.59
2025-02-09T00:30:40,agua,6,6,2.16
2025-02-09T00:30:40,agua,6,7,2.69
2025-02-09T00:30:40,gas,1,1,1.47
2025-02-09T00:30:40,gas,1,2,1.55
2025-02-09T00:30:40,gas,1,3,0.97
2025-02-09T00:30:40,gas,2,1,0.53
2025-02-09T00:30:40,gas,2,2,0.1
2025-02-09T00:30:40,gas,2,3,0.83
2025-02-09T00:30:40,gas,3,1,0.3
2025-02-09T00:30:40,gas,3,2,1.63
2025-02-09T00:30:40,gas,3,3,0.99
2025-02-09T00:30:40,gas,4,1,1.07
2025-02-09T00:30:40,gas,4,2,1.29
2025-02-09T00:30:40,gas,4,3,0.87
2025-02-09T00:30:40,temperatura,1,1,20.8
2025-02-09T00:30:40,temperatura,2,1,25.3
2025-02-09T00:30:40,temperatura,3,1,23.1
2025-02-09T00:30:40,temperatura,4,1,24.6
2025-02-09T00:30:40,temperatura,5,1,24.6
2025-02-09T00:30:40,temperatura,6,1,27.2
2025-02-09T00:30:40,movimiento,1,1,10.0
2025-02-09T00:30:40,movimiento,2,1,16.0
2025-02-09T00:30:40,movimiento,3,1,5.0
2025-02-09T00:30:40,movimiento,4,1,18.0
2025-02-09T00:30:40,movimiento,5,1,17.0
2025-02-09T00:30:40,movimiento,6,1,7.0
2025-02-09T00:30:40,huella,1,1,1.0
2025-02-09T00:30:40,huella,2,1,0.0
2025-02-09T00:30:40,huella,3,1,0.0
2025-02-09T00:30:40,huella,4,1,2.0
2025-02-09T00:30:40,huella,5,1,2.0
2025-02-09T00:30:40,huella,6,1,0.0
2025-02-09T00:31:20,luz,1,1,1.57
2025-02-09T00:31:20,luz,1,2,0.92
2025-02-09T00:31:20,luz,1,3,0.71
2025-02-09T00:31:20,luz,1,4,0.51
2025-02-09T00:31:20,luz,1,5,1.6
2025-02-09T00:31:20,luz,1,6,1.29
2025-02-09T00:31:20,luz,1,7,1.16
2025-02-09T00:31:20,luz,2,1,2.03
2025-02-09T00:31:20,luz,2,2,2.7
2025-02-09T00:31:20,luz,2,3,0.86
2025-02-09T00:31:20,luz,2,4,0.87
2025-02-09T00:31:20,luz,2,5,2.06
2025-02-09T00:31:20,luz,2,6,1.77
2025-02-09T00:31:20,luz,2,7,1.22
2025-02-09T00:31:20,luz,3,1,2.44
2025-02-09T00:31:20,luz,3,2,2.53
2025-02-09T00:31:20,luz,3,3,1.67
2025-02-09T00:31:20,luz,3,4,0.93
2025-02-09T00:31:20,luz,3,5,1.5
2025-02-09T00:31:20,luz,3,6,1.94
2025-02-09T00:31:20,luz,3,7,0.91
2025-02-09T00:31:20,luz,4,1,1.46
2025-02-09T00:31:20,luz,4,2,1.82
2025-02-09T00:31:20,luz,4,3,2.63
2025-02-09T00:31:20,luz,4,4,1.77
2025-02-09T00:31:20,luz,4,5,0.73
2025-02-09T00:31:20,luz,4,6,1.86
2025-02-09T00:31:20,luz,4,7,1.4
2025-02-09T00:31:20,luz,5,1,0.81
2025-02-09T00:31:20,luz,5,2,1.44
2025-02-09T00:31:20,luz,5,3,1.36
2025-02-09T00:31:20,luz,5,4,2.61
2025-02-09T00:31:20,luz,5,5,2.69
2025-02-09T00:31:20,luz,5,6,1.73
2025-02-09T00:31:20,luz,5,7,0.6
2025-02-09T00:31:20,luz,6,1,0.72
2025-02-09T00:31:20,luz,6,2,1.39
2025-02-09T00:31:20,luz,6,3,2.19
2025-02-09T00:31:20,luz,6,4,2.33
2025-02-09T00:31:20,luz,6,5,1.92
2025-02-09T00:31:20,luz,6,6,1.35
2025-02-09T00:31:20,luz,6,7,2.47
2025-02-09T00:31:20,agua,1,1,0.55
2025-02-09T00:31:20,agua,1,2,0.23
2025-02-09T00:31:20,agua,1,3,0.2
2025-02-09T00:31:20,agua,1,4,0.87
2025-02-09T00:31:20,agua,1,5,2.49
2025-02-09T00:31:20,agua,1,6,2.13
2025-02-09T00:31:20,agua,1,7,1.38
2025-02-09T00:31:20,agua,2,1,1.03
2025-02-09T00:31:20,agua,2,2,2.01
2025-02-09T00:31:20,agua,2,3,1.66
2025-02-09T00:31:20,agua,2,4,2.64
2025-02-09T00:31:20,agua,2,5,0.92
2025-02-09T00:31:20,agua,2,6,0.05
2025-02-09T00:31:20,agua,2,7,2.94
2025-02-09T00:31:20,agua,3,1,2.93
2025-02-09T00:31:20,agua,3,2,2.27
2025-02-09T00:31:20,agua,3,3,0.72
2025-02-09T00:31:20,agua,3,4,0.78
2025-02-09T00:31:20,agua,3,5,2.0
2025-02-09T00:31:20,agua,3,6,1.38
2025-02-09T00:31:20,agua,3,7,1.08
2025-02-09T00:31:20,agua,4,1,2.27
2025-02-09T00:31:20,agua,4,2,1.34
2025-02-09T00:31:20,agua,4,3,1.95
2025-02-09T00:31:20,agua,4,4,2.43
2025-02-09T00:31:20,agua,4,5,2.55
2025-02-09T00:31:20,agua,4,6,2.13
2025-02-09T00:31:20,agua,4,7,2.8
2025-02-09T00:31:20,agua,5,1,2.81
2025-02-09T00:31:20,agua,5,2,2.55
2025-02-09T00:31:20,agua,5,3,2.78
2025-02-09T00:31:20,agua,5,4,1.4
2025-02-09T00:31:20,agua,5,5,2.39
2025-02-09T00:31:20,agua,5,6,0.84
2025-02-09T00:31:20,agua,5,7,2.55
2025-02-09T00:31:20,agua,6,1,1.12
2025-02-09T00:31:20,agua,6,2,2.11
2025-02-09T00:31:20,agua,6,3,0.68
2025-02-09T00:31:20,agua,6,4,0.65
2025-02-09T00:31:20,agua,6,5,2.09
2025-02-09T00:31:20,agua,6,6,2.64
2025-02-09T00:31:20,agua,6,7,1.82
2025-02-09T00:31:20,gas,1,1,1.01
2025-02-09T00:31:20,gas,1,2,0.66
2025-02-09T00:31:20,gas,1,3,0.94
2025-02-09T00:31:20,gas,2,1,0.35
2025-02-09T00:31:20,gas,2,2,1.42
2025-02-09T00:31:20,gas,2,3,1.89
2025-02-09T00:31:20,gas,3,1,0.45
2025-02-09T00:31:20,gas,3,2,0.32
2025-02-09T00:31:20,gas,3,3,0.23
2025-02-09T00:31:20,gas,4,1,1.89
2025-02-09T00:31:20,gas,4,2,1.85
2025-02-09T00:31:20,gas,4,3,1.28
2025-02-09T00:31:20,temperatura,1,1,21.4
2025-02-09T00:31:20,temperatura,2,1,29.4
2025-02-09T00:31:20,temperatura,3,1,21.6
2025-02-09T00:31:20,temperatura,4,1,29.4
2025-02-09T00:31:20,temperatura,5,1,24.2
2025-02-09T00:31:20,temperatura,6,1,26.4
2025-02-09T00:31:20,movimiento,1,1,10.0
2025-02-09T00:31:20,movimiento,2,1,10.0
2025-02-09T00:31:20,movimiento,3,1,19.0
2025-02-09T00:31:20,movimiento,4,1,9.0
2025-02-09T00:31:20,movimiento,5,1,15.0
2025-02-09T00:31:20,movimiento,6,1,11.0
2025-02-09T00:31:20,huella,1,1,0.0
2025-02-09T00:31:20,huella,2,1,0.0
2025-02-09T00:31:20,huella,3,1,1.0
2025-02-09T00:31:20,huella,4,1,0.0
2025-02-09T00:31:20,huella,5,1,1.0
2025-02-09T00:31:20,huella,6,1,0.0
2025-02-09T00:32:00,luz,1,1,2.73
2025-02-09T00:32:00,luz,1,2,2.07
2025-02-09T00:32:00,luz,1,3,0.92
2025-02-09T00:32:00,luz,1,4,1.88
2025-02-09T00:32:00,luz,1,5,0.75
2025-02-09T00:32:00,luz,1,6,1.72
2025-02-09T00:32:00,luz,1,7,2.59
2025-02-09T00:32:00,luz,2,1,1.46
2025-02-09T00:32:00,luz,2,2,2.85
2025-02-09T00:32:00,luz,2,3,2.74
2025-02-09T00:32:00,luz,2,4,2.25
2025-02-09T00:32:00,luz,2,5,0.73
2025-02-09T00:32:00,luz,2,6,2.38
2025-02-09T00:32:00,luz,2,7,2.44
2025-02-09T00:32:00,luz,3,1,0.84
2025-02-09T00:32:00,luz,3,2,1.68
2025-02-09T00:32:00,luz,3,3,2.23
2025-02-09T00:32:00,luz,3,4,1.28
2025-02-09T00:32:00,luz,3,5,1.48
2025-02-09T00:32:00,luz,3,6,2.78
2025-02-09T00:32:00,luz,3,7,1.79
2025-02-09T00:32:00,luz,4,1,0.9
2025-02-09T00:32:00,luz,4,2,2.99
2025-02-09T00:32:00,luz,4,3,1.34
2025-02-09T00:32:00,luz,4,4,1.68
2025-02-09T00:32:00,luz,4,5,2.83
2025-02-09T00:32:00,luz,4,6,1.23
2025-02-09T00:32:00,luz,4,7,2.79
2025-02-09T00:32:00,luz,5,1,1.17
2025-02-09T00:32:00,luz,5,2,0.9
2025-02-09T00:32:00,luz,5,3,2.28
2025-02-09T00:32:00,luz,5,4,0.6
2025-02-09T00:32:00,luz,5,5,1.26
2025-02-09T00:32:00,luz,5,6,1.79
2025-02-09T00:32:00,luz,5,7,2.49
2025-02-09T00:32:00,luz,6,1,2.15
2025-02-09T00:32:00,luz,6,2,1.86
2025-02-09T00:32:00,luz,6,3,1.15
2025-02-09T00:32:00,luz,6,4,1.14
2025-02-09T00:32:00,luz,6,5,2.27
2025-02-09T00:32:00,luz,6,6,1.0
2025-02-09T00:32:00,luz,6,7,2.37
2025-02-09T00:32:00,agua,1,1,1.75
2025-02-09T00:32:00,agua,1,2,0.86
2025-02-09T00:32:00,agua,1,3,2.73
2025-02-09T00:32:00,agua,1,4,2.16
2025-02-09T00:32:00,agua,1,5,1.24
2025-02-09T00:32:00,agua,1,6,0.08
2025-02-09T00:32:00,agua,1,7,0.65
2025-02-09T00:32:00,agua,2,1,0.13
2025-02-09T00:32:00,agua,2,2,1.5
2025-02-09T00:32:00,agua,2,3,0.92
2025-02-09T00:32:00,agua,2,4,0.98
2025-02-09T00:32:00,agua,2,5,2.73
2025-02-09T00:32:00,agua,2,6,0.42
2025-02-09T00:32:00,agua,2,7,1.63
2025-02-09T00:32:00,agua,3,1,0.01
2025-02-09T00:32:00,agua,3,2,2.91
2025-02-09T00:32:00,agua,3,3,1.82
2025-02-09T00:32:00,agua,3,4,0.35
2025-02-09T00:32:00,agua,3,5,1.44
2025-02-09T00:32:00,agua,3,6,0.57
2025-02-09T00:32:00,agua,3,7,0.56
2025-02-09T00:32:00,agua,4,1,2.15
2025-02-09T00:32:00,agua,4,2,2.43
2025-02-09T00:32:00,agua,4,3,0.78
2025-02-09T00:32:00,agua,4,4,1.71
2025-02-09T00:32:00,agua,4,5,0.51
2025-02-09T00:32:00,agua,4,6,2.6
2025-02-09T00:32:00,agua,4,7,1.96
2025-02-09T00:32:00,agua,5,1,2.91
2025-02-09T00:32:00,agua,5,2,0.86
2025-02-09T00:32:00,agua,5,3,1.46
2025-02-09T00:32:00,agua,5,4,1.63
2025-02-09T00:32:00,agua,5,5,0.37
2025-02-09T00:32:00,agua,5,6,1.55
2025-02-09T00:32:00,agua,5,7,1.74
2025-02-09T00:32:00,agua,6,1,0.64
2025-02-09T00:32:00,agua,6,2,1.9
2025-02-09T00:32:00,agua,6,3,1.76
2025-02-09T00:32:00,agua,6,4,2.45
2025-02-09T00:32:00,agua,6,5,1.28
2025-02-09T00:32:00,agua,6,6,2.71
2025-02-09T00:32:00,agua,6,7,0.99
2025-02-09T00:32:00,gas,1,1,0.62
2025-02-09T00:32:00,gas,1,2,1.46
2025-02-09T00:32:00,gas,1,3,0.95
2025-02-09T00:32:00,gas,2,1,1.18
2025-02-09T00:32:00,gas,2,2,1.18
2025-02-09T00:32:00,gas,2,3,1.76
2025-02-09T00:32:00,gas,3,1,1.58
2025-02-09T00:32:00,gas,3,2,1.33
2025-02-09T00:32:00,gas,3,3,1.04
2025-02-09T00:32:00,gas,4,1,0.54
2025-02-09T00:32:00,gas,4,2,0.33
2025-02-09T00:32:00,gas,4,3,0.36
2025-02-09T00:32:00,temperatura,1,1,20.4
2025-02-09T00:32:00,temperatura,2,1,26.7
2025-02-09T00:32:00,temperatura,3,1,25.4
2025-02-09T00:32:00,temperatura,4,1,29.3
2025-02-09T00:32:00,temperatura,5,1,20.5
2025-02-09T00:32:00,temperatura,6,1,20.7
2025-02-09T00:32:00,movimiento,1,1,8.0
2025-02-09T00:32:00,movimiento,2,1,6.0
2025-02-09T00:32:00,movimiento,3,1,9.0
2025-02-09T00:32:00,movimiento,4,1,18.0
2025-02-09T00:32:00,movimiento,5,1,18.0
2025-02-09T00:32:00,movimiento,6,1,14.0
2025-02-09T00:32:00,huella,1,1,2.0
2025-02-09T00:32:00,huella,2,1,1.0
2025-02-09T00:32:00,huella,3,1,1.0
2025-02-09T00:32:00,huella,4,1,2.0
2025-02-09T00:32:00,huella,5,1,0.0
2025-02-09T00:32:00,huella,6,1,1.0
2025-02-09T00:32:40,luz,1,1,0.89
2025-02-09T00:32:40,luz,1,2,0.62
2025-02-09T00:32:40,luz,1,3,1.3
2025-02-09T00:32:40,luz,1,4,2.59
2025-02-09T00:32:40,luz,1,5,0.65
2025-02-09T00:32:40,luz,1,6,2.06
2025-02-09T00:32:40,luz,1,7,1.17
2025-02-09T00:32:40,luz,2,1,2.29
2025-02-09T00:32:40,luz,2,2,2.63
2025-02-09T00:32:40,luz,2,3,0.95
2025-02-09T00:32:40,luz,2,4,1.2
2025-02-09T00:32:40,luz,2,5,2.78
2025-02-09T00:32:40,luz,2,6,1.73
2025-02-09T00:32:40,luz,2,7,1.05
2025-02-09T00:32:40,luz,3,1,2.2
2025-02-09T00:32:40,luz,3,2,0.57
2025-02-09T00:32:40,luz,3,3,1.53
2025-02-09T00:32:40,luz,3,4,1.24
2025-02-09T00:32:40,luz,3,5,0.73
2025-02-09T00:32:40,luz,3,6,2.05
2025-02-09T00:32:40,luz,3,7,1.8
2025-02-09T00:32:40,luz,4,1,1.77
2025-02-09T00:32:40,luz,4,2,2.08
2025-02-09T00:32:40,luz,4,3,2.0
2025-02-09T00:32:40,luz,4,4,2.84
2025-02-09T00:32:40,luz,4,5,1.01
2025-02-09T00:32:40,luz,4,6,0.56
2025-02-09T00:32:40,luz,4,7,0.86
2025-02-09T00:32:40,luz,5,1,1.94
2025-02-09T00:32:40,luz,5,2,1.01
2025-02-09T00:32:40,luz,5,3,1.91
2025-02-09T00:32:40,luz,5,4,2.51
2025-02-09T00:32:40,luz,5,5,2.65
2025-02-09T00:32:40,luz,5,6,2.52
2025-02-09T00:32:40,luz,5,7,2.35
2025-02-09T00:32:40,luz,6,1,1.94
2025-02-09T00:32:40,luz,6,2,2.36
2025-02-09T00:32:40,luz,6,3,2.11
2025-02-09T00:32:40,luz,6,4,1.41
2025-02-09T00:32:40,luz,6,5,2.53
2025-02-09T00:32:40,luz,6,6,2.54
2025-02-09T00:32:40,luz,6,7,0.6
2025-02-09T00:32:40,agua,1,1,2.3
2025-02-09T00:32:40,agua,1,2,2.85
2025-02-09T00:32:40,agua,1,3,0.64
2025-02-09T00:32:40,agua,1,4,0.35
2025-02-09T00:32:40,agua,1,5,0.36
2025-02-09T00:32:40,agua,1,6,2.54
2025-02-09T00:32:40,agua,1,7,2.13
2025-02-09T00:32:40,agua,2,1,0.88
2025-02-09T00:32:40,agua,2,2,1.48
2025-02-09T00:32:40,agua,2,3,0.22
2025-02-09T00:32:40,agua,2,4,2.66
2025-02-09T00:32:40,agua,2,5,1.91
2025-02-09T00:32:40,agua,2,6,1.13
2025-02-09T00:32:40,agua,2,7,2.89
2025-02-09T00:32:40,agua,3,1,2.59
2025-02-09T00:32:40,agua,3,2,0.81
2025-02-09T00:32:40,agua,3,3,0.14
2025-02-09T00:32:40,agua,3,4,2.79
2025-02-09T00:32:40,agua,3,5,1.59
2025-02-09T00:32:40,agua,3,6,1.73
2025-02-09T00:32:40,agua,3,7,1.53
2025-02-09T00:32:40,agua,4,1,2.19
2025-02-09T00:32:40,agua,4,2,0.8
2025-02-09T00:32:40,agua,4,3,2.75
2025-02-09T00:32:40,agua,4,4,0.62
2025-02-09T00:32:40,agua,4,5,2.0
2025-02-09T00:32:40,agua,4,6,0.31
2025-02-09T00:32:40,agua,4,7,1.26
2025-02-09T00:32:40,agua,5,1,2.32
2025-02-09T00:32:40,agua,5,2,1.83
2025-02-09T00:32:40,agua,5,3,2.93
2025-02-09T00:32:40,agua,5,4,2.94
2025-02-09T00:32:40,agua,5,5,1.13
2025-02-09T00:32:40,agua,5,6,1.41
2025-02-09T00:32:40,agua,5,7,0.34
2025-02-09T00:32:40,agua,6,1,2.86
2025-02-09T00:32:40,agua,6,2,2.75
2025-02-09T00:32:40,agua,6,3,1.85
2025-02-09T00:32:40,agua,6,4,2.99
2025-02-09T00:32:40,agua,6,5,1.84
2025-02-09T00:32:40,agua,6,6,0.57
2025-02-09T00:32:40,agua,6,7,1.64
2025-02-09T00:32:40,gas,1,1,0.63
2025-02-09T00:32:40,gas,1,2,0.35
2025-02-09T00:32:40,gas,1,3,0.49
2025-02-09T00:32:40,gas,2,1,0.6
2025-02-09T00:32:40,gas,2,2,1.04
2025-02-09T00:32:40,gas,2,3,1.85
2025-02-09T00:32:40,gas,3,1,0.39
2025-02-09T00:32:40,gas,3,2,1.6
2025-02-09T00:32:40,gas,3,3,0.41
2025-02-09T00:32:40,gas,4,1,0.96
2025-02-09T00:32:40,gas,4,2,1.45
2025-02-09T00:32:40,gas,4,3,0.63
2025-02-09T00:32:40,temperatura,1,1,23.2
2025-02-09T00:32:40,temperatura,2,1,23.3
2025-02-09T00:32:40,temperatura,3,1,28.5
2025-02-09T00:32:40,temperatura,4,1,23.2
2025-02-09T00:32:40,temperatura,5,1,25.6
2025-02-09T00:32:40,temperatura,6,1,28.8
2025-02-09T00:32:40,movimiento,1,1,12.0
2025-02-09T00:32:40,movimiento,2,1,13.0
2025-02-09T00:32:40,movimiento,3,1,19.0
2025-02-09T00:32:40,movimiento,4,1,12.0
2025-02-09T00:32:40,movimiento,5,1,12.0
2025-02-09T00:32:40,movimiento,6,1,5.0
2025-02-09T00:32:40,huella,1,1,3.0
2025-02-09T00:32:40,huella,2,1,3.0
2025-02-09T00:32:40,huella,3,1,1.0
2025-02-09T00:32:40,huella,4,1,3.0
2025-02-09T00:32:40,huella,5,1,0.0
2025-02-09T00:32:40,huella,6,1,3.0
2025-02-09T00:33:20,luz,1,1,1.34
2025-02-09T00:33:20,luz,1,2,1.55
2025-02-09T00:33:20,luz,1,3,1.51
2025-02-09T00:33:20,luz,1,4,2.02
2025-02-09T00:33:20,luz,1,5,2.6
2025-02-09T00:33:20,luz,1,6,2.96
2025-02-09T00:33:20,luz,1,7,2.65
2025-02-09T00:33:20,luz,2,1,2.34
2025-02-09T00:33:20,luz,2,2,1.84
2025-02-09T00:33:20,luz,2,3,2.21
2025-02-09T00:33:20,luz,2,4,0.68
2025-02-09T00:33:20,luz,2,5,0.77
2025-02-09T00:33:20,luz,2,6,0.84
2025-02-09T00:33:20,luz,2,7,2.52
2025-02-09T00:33:20,luz,3,1,1.76
2025-02-09T00:33:20,luz,3,2,1.96
2025-02-09T00:33:20,luz,3,3,1.79
2025-02-09T00:33:20,luz,3,4,2.17
2025-02-09T00:33:20,luz,3,5,0.55
2025-02-09T00:33:20,luz,3,6,0.75
2025-02-09T00:33:20,luz,3,7,1.99
2025-02-09T00:33:20,luz,4,1,1.97
2025-02-09T00:33:20,luz,4,2,2.61
2025-02-09T00:33:20,luz,4,3,0.72
2025-02-09T00:33:20,luz,4,4,2.34
2025-02-09T00:33:20,luz,4,5,2.16
2025-02-09T00:33:20,luz,4,6,2.79
2025-02-09T00:33:20,luz,4,7,1.98
2025-02-09T00:33:20,luz,5,1,2.84
2025-02-09T00:33:20,luz,5,2,2.92
2025-02-09T00:33:20,luz,5,3,0.99
2025-02-09T00:33:20,luz,5,4,2.79
2025-02-09T00:33:20,luz,5,5,1.74
2025-02-09T00:33:20,luz,5,6,0.85
2025-02-09T00:33:20,luz,5,7,2.7
2025-02-09T00:33:20,luz,6,1,1.63
2025-02-09T00:33:20,luz,6,2,2.67
2025-02-09T00:33:20,luz,6,3,2.51
2025-02-09T00:33:20,luz,6,4,1.03
2025-02-09T00:33:20,luz,6,5,2.35
2025-02-09T00:33:20,luz,6,6,2.52
2025-02-09T00:33:20,luz,6,7,2.81
2025-02-09T00:33:20,agua,1,1,0.45
2025-02-09T00:33:20,agua,1,2,1.29
2025-02-09T00:33:20,agua,1,3,2.61
2025-02-09T00:33:20,agua,1,4,2.88
2025-02-09T00:33:20,agua,1,5,0.88
2025-02-09T00:33:20,agua,1,6,0.71
2025-02-09T00:33:20,agua,1,7,0.64
2025-02-09T00:33:20,agua,2,1,2.06
2025-02-09T00:33:20,agua,2,2,2.13
2025-02-09T00:33:20,agua,2,3,2.29
2025-02-09T00:33:20,agua,2,4,0.99
2025-02-09T00:33:20,agua,2,5,2.17
2025-02-09T00:33:20,agua,2,6,2.5
2025-02-09T00:33:20,agua,2,7,0.05
2025-02-09T00:33:20,agua,3,1,0.22
2025-02-09T00:33:20,agua,3,2,1.75
2025-02-09T00:33:20,agua,3,3,0.23
2025-02-09T00:33:20,agua,3,4,2.62
2025-02-09T00:33:20,agua,3,5,1.94
2025-02-09T00:33:20,agua,3,6,0.97
2025-02-09T00:33:20,agua,3,7,0.76
2025-02-09T00:33:20,agua,4,1,0.11
2025-02-09T00:33:20,agua,4,2,1.34
2025-02-09T00:33:20,agua,4,3,2.99
2025-02-09T00:33:20,agua,4,4,0.34
2025-02-09T00:33:20,agua,4,5,2.43
2025-02-09T00:33:20,agua,4,6,1.1
2025-02-09T00:33:20,agua,4,7,2.16
2025-02-09T00:33:20,agua,5,1,0.2
2025-02-09T00:33:20,agua,5,2,0.34
2025-02-09T00:33:20,agua,5,3,2.69
2025-02-09T00:33:20,agua,5,4,0.94
2025-02-09T00:33:20,agua,5,5,2.68
2025-02-09T00:33:20,agua,5,6,0.2
2025-02-09T00:33:20,agua,5,7,2.24
2025-02-09T00:33:20,agua,6,1,2.69
2025-02-09T00:33:20,agua,6,2,0.75
2025-02-09T00:33:20,agua,6,3,2.13
2025-02-09T00:33:20,agua,6,4,1.85
2025-02-09T00:33:20,agua,6,5,1.31
2025-02-09T00:33:20,agua,6,6,2.53
2025-02-09T00:33:20,agua,6,7,2.45
2025-02-09T00:33:20,gas,1,1,1.42
2025-02-09T00:33:20,gas,1,2,1.33
2025-02-09T00:33:20,gas,1,3,1.98
2025-02-09T00:33:20,gas,2,1,0.54
2025-02-09T00:33:20,gas,2,2,1.91
2025-02-09T00:33:20,gas,2,3,0.14
2025-02-09T00:33:20,gas,3,1,0.46
2025-02-09T00:33:20,gas,3,2,1.03
2025-02-09T00:33:20,gas,3,3,0.14
2025-02-09T00:33:20,gas,4,1,0.15
2025-02-09T00:33:20,gas,4,2,0.98
2025-02-09T00:33:20,gas,4,3,0.24
2025-02-09T00:33:20,temperatura,1,1,26.9
2025-02-09T00:33:20,temperatura,2,1,27.0
2025-02-09T00:33:20,temperatura,3,1,23.9
2025-02-09T00:33:20,temperatura,4,1,29.3
2025-02-09T00:33:20,temperatura,5,1,28.3
2025-02-09T00:33:20,temperatura,6,1,21.0
2025-02-09T00:33:20,movimiento,1,1,18.0
2025-02-09T00:33:20,movimiento,2,1,10.0
2025-02-09T00:33:20,movimiento,3,1,9.0
2025-02-09T00:33:20,movimiento,4,1,6.0
2025-02-09T00:33:20,movimiento,5,1,7.0
2025-02-09T00:33:20,movimiento,6,1,12.0
2025-02-09T00:33:20,huella,1,1,1.0
2025-02-09T00:33:20,huella,2,1,3.0
2025-02-09T00:33:20,huella,3,1,3.0
2025-02-09T00:33:20,huella,4,1,3.0
2025-02-09T00:33:20,huella,5,1,1.0
2025-02-09T00:33:20,huella,6,1,2.0
2025-02-09T00:34:00,luz,1,1,2.36
2025-02-09T00:34:00,luz,1,2,1.61
2025-02-09T00:34:00,luz,1,3,1.74
2025-02-09T00:34:00,luz,1,4,2.87
2025-02-09T00:34:00,luz,1,5,0.98
2025-02-09T00:34:00,luz,1,6,1.15
2025-02-09T00:34:00,luz,1,7,1.14
2025-02-09T00:34:00,luz,2,1,2.71
2025-02-09T00:34:00,luz,2,2,1.3
2025-02-09T00:34:00,luz,2,3,2.12
2025-02-09T00:34:00,luz,2,4,0.89
2025-02-09T00:34:00,luz,2,5,1.47
2025-02-09T00:34:00,luz,2,6,2.31
2025-02-09T00:34:00,luz,2,7,1.87
2025-02-09T00:34:00,luz,3,1,2.92
2025-02-09T00:34:00,luz,3,2,1.27
2025-02-09T00:34:00,luz,3,3,1.14
2025-02-09T00:34:00,luz,3,4,0.88
2025-02-09T00:34:00,luz,3,5,2.17
2025-02-09T00:34:00,luz,3,6,2.94
2025-02-09T00:34:00,luz,3,7,2.81
2025-02-09T00:34:00,luz,4,1,0.58
2025-02-09T00:34:00,luz,4,2,2.7
2025-02-09T00:34:00,luz,4,3,2.42
2025-02-09T00:34:00,luz,4,4,0.52
2025-02-09T00:34:00,luz,4,5,1.91
2025-02-09T00:34:00,luz,4,6,1.08
2025-02-09T00:34:00,luz,4,7,0.73
2025-02-09T00:34:00,luz,5,1,1.62
2025-02-09T00:34:00,luz,5,2,1.81
2025-02-09T00:34:00,luz,5,3,2.82
2025-02-09T00:34:00,luz,5,4,2.33
2025-02-09T00:34:00,luz,5,5,2.14
2025-02-09T00:34:00,luz,5,6,1.98
2025-02-09T00:34:00,luz,5,7,2.17
2025-02-09T00:34:00,luz,6,1,0.51
2025-02-09T00:34:00,luz,6,2,2.59
2025-02-09T00:34:00,luz,6,3,1.44
2025-02-09T00:34:00,luz,6,4,1.25
2025-02-09T00:34:00,luz,6,5,3.0
2025-02-09T00:34:00,luz,6,6,0.87
2025-02-09T00:34:00,luz,6,7,2.26
2025-02-09T00:34:00,agua,1,1,2.99
2025-02-09T00:34:00,agua,1,2,0.31
2025-02-09T00:34:00,agua,1,3,0.8
2025-02-09T00:34:00,agua,1,4,1.82
2025-02-09T00:34:00,agua,1,5,0.41
2025-02-09T00:34:00,agua,1,6,2.83
2025-02-09T00:34:00,agua,1,7,2.84
2025-02-09T00:34:00,agua,2,1,1.95
2025-02-09T00:34:00,agua,2,2,2.09
2025-02-09T00:34:00,agua,2,3,0.33
2025-02-09T00:34:00,agua,2,4,2.74
2025-02-09T00:34:00,agua,2,5,0.8
2025-02-09T00:34:00,agua,2,6,0.28
2025-02-09T00:34:00,agua,2,7,0.09
2025-02-09T00:34:00,agua,3,1,0.73
2025-02-09T00:34:00,agua,3,2,1.05
2025-02-09T00:34:00,agua,3,3,1.79
2025-02-09T00:34:00,agua,3,4,0.11
2025-02-09T00:34:00,agua,3,5,2.39
2025-02-09T00:34:00,agua,3,6,1.36
2025-02-09T00:34:00,agua,3,7,0.45
2025-02-09T00:34:00,agua,4,1,0.14
2025-02-09T00:34:00,agua,4,2,2.81
2025-02-09T00:34:00,agua,4,3,2.89
2025-02-09T00:34:00,agua,4,4,2.18
2025-02-09T00:34:00,agua,4,5,1.85
2025-02-09T00:34:00,agua,4,6,2.41
2025-02-09T00:34:00,agua,4,7,2.38
2025-02-09T00:34:00,agua,5,1,0.08
2025-02-09T00:34:00,agua,5,2,2.86
2025-02-09T00:34:00,agua,5,3,2.32
2025-02-09T00:34:00,agua,5,4,2.0
2025-02-09T00:34:00,agua,5,5,0.56
2025-02-09T00:34:00,agua,5,6,1.74
2025-02-09T00:34:00,agua,5,7,1.32
2025-02-09T00:34:00,agua,6,1,2.5
2025-02-09T00:34:00,agua,6,2,0.83
2025-02-09T00:34:00,agua,6,3,0.99
2025-02-09T00:34:00,agua,6,4,2.52
2025-02-09T00:34:00,agua,6,5,0.58
2025-02-09T00:34:00,agua,6,6,1.98
2025-02-09T00:34:00,agua,6,7,0.81
2025-02-09T00:34:00,gas,1,1,0.04
2025-02-09T00:34:00,gas,1,2,0.54
2025-02-09T00:34:00,gas,1,3,1.13
2025-02-09T00:34:00,gas,2,1,0.57
2025-02-09T00:34:00,gas,2,2,0.9
2025-02-09T00:34:00,gas,2,3,1.29
2025-02-09T00:34:00,gas,3,1,0.85
2025-02-09T00:34:00,gas,3,2,1.33
2025-02-09T00:34:00,gas,3,3,0.06
2025-02-09T00:34:00,gas,4,1,0.12
2025-02-09T00:34:00,gas,4,2,0.8
2025-02-09T00:34:00,gas,4,3,1.02
2025-02-09T00:34:00,temperatura,1,1,21.5
2025-02-09T00:34:00,temperatura,2,1,27.6
2025-02-09T00:34:00,temperatura,3,1,25.8
2025-02-09T00:34:00,temperatura,4,1,21.8
2025-02-09T00:34:00,temperatura,5,1,25.3
2025-02-09T00:34:00,temperatura,6,1,27.9
2025-02-09T00:34:00,movimiento,1,1,20.0
2025-02-09T00:34:00,movimiento,2,1,9.0
2025-02-09T00:34:00,movimiento,3,1,7.0
2025-02-09T00:34:00,movimiento,4,1,6.0
2025-02-09T00:34:00,movimiento,5,1,16.0
2025-02-09T00:34:00,movimiento,6,1,5.0
2025-02-09T00:34:00,huella,1,1,1.0
2025-02-09T00:34:00,huella,2,1,0.0
2025-02-09T00:34:00,huella,3,1,2.0
2025-02-09T00:34:00,huella,4,1,0.0
2025-02-09T00:34:00,huella,5,1,2.0
2025-02-09T00:34:00,huella,6,1,1.0
2025-02-09T00:34:40,luz,1,1,2.44
2025-02-09T00:34:40,luz,1,2,2.43
2025-02-09T00:34:40,luz,1,3,2.15
2025-02-09T00:34:40,luz,1,4,0.64
2025-02-09T00:34:40,luz,1,5,2.73
2025-02-09T00:34:40,luz,1,6,1.03
2025-02-09T00:34:40,luz,1,7,0.95
2025-02-09T00:34:40,luz,2,1,0.61
2025-02-09T00:34:40,luz,2,2,2.25
2025-02-09T00:34:40,luz,2,3,0.89
2025-02-09T00:34:40,luz,2,4,2.59
2025-02-09T00:34:40,luz,2,5,2.37
2025-02-09T00:34:40,luz,2,6,2.64
2025-02-09T00:34:40,luz,2,7,1.42
2025-02-09T00:34:40,luz,3,1,0.89
2025-02-09T00:34:40,luz,3,2,2.4
2025-02-09T00:34:40,luz,3,3,0.67
2025-02-09T00:34:40,luz,3,4,2.65
2025-02-09T00:34:40,luz,3,5,1.67
2025-02-09T00:34:40,luz,3,6,1.65
2025-02-09T00:34:40,luz,3,7,1.94
2025-02-09T00:34:40,luz,4,1,2.03
2025-02-09T00:34:40,luz,4,2,1.57
2025-02-09T00:34:40,luz,4,3,1.17
2025-02-09T00:34:40,luz,4,4,2.63
2025-02-09T00:34:40,luz,4,5,2.58
2025-02-09T00:34:40,luz,4,6,0.98
2025-02-09T00:34:40,luz,4,7,0.92
2025-02-09T00:34:40,luz,5,1,2.67
2025-02-09T00:34:40,luz,5,2,1.98
2025-02-09T00:34:40,luz,5,3,2.67
2025-02-09T00:34:40,luz,5,4,2.84
2025-02-09T00:34:40,luz,5,5,2.77
2025-02-09T00:34:40,luz,5,6,2.07
2025-02-09T00:34:40,luz,5,7,2.58
2025-02-09T00:34:40,luz,6,1,2.34
2025-02-09T00:34:40,luz,6,2,2.91
2025-02-09T00:34:40,luz,6,3,2.93
2025-02-09T00:34:40,luz,6,4,2.08
2025-02-09T00:34:40,luz,6,5,2.81
2025-02-09T00:34:40,luz,6,6,0.7
2025-02-09T00:34:40,luz,6,7,0.76
2025-02-09T00:34:40,agua,1,1,1.53
2025-02-09T00:34:40,agua,1,2,0.46
2025-02-09T00:34:40,agua,1,3,1.41
2025-02-09T00:34:40,agua,1,4,1.84
2025-02-09T00:34:40,agua,1,5,1.05
2025-02-09T00:34:40,agua,1,6,1.49
2025-02-09T00:34:40,agua,1,7,0.87
2025-02-09T00:34:40,agua,2,1,1.58
2025-02-09T00:34:40,agua,2,2,0.8
2025-02-09T00:34:40,agua,2,3,2.77
2025-02-09T00:34:40,agua,2,4,0.72
2025-02-09T00:34:40,agua,2,5,1.4
2025-02-09T00:34:40,agua,2,6,2.11
2025-02-09T00:34:40,agua,2,7,1.04
2025-02-09T00:34:40,agua,3,1,0.72
2025-02-09T00:34:40,agua,3,2,2.78
2025-02-09T00:34:40,agua,3,3,1.23
2025-02-09T00:34:40,agua,3,4,2.28
2025-02-09T00:34:40,agua,3,5,2.5
2025-02-09T00:34:40,agua,3,6,2.19
2025-02-09T00:34:40,agua,3,7,2.3
2025-02-09T00:34:40,agua,4,1,0.32
2025-02-09T00:34:40,agua,4,2,1.27
2025-02-09T00:34:40,agua,4,3,1.05
2025-02-09T00:34:40,agua,4,4,1.55
2025-02-09T00:34:40,agua,4,5,0.48
2025-02-09T00:34:40,agua,4,6,2.61
2025-02-09T00:34:40,agua,4,7,0.29
2025-02-09T00:34:40,agua,5,1,0.3
2025-02-09T00:34:40,agua,5,2,0.37
2025-02-09T00:34:40,agua,5,3,0.47
2025-02-09T00:34:40,agua,5,4,2.02
2025-02-09T00:34:40,agua,5,5,2.5
2025-02-09T00:34:40,agua,5,6,2.28
2025-02-09T00:34:40,agua,5,7,2.49
2025-02-09T00:34:40,agua,6,1,2.12
2025-02-09T00:34:40,agua,6,2,1.96
2025-02-09T00:34:40,agua,6,3,1.02
2025-02-09T00:34:40,agua,6,4,0.4
2025-02-09T00:34:40,agua,6,5,2.46
2025-02-09T00:34:40,agua,6,6,0.55
2025-02-09T00:34:40,agua,6,7,1.38
2025-02-09T00:34:40,gas,1,1,1.57
2025-02-09T00:34:40,gas,1,2,1.29
2025-02-09T00:34:40,gas,1,3,1.2
2025-02-09T00:34:40,gas,2,1,1.83
2025-02-09T00:34:40,gas,2,2,0.56
2025-02-09T00:34:40,gas,2,3,0.32
2025-02-09T00:34:40,gas,3,1,0.78
2025-02-09T00:34:40,gas,3,2,0.7
2025-02-09T00:34:40,gas,3,3,0.59
2025-02-09T00:34:40,gas,4,1,1.89
2025-02-09T00:34:40,gas,4,2,1.02
2025-02-09T00:34:40,gas,4,3,1.26
2025-02-09T00:34:40,temperatura,1,1,25.5
2025-02-09T00:34:40,temperatura,2,1,22.6
2025-02-09T00:34:40,temperatura,3,1,24.9
2025-02-09T00:34:40,temperatura,4,1,23.6
2025-02-09T00:34:40,temperatura,5,1,23.5
2025-02-09T00:34:40,temperatura,6,1,21.1
2025-02-09T00:34:40,movimiento,1,1,15.0
2025-02-09T00:34:40,movimiento,2,1,12.0
2025-02-09T00:34:40,movimiento,3,1,11.0
2025-02-09T00:34:40,movimiento,4,1,14.0
2025-02-09T00:34:40,movimiento,5,1,7.0
2025-02-09T00:34:40,movimiento,6,1,17.0
2025-02-09T00:34:40,huella,1,1,0.0
2025-02-09T00:34:40,huella,2,1,2.0
2025-02-09T00:34:40,huella,3,1,2.0
2025-02-09T00:34:40,huella,4,1,2.0
2025-02-09T00:34:40,huella,5,1,1.0
2025-02-09T00:34:40,huella,6,1,1.0
2025-02-09T00:35:20,luz,1,1,2.3
2025-02-09T00:35:20,luz,1,2,3.0
2025-02-09T00:35:20,luz,1,3,1.03
2025-02-09T00:35:20,luz,1,4,1.7
2025-02-09T00:35:20,luz,1,5,1.4
2025-02-09T00:35:20,luz,1,6,2.03
2025-02-09T00:35:20,luz,1,7,1.84
2025-02-09T00:35:20,luz,2,1,1.43
2025-02-09T00:35:20,luz,2,2,2.09
2025-02-09T00:35:20,luz,2,3,2.86
2025-02-09T00:35:20,luz,2,4,1.29
2025-02-09T00:35:20,luz,2,5,2.34
2025-02-09T00:35:20,luz,2,6,1.53
2025-02-09T00:35:20,luz,2,7,0.95
2025-02-09T00:35:20,luz,3,1,0.95
2025-02-09T00:35:20,luz,3,2,2.61
2025-02-09T00:35:20,luz,3,3,2.44
2025-02-09T00:35:20,luz,3,4,2.25
2025-02-09T00:35:20,luz,3,5,1.68
2025-02-09T00:35:20,luz,3,6,1.8
2025-02-09T00:35:20,luz,3,7,2.76
2025-02-09T00:35:20,luz,4,1,2.71
2025-02-09T00:35:20,luz,4,2,0.89
2025-02-09T00:35:20,luz,4,3,2.25
2025-02-09T00:35:20,luz,4,4,1.82
2025-02-09T00:35:20,luz,4,5,0.96
2025-02-09T00:35:20,luz,4,6,0.52
2025-02-09T00:35:20,luz,4,7,1.38
2025-02-09T00:35:20,luz,5,1,2.81
2025-02-09T00:35:20,luz,5,2,2.54
2025-02-09T00:35:20,luz,5,3,2.21
2025-02-09T00:35:20,luz,5,4,2.42
2025-02-09T00:35:20,luz,5,5,2.86
2025-02-09T00:35:20,luz,5,6,2.24
2025-02-09T00:35:20,luz,5,7,1.4
2025-02-09T00:35:20,luz,6,1,1.37
2025-02-09T00:35:20,luz,6,2,2.34
2025-02-09T00:35:20,luz,6,3,2.92
2025-02-09T00:35:20,luz,6,4,1.7
2025-02-09T00:35:20,luz,6,5,1.65
2025-02-09T00:35:20,luz,6,6,2.81
2025-02-09T00:35:20,luz,6,7,1.02
2025-02-09T00:35:20,agua,1,1,1.87
2025-02-09T00:35:20,agua,1,2,2.65
2025-02-09T00:35:20,agua,1,3,0.41
2025-02-09T00:35:20,agua,1,4,0.4
2025-02-09T00:35:20,agua,1,5,0.82
2025-02-09T00:35:20,agua,1,6,2.38
2025-02-09T00:35:20,agua,1,7,1.37
2025-02-09T00:35:20,agua,2,1,0.74
2025-02-09T00:35:20,agua,2,2,0.73
2025-02-09T00:35:20,agua,2,3,1.52
2025-02-09T00:35:20,agua,2,4,0.25
2025-02-09T00:35:20,agua,2,5,0.8
2025-02-09T00:35:20,agua,2,6,1.84
2025-02-09T00:35:20,agua,2,7,2.55
2025-02-09T00:35:20,agua,3,1,1.65
2025-02-09T00:35:20,agua,3,2,1.37
2025-02-09T00:35:20,agua,3,3,2.19
2025-02-09T00:35:20,agua,3,4,1.15
2025-02-09T00:35:20,agua,3,5,2.49
2025-02-09T00:35:20,agua,3,6,2.36
2025-02-09T00:35:20,agua,3,7,0.01
2025-02-09T00:35:20,agua,4,1,2.16
2025-02-09T00:35:20,agua,4,2,0.32
2025-02-09T00:35:20,agua,4,3,1.16
2025-02-09T00:35:20,agua,4,4,2.95
2025-02-09T00:35:20,agua,4,5,1.07
2025-02-09T00:35:20,agua,4,6,1.3
2025-02-09T00:35:20,agua,4,7,2.98
2025-02-09T00:35:20,agua,5,1,0.87
2025-02-09T00:35:20,agua,5,2,1.61
2025-02-09T00:35:20,agua,5,3,2.66
2025-02-09T00:35:20,agua,5,4,1.75
2025-02-09T00:35:20,agua,5,5,0.66
2025-02-09T00:35:20,agua,5,6,1.55
2025-02-09T00:35:20,agua,5,7,1.36
2025-02-09T00:35:20,agua,6,1,0.67
2025-02-09T00:35:20,agua,6,2,0.51
2025-02-09T00:35:20,agua,6,3,2.32
2025-02-09T00:35:20,agua,6,4,0.5
2025-02-09T00:35:20,agua,6,5,2.01
2025-02-09T00:35:20,agua,6,6,0.14
2025-02-09T00:35:20,agua,6,7,0.11
2025-02-09T00:35:20,gas,1,1,1.48
2025-02-09T00:35:20,gas,1,2,0.57
2025-02-09T00:35:20,gas,1,3,0.72
2025-02-09T00:35:20,gas,2,1,0.98
2025-02-09T00:35:20,gas,2,2,1.62
2025-02-09T00:35:20,gas,2,3,0.38
2025-02-09T00:35:20,gas,3,1,0.66
2025-02-09T00:35:20,gas,3,2,1.13
2025-02-09T00:35:20,gas,3,3,0.67
2025-02-09T00:35:20,gas,4,1,1.59
2025-02-09T00:35:20,gas,4,2,1.73
2025-02-09T00:35:20,gas,4,3,1.67
2025-02-09T00:35:20,temperatura,1,1,20.5
2025-02-09T00:35:20,temperatura,2,1,26.7
2025-02-09T00:35:20,temperatura,3,1,20.1
2025-02-09T00:35:20,temperatura,4,1,25.5
2025-02-09T00:35:20,temperatura,5,1,26.3
2025-02-09T00:35:20,temperatura,6,1,24.2
2025-02-09T00:35:20,movimiento,1,1,8.0
2025-02-09T00:35:20,movimiento,2,1,17.0
2025-02-09T00:35:20,movimiento,3,1,6.0
2025-02-09T00:35:20,movimiento,4,1,19.0
2025-02-09T00:35:20,movimiento,5,1,20.0
2025-02-09T00:35:20,movimiento,6,1,19.0
2025-02-09T00:35:20,huella,1,1,3.0
2025-02-09T00:35:20,huella,2,1,3.0
2025-02-09T00:35:20,huella,3,1,2.0
2025-02-09T00:35:20,huella,4,1,3.0
2025-02-09T00:35:20,huella,5,1,3.0
2025-02-09T00:35:20,huella,6,1,0.0
2025-02-09T00:36:00,luz,1,1,2.59
2025-02-09T00:36:00,luz,1,2,1.25
2025-02-09T00:36:00,luz,1,3,2.63
2025-02-09T00:36:00,luz,1,4,2.85
2025-02-09T00:36:00,luz,1,5,1.54
2025-02-09T00:36:00,luz,1,6,0.99
2025-02-09T00:36:00,luz,1,7,0.66
2025-02-09T00:36:00,luz,2,1,2.77
2025-02-09T00:36:00,luz,2,2,1.16
2025-02-09T00:36:00,luz,2,3,2.5
2025-02-09T00:36:00,luz,2,4,1.79
2025-02-09T00:36:00,luz,2,5,1.36
2025-02-09T00:36:00,luz,2,6,2.84
2025-02-09T00:36:00,luz,2,7,1.91
2025-02-09T00:36:00,luz,3,1,2.23
2025-02-09T00:36:00,luz,3,2,2.47
2025-02-09T00:36:00,luz,3,3,0.9
2025-02-09T00:36:00,luz,3,4,1.5
2025-02-09T00:36:00,luz,3,5,1.19
2025-02-09T00:36:00,luz,3,6,2.0
2025-02-09T00:36:00,luz,3,7,1.9
2025-02-09T00:36:00,luz,4,1,2.75
2025-02-09T00:36:00,luz,4,2,2.0
2025-02-09T00:36:00,luz,4,3,2.32
2025-02-09T00:36:00,luz,4,4,1.18
2025-02-09T00:36:00,luz,4,5,2.26
2025-02-09T00:36:00,luz,4,6,0.7
2025-02-09T00:36:00,luz,4,7,2.66
2025-02-09T00:36:00,luz,5,1,2.98
2025-02-09T00:36:00,luz,5,2,1.81
2025-02-09T00:36:00,luz,5,3,2.91
2025-02-09T00:36:00,luz,5,4,1.8
2025-02-09T00:36:00,luz,5,5,2.78
2025-02-09T00:36:00,luz,5,6,2.26
2025-02-09T00:36:00,luz,5,7,0.61
2025-02-09T00:36:00,luz,6,1,0.73
2025-02-09T00:36:00,luz,6,2,2.74
2025-02-09T00:36:00,luz,6,3,1.9
2025-02-09T00:36:00,luz,6,4,1.01
2025-02-09T00:36:00,luz,6,5,1.12
2025-02-09T00:36:00,luz,6,6,1.38
2025-02-09T00:36:00,luz,6,7,2.09
2025-02-09T00:36:00,agua,1,1,1.26
2025-02-09T00:36:00,agua,1,2,0.5
2025-02-09T00:36:00,agua,1,3,1.45
2025-02-09T00:36:00,agua,1,4,1.59
2025-02-09T00:36:00,agua,1,5,1.77
2025-02-09T00:36:00,agua,1,6,1.36
2025-02-09T00:36:00,agua,1,7,2.66
2025-02-09T00:36:00,agua,2,1,1.31
2025-02-09T00:36:00,agua,2,2,1.03
2025-02-09T00:36:00,agua,2,3,1.75
2025-02-09T00:36:00,agua,2,4,2.7
2025-02-09T00:36:00,agua,2,5,1.64
2025-02-09T00:36:00,agua,2,6,1.86
2025-02-09T00:36:00,agua,2,7,1.65
2025-02-09T00:36:00,agua,3,1,0.04
2025-02-09T00:36:00,agua,3,2,0.2
2025-02-09T00:36:00,agua,3,3,2.52
2025-02-09T00:36:00,agua,3,4,0.77
2025-02-09T00:36:00,agua,3,5,1.72
2025-02-09T00:36:00,agua,3,6,2.46
2025-02-09T00:36:00,agua,3,7,2.14
2025-02-09T00:36:00,agua,4,1,0.92
2025-02-09T00:36:00,agua,4,2,0.11
2025-02-09T00:36:00,agua,4,3,1.27
2025-02-09T00:36:00,agua,4,4,0.12
2025-02-09T00:36:00,agua,4,5,0.1
2025-02-09T00:36:00,agua,4,6,0.05
2025-02-09T00:36:00,agua,4,7,1.74
2025-02-09T00:36:00,agua,5,1,0.16
2025-02-09T00:36:00,agua,5,2,0.48
2025-02-09T00:36:00,agua,5,3,0.02
2025-02-09T00:36:00,agua,5,4,2.15
2025-02-09T00:36:00,agua,5,5,0.25
2025-02-09T00:36:00,agua,5,6,1.43
2025-02-09T00:36:00,agua,5,7,1.58
2025-02-09T00:36:00,agua,6,1,0.92
2025-02-09T00:36:00,agua,6,2,1.93
2025-02-09T00:36:00,agua,6,3,1.24
2025-02-09T00:36:00,agua,6,4,1.59
2025-02-09T00:36:00,agua,6,5,1.36
2025-02-09T00:36:00,agua,6,6,0.2
2025-02-09T00:36:00,agua,6,7,1.03
2025-02-09T00:36:00,gas,1,1,1.86
2025-02-09T00:36:00,gas,1,2,0.5
2025-02-09T00:36:00,gas,1,3,1.77
2025-02-09T00:36:00,gas,2,1,1.0
2025-02-09T00:36:00,gas,2,2,0.01
2025-02-09T00:36:00,gas,2,3,0.91
2025-02-09T00:36:00,gas,3,1,1.18
2025-02-09T00:36:00,gas,3,2,0.81
2025-02-09T00:36:00,gas,3,3,1.49
2025-02-09T00:36:00,gas,4,1,1.88
2025-02-09T00:36:00,gas,4,2,1.41
2025-02-09T00:36:00,gas,4,3,1.82
2025-02-09T00:36:00,temperatura,1,1,25.2
2025-02-09T00:36:00,temperatura,2,1,29.0
2025-02-09T00:36:00,temperatura,3,1,27.8
2025-02-09T00:36:00,temperatura,4,1,26.7
2025-02-09T00:36:00,temperatura,5,1,29.1
2025-02-09T00:36:00,temperatura,6,1,27.3
2025-02-09T00:36:00,movimiento,1,1,5.0
2025-02-09T00:36:00,movimiento,2,1,10.0
2025-02-09T00:36:00,movimiento,3,1,11.0
2025-02-09T00:36:00,movimiento,4,1,18.0
2025-02-09T00:36:00,movimiento,5,1,7.0
2025-02-09T00:36:00,movimiento,6,1,16.0
2025-02-09T00:36:00,huella,1,1,0.0
2025-02-09T00:36:00,huella,2,1,0.0
2025-02-09T00:36:00,huella,3,1,2.0
2025-02-09T00:36:00,huella,4,1,2.0
2025-02-09T00:36:00,huella,5,1,1.0
2025-02-09T00:36:00,huella,6,1,0.0
2025-02-09T00:36:40,luz,1,1,1.93
2025-02-09T00:36:40,luz,1,2,2.47
2025-02-09T00:36:40,luz,1,3,1.55
2025-02-09T00:36:40,luz,1,4,2.3
2025-02-09T00:36:40,luz,1,5,1.67
2025-02-09T00:36:40,luz,1,6,2.89
2025-02-09T00:36:40,luz,1,7,1.06
2025-02-09T00:36:40,luz,2,1,2.19
2025-02-09T00:36:40,luz,2,2,0.68
2025-02-09T00:36:40,luz,2,3,0.59
2025-02-09T00:36:40,luz,2,4,1.16
2025-02-09T00:36:40,luz,2,5,1.82
2025-02-09T00:36:40,luz,2,6,0.5
2025-02-09T00:36:40,luz,2,7,2.81
2025-02-09T00:36:40,luz,3,1,0.81
2025-02-09T00:36:40,luz,3,2,1.4
2025-02-09T00:36:40,luz,3,3,1.21
2025-02-09T00:36:40,luz,3,4,2.77
2025-02-09T00:36:40,luz,3,5,2.04
2025-02-09T00:36:40,luz,3,6,1.94
2025-02-09T00:36:40,luz,3,7,1.92
2025-02-09T00:36:40,luz,4,1,2.36
2025-02-09T00:36:40,luz,4,2,1.02
2025-02-09T00:36:40,luz,4,3,1.53
2025-02-09T00:36:40,luz,4,4,1.51
2025-02-09T00:36:40,luz,4,5,1.26
2025-02-09T00:36:40,luz,4,6,0.63
2025-02-09T00:36:40,luz,4,7,2.56
2025-02-09T00:36:40,luz,5,1,2.84
2025-02-09T00:36:40,luz,5,2,2.55
2025-02-09T00:36:40,luz,5,3,1.18
2025-02-09T00:36:40,luz,5,4,2.13
2025-02-09T00:36:40,luz,5,5,0.76
2025-02-09T00:36:40,luz,5,6,2.08
2025-02-09T00:36:40,luz,5,7,1.11
2025-02-09T00:36:40,luz,6,1,2.64
2025-02-09T00:36:40,luz,6,2,2.2
2025-02-09T00:36:40,luz,6,3,1.88
2025-02-09T00:36:40,luz,6,4,2.43
2025-02-09T00:36:40,luz,6,5,2.14
2025-02-09T00:36:40,luz,6,6,2.31
2025-02-09T00:36:40,luz,6,7,0.98
2025-02-09T00:36:40,agua,1,1,1.23
2025-02-09T00:36:40,agua,1,2,1.71
2025-02-09T00:36:40,agua,1,3,2.02
2025-02-09T00:36:40,agua,1,4,0.82
2025-02-09T00:36:40,agua,1,5,1.2
2025-02-09T00:36:40,agua,1,6,1.94
2025-02-09T00:36:40,agua,1,7,2.26
2025-02-09T00:36:40,agua,2,1,0.1
2025-02-09T00:36:40,agua,2,2,1.37
2025-02-09T00:36:40,agua,2,3,2.63
2025-02-09T00:36:40,agua,2,4,2.84
2025-02-09T00:36:40,agua,2,5,0.28
2025-02-09T00:36:40,agua,2,6,0.07
2025-02-09T00:36:40,agua,2,7,1.78
2025-02-09T00:36:40,agua,3,1,2.69
2025-02-09T00:36:40,agua,3,2,0.85
2025-02-09T00:36:40,agua,3,3,2.69
2025-02-09T00:36:40,agua,3,4,0.62
2025-02-09T00:36:40,agua,3,5,0.06
2025-02-09T00:36:40,agua,3,6,1.49
2025-02-09T00:36:40,agua,3,7,2.01
2025-02-09T00:36:40,agua,4,1,0.02
2025-02-09T00:36:40,agua,4,2,2.41
2025-02-09T00:36:40,agua,4,3,0.44
2025-02-09T00:36:40,agua,4,4,0.35
2025-02-09T00:36:40,agua,4,5,1.11
2025-02-09T00:36:40,agua,4,6,2.11
2025-02-09T00:36:40,agua,4,7,0.95
2025-02-09T00:36:40,agua,5,1,1.51
2025-02-09T00:36:40,agua,5,2,0.48
2025-02-09T00:36:40,agua,5,3,2.98
2025-02-09T00:36:40,agua,5,4,2.79
2025-02-09T00:36:40,agua,5,5,2.76
2025-02-09T00:36:40,agua,5,6,0.5
2025-02-09T00:36:40,agua,5,7,1.19
2025-02-09T00:36:40,agua,6,1,1.41
2025-02-09T00:36:40,agua,6,2,1.66
2025-02-09T00:36:40,agua,6,3,1.0
2025-02-09T00:36:40,agua,6,4,2.64
2025-02-09T00:36:40,agua,6,5,0.68
2025-02-09T00:36:40,agua,6,6,0.76
2025-02-09T00:36:40,agua,6,7,2.27
2025-02-09T00:36:40,gas,1,1,0.86
2025-02-09T00:36:40,gas,1,2,0.05
2025-02-09T00:36:40,gas,1,3,1.05
2025-02-09T00:36:40,gas,2,1,1.83
2025-02-09T00:36:40,gas,2,2,0.53
2025-02-09T00:36:40,gas,2,3,1.14
2025-02-09T00:36:40,gas,3,1,0.3
2025-02-09T00:36:40,gas,3,2,0.17
2025-02-09T00:36:40,gas,3,3,1.84
2025-02-09T00:36:40,gas,4,1,0.7
2025-02-09T00:36:40,gas,4,2,0.26
2025-02-09T00:36:40,gas,4,3,1.99
2025-02-09T00:36:40,temperatura,1,1,22.1
2025-02-09T00:36:40,temperatura,2,1,25.8
2025-02-09T00:36:40,temperatura,3,1,27.4
2025-02-09T00:36:40,temperatura,4,1,22.2
2025-02-09T00:36:40,temperatura,5,1,28.0
2025-02-09T00:36:40,temperatura,6,1,28.0
2025-02-09T00:36:40,movimiento,1,1,8.0
2025-02-09T00:36:40,movimiento,2,1,15.0
2025-02-09T00:36:40,movimiento,3,1,12.0
2025-02-09T00:36:40,movimiento,4,1,10.0
2025-02-09T00:36:40,movimiento,5,1,14.0
2025-02-09T00:36:40,movimiento,6,1,19.0
2025-02-09T00:36:40,huella,1,1,3.0
2025-02-09T00:36:40,huella,2,1,3.0
2025-02-09T00:36:40,huella,3,1,2.0
2025-02-09T00:36:40,huella,4,1,1.0
2025-02-09T00:36:40,huella,5,1,0.0
2025-02-09T00:36:40,huella,6,1,2.0
2025-02-09T00:37:20,luz,1,1,1.77
2025-02-09T00:37:20,luz,1,2,2.59
2025-02-09T00:37:20,luz,1,3,2.21
2025-02-09T00:37:20,luz,1,4,1.53
2025-02-09T00:37:20,luz,1,5,1.23
2025-02-09T00:37:20,luz,1,6,0.62
2025-02-09T00:37:20,luz,1,7,1.31
2025-02-09T00:37:20,luz,2,1,2.38
2025-02-09T00:37:20,luz,2,2,0.62
2025-02-09T00:37:20,luz,2,3,1.49
2025-02-09T00:37:20,luz,2,4,1.38
2025-02-09T00:37:20,luz,2,5,1.51
2025-02-09T00:37:20,luz,2,6,1.67
2025-02-09T00:37:20,luz,2,7,2.89
2025-02-09T00:37:20,luz,3,1,0.67
2025-02-09T00:37:20,luz,3,2,0.71
2025-02-09T00:37:20,luz,3,3,1.49
2025-02-09T00:37:20,luz,3,4,2.12
2025-02-09T00:37:20,luz,3,5,0.94
2025-02-09T00:37:20,luz,3,6,2.64
2025-02-09T00:37:20,luz,3,7,1.52
2025-02-09T00:37:20,luz,4,1,1.83
2025-02-09T00:37:20,luz,4,2,2.03
2025-02-09T00:37:20,luz,4,3,2.07
2025-02-09T00:37:20,luz,4,4,2.38
2025-02-09T00:37:20,luz,4,5,1.81
2025-02-09T00:37:20,luz,4,6,1.9
2025-02-09T00:37:20,luz,4,7,0.82
2025-02-09T00:37:20,luz,5,1,2.85
2025-02-09T00:37:20,luz,5,2,1.97
2025-02-09T00:37:20,luz,5,3,0.93
2025-02-09T00:37:20,luz,5,4,1.66
2025-02-09T00:37:20,luz,5,5,1.84
2025-02-09T00:37:20,luz,5,6,1.42
2025-02-09T00:37:20,luz,5,7,2.5
2025-02-09T00:37:20,luz,6,1,1.93
2025-02-09T00:37:20,luz,6,2,2.13
2025-02-09T00:37:20,luz,6,3,1.15
2025-02-09T00:37:20,luz,6,4,2.35
2025-02-09T00:37:20,luz,6,5,0.89
2025-02-09T00:37:20,luz,6,6,2.94
2025-02-09T00:37:20,luz,6,7,1.9
2025-02-09T00:37:20,agua,1,1,0.25
2025-02-09T00:37:20,agua,1,2,2.6
2025-02-09T00:37:20,agua,1,3,0.92
2025-02-09T00:37:20,agua,1,4,1.0
2025-02-09T00:37:20,agua,1,5,2.56
2025-02-09T00:37:20,agua,1,6,2.16
2025-02-09T00:37:20,agua,1,7,1.47
2025-02-09T00:37:20,agua,2,1,1.46
2025-02-09T00:37:20,agua,2,2,1.86
2025-02-09T00:37:20,agua,2,3,1.26
2025-02-09T00:37:20,agua,2,4,2.0
2025-02-09T00:37:20,agua,2,5,2.86
2025-02-09T00:37:20,agua,2,6,0.36
2025-02-09T00:37:20,agua,2,7,2.65
2025-02-09T00:37:20,agua,3,1,1.15
2025-02-09T00:37:20,agua,3,2,2.38
2025-02-09T00:37:20,agua,3,3,1.42
2025-02-09T00:37:20,agua,3,4,1.72
2025-02-09T00:37:20,agua,3,5,2.75
2025-02-09T00:37:20,agua,3,6,2.8
2025-02-09T00:37:20,agua,3,7,1.19
2025-02-09T00:37:20,agua,4,1,2.62
2025-02-09T00:37:20,agua,4,2,0.49
2025-02-09T00:37:20,agua,4,3,2.79
2025-02-09T00:37:20,agua,4,4,2.03
2025-02-09T00:37:20,agua,4,5,0.3
2025-02-09T00:37:20,agua,4,6,0.85
2025-02-09T00:37:20,agua,4,7,2.46
2025-02-09T00:37:20,agua,5,1,0.92
2025-02-09T00:37:20,agua,5,2,1.74
2025-02-09T00:37:20,agua,5,3,2.22
2025-02-09T00:37:20,agua,5,4,1.79
2025-02-09T00:37:20,agua,5,5,1.83
2025-02-09T00:37:20,agua,5,6,0.9
2025-02-09T00:37:20,agua,5,7,0.44
2025-02-09T00:37:20,agua,6,1,2.92
2025-02-09T00:37:20,agua,6,2,1.98
2025-02-09T00:37:20,agua,6,3,1.94
2025-02-09T00:37:20,agua,6,4,0.18
2025-02-09T00:37:20,agua,6,5,0.04
2025-02-09T00:37:20,agua,6,6,1.18
2025-02-09T00:37:20,agua,6,7,0.71
2025-02-09T00:37:20,gas,1,1,1.16
2025-02-09T00:37:20,gas,1,2,1.61
2025-02-09T00:37:20,gas,1,3,0.61
2025-02-09T00:37:20,gas,2,1,1.14
2025-02-09T00:37:20,gas,2,2,0.79
2025-02-09T00:37:20,gas,2,3,0.17
2025-02-09T00:37:20,gas,3,1,0.94
2025-02-09T00:37:20,gas,3,2,0.49
2025-02-09T00:37:20,gas,3,3,0.9
2025-02-09T00:37:20,gas,4,1,0.78
2025-02-09T00:37:20,gas,4,2,1.86
2025-02-09T00:37:20,gas,4,3,1.18
2025-02-09T00:37:20,temperatura,1,1,24.7
2025-02-09T00:37:20,temperatura,2,1,23.5
2025-02-09T00:37:20,temperatura,3,1,28.5
2025-02-09T00:37:20,temperatura,4,1,21.1
2025-02-09T00:37:20,temperatura,5,1,28.6
2025-02-09T00:37:20,temperatura,6,1,26.7
2025-02-09T00:37:20,movimiento,1,1,19.0
2025-02-09T00:37:20,movimiento,2,1,11.0
2025-02-09T00:37:20,movimiento,3,1,12.0
2025-02-09T00:37:20,movimiento,4,1,7.0
2025-02-09T00:37:20,movimiento,5,1,9.0
2025-02-09T00:37:20,movimiento,6,1,12.0
2025-02-09T00:37:20,huella,1,1,0.0
2025-02-09T00:37:20,huella,2,1,2.0
2025-02-09T00:37:20,huella,3,1,3.0
2025-02-09T00:37:20,huella,4,1,3.0
2025-02-09T00:37:20,huella,5,1,3.0
2025-02-09T00:37:20,huella,6,1,1.0
2025-02-09T00:38:00,luz,1,1,0.54
2025-02-09T00:38:00,luz,1,2,2.76
2025-02-09T00:38:00,luz,1,3,2.42
2025-02-09T00:38:00,luz,1,4,2.53
2025-02-09T00:38:00,luz,1,5,2.06
2025-02-09T00:38:00,luz,1,6,2.88
2025-02-09T00:38:00,luz,1,7,0.76
2025-02-09T00:38:00,luz,2,1,1.39
2025-02-09T00:38:00,luz,2,2,1.41
2025-02-09T00:38:00,luz,2,3,1.29
2025-02-09T00:38:00,luz,2,4,1.93
2025-02-09T00:38:00,luz,2,5,2.86
2025-02-09T00:38:00,luz,2,6,1.18
2025-02-09T00:38:00,luz,2,7,1.7
2025-02-09T00:38:00,luz,3,1,2.68
2025-02-09T00:38:00,luz,3,2,2.33
2025-02-09T00:38:00,luz,3,3,1.58
2025-02-09T00:38:00,luz,3,4,2.73
2025-02-09T00:38:00,luz,3,5,1.8
2025-02-09T00:38:00,luz,3,6,1.99
2025-02-09T00:38:00,luz,3,7,0.82
2025-02-09T00:38:00,luz,4,1,2.53
2025-02-09T00:38:00,luz,4,2,1.9
2025-02-09T00:38:00,luz,4,3,1.17
2025-02-09T00:38:00,luz,4,4,2.85
2025-02-09T00:38:00,luz,4,5,0.78
2025-02-09T00:38:00,luz,4,6,0.65
2025-02-09T00:38:00,luz,4,7,2.19
2025-02-09T00:38:00,luz,5,1,1.33
2025-02-09T00:38:00,luz,5,2,1.63
2025-02-09T00:38:00,luz,5,3,1.64
2025-02-09T00:38:00,luz,5,4,2.73
2025-02-09T00:38:00,luz,5,5,2.93
2025-02-09T00:38:00,luz,5,6,2.69
2025-02-09T00:38:00,luz,5,7,1.81
2025-02-09T00:38:00,luz,6,1,2.19
2025-02-09T00:38:00,luz,6,2,0.99
2025-02-09T00:38:00,luz,6,3,2.59
2025-02-09T00:38:00,luz,6,4,2.92
2025-02-09T00:38:00,luz,6,5,0.62
2025-02-09T00:38:00,luz,6,6,1.36
2025-02-09T00:38:00,luz,6,7,0.92
2025-02-09T00:38:00,agua,1,1,2.18
2025-02-09T00:38:00,agua,1,2,2.44
2025-02-09T00:38:00,agua,1,3,0.12
2025-02-09T00:38:00,agua,1,4,2.18
2025-02-09T00:38:00,agua,1,5,0.42
2025-02-09T00:38:00,agua,1,6,2.76
2025-02-09T00:38:00,agua,1,7,1.6
2025-02-09T00:38:00,agua,2,1,2.02
2025-02-09T00:38:00,agua,2,2,1.89
2025-02-09T00:38:00,agua,2,3,1.76
2025-02-09T00:38:00,agua,2,4,1.92
2025-02-09T00:38:00,agua,2,5,1.77
2025-02-09T00:38:00,agua,2,6,0.51
2025-02-09T00:38:00,agua,2,7,1.58
2025-02-09T00:38:00,agua,3,1,0.02
2025-02-09T00:38:00,agua,3,2,0.26
2025-02-09T00:38:00,agua,3,3,0.81
2025-02-09T00:38:00,agua,3,4,2.61
2025-02-09T00:38:00,agua,3,5,0.13
2025-02-09T00:38:00,agua,3,6,0.28
2025-02-09T00:38:00,agua,3,7,1.39
2025-02-09T00:38:00,agua,4,1,2.49
2025-02-09T00:38:00,agua,4,2,1.2
2025-02-09T00:38:00,agua,4,3,0.34
2025-02-09T00:38:00,agua,4,4,1.33
2025-02-09T00:38:00,agua,4,5,0.51
2025-02-09T00:38:00,agua,4,6,0.32
2025-02-09T00:38:00,agua,4,7,2.73
2025-02-09T00:38:00,agua,5,1,2.53
2025-02-09T00:38:00,agua,5,2,0.68
2025-02-09T00:38:00,agua,5,3,1.65
2025-02-09T00:38:00,agua,5,4,0.99
2025-02-09T00:38:00,agua,5,5,1.72
2025-02-09T00:38:00,agua,5,6,0.23
2025-02-09T00:38:00,agua,5,7,0.48
2025-02-09T00:38:00,agua,6,1,0.09
2025-02-09T00:38:00,agua,6,2,1.51
2025-02-09T00:38:00,agua,6,3,1.64
2025-02-09T00:38:00,agua,6,4,0.45
2025-02-09T00:38:00,agua,6,5,1.03
2025-02-09T00:38:00,agua,6,6,0.32
2025-02-09T00:38:00,agua,6,7,2.53
2025-02-09T00:38:00,gas,1,1,1.07
2025-02-09T00:38:00,gas,1,2,1.69
2025-02-09T00:38:00,gas,1,3,0.52
2025-02-09T00:38:00,gas,2,1,0.49
2025-02-09T00:38:00,gas,2,2,1.18
2025-02-09T00:38:00,gas,2,3,1.37
2025-02-09T00:38:00,gas,3,1,1.46
2025-02-09T00:38:00,gas,3,2,1.28
2025-02-09T00:38:00,gas,3,3,0.71
2025-02-09T00:38:00,gas,4,1,1.64
2025-02-09T00:38:00,gas,4,2,0.56
2025-02-09T00:38:00,gas,4,3,0.41
2025-02-09T00:38:00,temperatura,1,1,22.8
2025-02-09T00:38:00,temperatura,2,1,22.1
2025-02-09T00:38:00,temperatura,3,1,24.6
2025-02-09T00:38:00,temperatura,4,1,26.0
2025-02-09T00:38:00,temperatura,5,1,26.5
2025-02-09T00:38:00,temperatura,6,1,29.6
2025-02-09T00:38:00,movimiento,1,1,8.0
2025-02-09T00:38:00,movimiento,2,1,9.0
2025-02-09T00:38:00,movimiento,3,1,14.0
2025-02-09T00:38:00,movimiento,4,1,13.0
2025-02-09T00:38:00,movimiento,5,1,16.0
2025-02-09T00:38:00,movimiento,6,1,7.0
2025-02-09T00:38:00,huella,1,1,0.0
2025-02-09T00:38:00,huella,2,1,1.0
2025-02-09T00:38:00,huella,3,1,1.0
2025-02-09T00:38:00,huella,4,1,1.0
2025-02-09T00:38:00,huella,5,1,2.0
2025-02-09T00:38:00,huella,6,1,1.0
2025-02-09T00:38:40,luz,1,1,2.36
2025-02-09T00:38:40,luz,1,2,1.46
2025-02-09T00:38:40,luz,1,3,2.17
2025-02-09T00:38:40,luz,1,4,2.54
2025-02-09T00:38:40,luz,1,5,0.79
2025-02-09T00:38:40,luz,1,6,2.61
2025-02-09T00:38:40,luz,1,7,1.97
2025-02-09T00:38:40,luz,2,1,2.86
2025-02-09T00:38:40,luz,2,2,1.08
2025-02-09T00:38:40,luz,2,3,2.34
2025-02-09T00:38:40,luz,2,4,1.83
2025-02-09T00:38:40,luz,2,5,0.65
2025-02-09T00:38:40,luz,2,6,2.51
2025-02-09T00:38:40,luz,2,7,2.26
2025-02-09T00:38:40,luz,3,1,2.96
2025-02-09T00:38:40,luz,3,2,1.11
2025-02-09T00:38:40,luz,3,3,1.22
2025-02-09T00:38:40,luz,3,4,1.18
2025-02-09T00:38:40,luz,3,5,1.87
2025-02-09T00:38:40,luz,3,6,0.58
2025-02-09T00:38:40,luz,3,7,1.96
2025-02-09T00:38:40,luz,4,1,1.98
2025-02-09T00:38:40,luz,4,2,1.72
2025-02-09T00:38:40,luz,4,3,1.29
2025-02-09T00:38:40,luz,4,4,0.67
2025-02-09T00:38:40,luz,4,5,0.85
2025-02-09T00:38:40,luz,4,6,0.98
2025-02-09T00:38:40,luz,4,7,1.12
2025-02-09T00:38:40,luz,5,1,2.15
2025-02-09T00:38:40,luz,5,2,2.01
2025-02-09T00:38:40,luz,5,3,2.07
2025-02-09T00:38:40,luz,5,4,1.27
2025-02-09T00:38:40,luz,5,5,0.92
2025-02-09T00:38:40,luz,5,6,1.23
2025-02-09T00:38:40,luz,5,7,1.01
2025-02-09T00:38:40,luz,6,1,2.72
2025-02-09T00:38:40,luz,6,2,2.75
2025-02-09T00:38:40,luz,6,3,1.43
2025-02-09T00:38:40,luz,6,4,0.73
2025-02-09T00:38:40,luz,6,5,2.79
2025-02-09T00:38:40,luz,6,6,1.54
2025-02-09T00:38:40,luz,6,7,2.99
2025-02-09T00:38:40,agua,1,1,2.81
2025-02-09T00:38:40,agua,1,2,2.0
2025-02-09T00:38:40,agua,1,3,1.15
2025-02-09T00:38:40,agua,1,4,1.52
2025-02-09T00:38:40,agua,1,5,2.66
2025-02-09T00:38:40,agua,1,6,1.75
2025-02-09T00:38:40,agua,1,7,1.07
2025-02-09T00:38:40,agua,2,1,0.76
2025-02-09T00:38:40,agua,2,2,1.58
2025-02-09T00:38:40,agua,2,3,2.82
2025-02-09T00:38:40,agua,2,4,0.61
2025-02-09T00:38:40,agua,2,5,2.42
2025-02-09T00:38:40,agua,2,6,1.68
2025-02-09T00:38:40,agua,2,7,2.88
2025-02-09T00:38:40,agua,3,1,2.67
2025-02-09T00:38:40,agua,3,2,1.72
2025-02-09T00:38:40,agua,3,3,1.61
2025-02-09T00:38:40,agua,3,4,0.54
2025-02-09T00:38:40,agua,3,5,1.16
2025-02-09T00:38:40,agua,3,6,2.35
2025-02-09T00:38:40,agua,3,7,2.23
2025-02-09T00:38:40,agua,4,1,1.37
2025-02-09T00:38:40,agua,4,2,1.17
2025-02-09T00:38:40,agua,4,3,0.26
2025-02-09T00:38:40,agua,4,4,2.05
2025-02-09T00:38:40,agua,4,5,1.37
2025-02-09T00:38:40,agua,4,6,2.61
2025-02-09T00:38:40,agua,4,7,0.61
2025-02-09T00:38:40,agua,5,1,0.9
2025-02-09T00:38:40,agua,5,2,2.78
2025-02-09T00:38:40,agua,5,3,0.44
2025-02-09T00:38:40,agua,5,4,1.78
2025-02-09T00:38:40,agua,5,5,2.36
2025-02-09T00:38:40,agua,5,6,2.52
2025-02-09T00:38:40,agua,5,7,0.42
2025-02-09T00:38:40,agua,6,1,1.64
2025-02-09T00:38:40,agua,6,2,0.44
2025-02-09T00:38:40,agua,6,3,1.56
2025-02-09T00:38:40,agua,6,4,2.71
2025-02-09T00:38:40,agua,6,5,2.51
2025-02-09T00:38:40,agua,6,6,1.83
2025-02-09T00:38:40,agua,6,7,1.93
2025-02-09T00:38:40,gas,1,1,0.21
2025-02-09T00:38:40,gas,1,2,0.74
2025-02-09T00:38:40,gas,1,3,1.19
2025-02-09T00:38:40,gas,2,1,1.69
2025-02-09T00:38:40,gas,2,2,1.77
2025-02-09T00:38:40,gas,2,3,0.86
2025-02-09T00:38:40,gas,3,1,1.96
2025-02-09T00:38:40,gas,3,2,1.61
2025-02-09T00:38:40,gas,3,3,1.0
2025-02-09T00:38:40,gas,4,1,1.54
2025-02-09T00:38:40,gas,4,2,0.38
2025-02-09T00:38:40,gas,4,3,0.57
2025-02-09T00:38:40,temperatura,1,1,24.2
2025-02-09T00:38:40,temperatura,2,1,22.8
2025-02-09T00:38:40,temperatura,3,1,24.5
2025-02-09T00:38:40,temperatura,4,1,24.9
2025-02-09T00:38:40,temperatura,5,1,28.0
2025-02-09T00:38:40,temperatura,6,1,25.3
2025-02-09T00:38:40,movimiento,1,1,17.0
2025-02-09T00:38:40,movimiento,2,1,18.0
2025-02-09T00:38:40,movimiento,3,1,19.0
2025-02-09T00:38:40,movimiento,4,1,15.0
2025-02-09T00:38:40,movimiento,5,1,14.0
2025-02-09T00:38:40,movimiento,6,1,13.0
2025-02-09T00:38:40,huella,1,1,1.0
2025-02-09T00:38:40,huella,2,1,0.0
2025-02-09T00:38:40,huella,3,1,0.0
2025-02-09T00:38:40,huella,4,1,1.0
2025-02-09T00:38:40,huella,5,1,3.0
2025-02-09T00:38:40,huella,6,1,2.0
2025-02-09T00:39:20,luz,1,1,2.92
2025-02-09T00:39:20,luz,1,2,3.0
2025-02-09T00:39:20,luz,1,3,2.34
2025-02-09T00:39:20,luz,1,4,1.68
2025-02-09T00:39:20,luz,1,5,2.26
2025-02-09T00:39:20,luz,1,6,1.21
2025-02-09T00:39:20,luz,1,7,2.85
2025-02-09T00:39:20,luz,2,1,2.02
2025-02-09T00:39:20,luz,2,2,0.97
2025-02-09T00:39:20,luz,2,3,0.51
2025-02-09T00:39:20,luz,2,4,1.74
2025-02-09T00:39:20,luz,2,5,2.21
2025-02-09T00:39:20,luz,2,6,1.68
2025-02-09T00:39:20,luz,2,7,1.43
2025-02-09T00:39:20,luz,3,1,2.38
2025-02-09T00:39:20,luz,3,2,0.58
2025-02-09T00:39:20,luz,3,3,1.6
2025-02-09T00:39:20,luz,3,4,0.51
2025-02-09T00:39:20,luz,3,5,1.65
2025-02-09T00:39:20,luz,3,6,1.56
2025-02-09T00:39:20,luz,3,7,1.34
2025-02-09T00:39:20,luz,4,1,2.3
2025-02-09T00:39:20,luz,4,2,2.5
2025-02-09T00:39:20,luz,4,3,1.6
2025-02-09T00:39:20,luz,4,4,1.19
2025-02-09T00:39:20,luz,4,5,2.39
2025-02-09T00:39:20,luz,4,6,0.82
2025-02-09T00:39:20,luz,4,7,1.19
2025-02-09T00:39:20,luz,5,1,2.13
2025-02-09T00:39:20,luz,5,2,1.06
2025-02-09T00:39:20,luz,5,3,1.53
2025-02-09T00:39:20,luz,5,4,2.52
2025-02-09T00:39:20,luz,5,5,2.46
2025-02-09T00:39:20,luz,5,6,1.78
2025-02-09T00:39:20,luz,5,7,2.98
2025-02-09T00:39:20,luz,6,1,2.75
2025-02-09T00:39:20,luz,6,2,1.02
2025-02-09T00:39:20,luz,6,3,0.55
2025-02-09T00:39:20,luz,6,4,0.81
2025-02-09T00:39:20,luz,6,5,0.66
2025-02-09T00:39:20,luz,6,6,0.91
2025-02-09T00:39:20,luz,6,7,1.76
2025-02-09T00:39:20,agua,1,1,2.44
2025-02-09T00:39:20,agua,1,2,2.93
2025-02-09T00:39:20,agua,1,3,2.55
2025-02-09T00:39:20,agua,1,4,2.78
2025-02-09T00:39:20,agua,1,5,1.2
2025-02-09T00:39:20,agua,1,6,2.07
2025-02-09T00:39:20,agua,1,7,1.33
2025-02-09T00:39:20,agua,2,1,1.61
2025-02-09T00:39:20,agua,2,2,0.88
2025-02-09T00:39:20,agua,2,3,0.57
2025-02-09T00:39:20,agua,2,4,0.59
2025-02-09T00:39:20,agua,2,5,2.66
2025-02-09T00:39:20,agua,2,6,1.47
2025-02-09T00:39:20,agua,2,7,1.68
2025-02-09T00:39:20,agua,3,1,1.82
2025-02-09T00:39:20,agua,3,2,2.19
2025-02-09T00:39:20,agua,3,3,2.21
2025-02-09T00:39:20,agua,3,4,1.08
2025-02-09T00:39:20,agua,3,5,1.6
2025-02-09T00:39:20,agua,3,6,1.41
2025-02-09T00:39:20,agua,3,7,2.55
2025-02-09T00:39:20,agua,4,1,0.68
2025-02-09T00:39:20,agua,4,2,0.84
2025-02-09T00:39:20,agua,4,3,0.49
2025-02-09T00:39:20,agua,4,4,2.37
2025-02-09T00:39:20,agua,4,5,2.1
2025-02-09T00:39:20,agua,4,6,1.96
2025-02-09T00:39:20,agua,4,7,0.5
2025-02-09T00:39:20,agua,5,1,1.14
2025-02-09T00:39:20,agua,5,2,1.3
2025-02-09T00:39:20,agua,5,3,1.83
2025-02-09T00:39:20,agua,5,4,0.46
2025-02-09T00:39:20,agua,5,5,1.47
2025-02-09T00:39:20,agua,5,6,2.9
2025-02-09T00:39:20,agua,5,7,0.14
2025-02-09T00:39:20,agua,6,1,2.41
2025-02-09T00:39:20,agua,6,2,2.84
2025-02-09T00:39:20,agua,6,3,0.45
2025-02-09T00:39:20,agua,6,4,0.47
2025-02-09T00:39:20,agua,6,5,2.64
2025-02-09T00:39:20,agua,6,6,1.7
2025-02-09T00:39:20,agua,6,7,1.44
2025-02-09T00:39:20,gas,1,1,0.3
2025-02-09T00:39:20,gas,1,2,1.66
2025-02-09T00:39:20,gas,1,3,1.84
2025-02-09T00:39:20,gas,2,1,0.34
2025-02-09T00:39:20,gas,2,2,0.74
2025-02-09T00:39:20,gas,2,3,1.84
2025-02-09T00:39:20,gas,3,1,1.43
2025-02-09T00:39:20,gas,3,2,0.9
2025-02-09T00:39:20,gas,3,3,0.51
2025-02-09T00:39:20,gas,4,1,0.03
2025-02-09T00:39:20,gas,4,2,1.83
2025-02-09T00:39:20,gas,4,3,0.9
2025-02-09T00:39:20,temperatura,1,1,27.0
2025-02-09T00:39:20,temperatura,2,1,20.8
2025-02-09T00:39:20,temperatura,3,1,29.7
2025-02-09T00:39:20,temperatura,4,1,26.6
2025-02-09T00:39:20,temperatura,5,1,26.3
2025-02-09T00:39:20,temperatura,6,1,22.1
2025-02-09T00:39:20,movimiento,1,1,11.0
2025-02-09T00:39:20,movimiento,2,1,19.0
2025-02-09T00:39:20,movimiento,3,1,18.0
2025-02-09T00:39:20,movimiento,4,1,13.0
2025-02-09T00:39:20,movimiento,5,1,13.0
2025-02-09T00:39:20,movimiento,6,1,18.0
2025-02-09T00:39:20,huella,1,1,1.0
2025-02-09T00:39:20,huella,2,1,0.0
2025-02-09T00:39:20,huella,3,1,3.0
2025-02-09T00:39:20,huella,4,1,2.0
2025-02-09T00:39:20,huella,5,1,3.0
2025-02-09T00:39:20,huella,6,1,0.0
2025-02-09T00:40:00,luz,1,1,1.12
2025-02-09T00:40:00,luz,1,2,0.75
2025-02-09T00:40:00,luz,1,3,2.17
2025-02-09T00:40:00,luz,1,4,2.9
2025-02-09T00:40:00,luz,1,5,1.04
2025-02-09T00:40:00,luz,1,6,2.4
2025-02-09T00:40:00,luz,1,7,1.11
2025-02-09T00:40:00,luz,2,1,2.15
2025-02-09T00:40:00,luz,2,2,1.56
2025-02-09T00:40:00,luz,2,3,0.63
2025-02-09T00:40:00,luz,2,4,2.28
2025-02-09T00:40:00,luz,2,5,0.88
2025-02-09T00:40:00,luz,2,6,0.63
2025-02-09T00:40:00,luz,2,7,1.88
2025-02-09T00:40:00,luz,3,1,1.57
2025-02-09T00:40:00,luz,3,2,0.85
2025-02-09T00:40:00,luz,3,3,1.56
2025-02-09T00:40:00,luz,3,4,2.21
2025-02-09T00:40:00,luz,3,5,2.63
2025-02-09T00:40:00,luz,3,6,2.66
2025-02-09T00:40:00,luz,3,7,2.5
2025-02-09T00:40:00,luz,4,1,1.56
2025-02-09T00:40:00,luz,4,2,1.87
2025-02-09T00:40:00,luz,4,3,2.87
2025-02-09T00:40:00,luz,4,4,1.87
2025-02-09T00:40:00,luz,4,5,1.17
2025-02-09T00:40:00,luz,4,6,1.12
2025-02-09T00:40:00,luz,4,7,2.04
2025-02-09T00:40:00,luz,5,1,0.78
2025-02-09T00:40:00,luz,5,2,0.89
2025-02-09T00:40:00,luz,5,3,2.55
2025-02-09T00:40:00,luz,5,4,0.76
2025-02-09T00:40:00,luz,5,5,2.01
2025-02-09T00:40:00,luz,5,6,0.55
2025-02-09T00:40:00,luz,5,7,1.77
2025-02-09T00:40:00,luz,6,1,2.39
2025-02-09T00:40:00,luz,6,2,2.05
2025-02-09T00:40:00,luz,6,3,2.98
2025-02-09T00:40:00,luz,6,4,2.43
2025-02-09T00:40:00,luz,6,5,1.38
2025-02-09T00:40:00,luz,6,6,1.59
2025-02-09T00:40:00,luz,6,7,1.78
2025-02-09T00:40:00,agua,1,1,2.05
2025-02-09T00:40:00,agua,1,2,2.99
2025-02-09T00:40:00,agua,1,3,1.52
2025-02-09T00:40:00,agua,1,4,0.87
2025-02-09T00:40:00,agua,1,5,0.48
2025-02-09T00:40:00,agua,1,6,1.58
2025-02-09T00:40:00,agua,1,7,1.74
2025-02-09T00:40:00,agua,2,1,1.4
2025-02-09T00:40:00,agua,2,2,1.99
2025-02-09T00:40:00,agua,2,3,2.54
2025-02-09T00:40:00,agua,2,4,0.34
2025-02-09T00:40:00,agua,2,5,1.26
2025-02-09T00:40:00,agua,2,6,2.3
2025-02-09T00:40:00,agua,2,7,2.08
2025-02-09T00:40:00,agua,3,1,2.28
2025-02-09T00:40:00,agua,3,2,2.8
2025-02-09T00:40:00,agua,3,3,1.31
2025-02-09T00:40:00,agua,3,4,0.96
2025-02-09T00:40:00,agua,3,5,0.29
2025-02-09T00:40:00,agua,3,6,2.48
2025-02-09T00:40:00,agua,3,7,1.08
2025-02-09T00:40:00,agua,4,1,1.29
2025-02-09T00:40:00,agua,4,2,1.46
2025-02-09T00:40:00,agua,4,3,1.05
2025-02-09T00:40:00,agua,4,4,1.99
2025-02-09T00:40:00,agua,4,5,0.58
2025-02-09T00:40:00,agua,4,6,0.68
2025-02-09T00:40:00,agua,4,7,2.0
2025-02-09T00:40:00,agua,5,1,0.17
2025-02-09T00:40:00,agua,5,2,0.89
2025-02-09T00:40:00,agua,5,3,1.16
2025-02-09T00:40:00,agua,5,4,1.08
2025-02-09T00:40:00,agua,5,5,0.94
2025-02-09T00:40:00,agua,5,6,1.25
2025-02-09T00:40:00,agua,5,7,0.18
2025-02-09T00:40:00,agua,6,1,2.24
2025-02-09T00:40:00,agua,6,2,1.28
2025-02-09T00:40:00,agua,6,3,0.6
2025-02-09T00:40:00,agua,6,4,2.29
2025-02-09T00:40:00,agua,6,5,2.09
2025-02-09T00:40:00,agua,6,6,0.79
2025-02-09T00:40:00,agua,6,7,1.63
2025-02-09T00:40:00,gas,1,1,1.41
2025-02-09T00:40:00,gas,1,2,0.64
2025-02-09T00:40:00,gas,1,3,1.53
2025-02-09T00:40:00,gas,2,1,0.71
2025-02-09T00:40:00,gas,2,2,1.71
2025-02-09T00:40:00,gas,2,3,0.66
2025-02-09T00:40:00,gas,3,1,1.68
2025-02-09T00:40:00,gas,3,2,1.36
2025-02-09T00:40:00,gas,3,3,0.89
2025-02-09T00:40:00,gas,4,1,0.87
2025-02-09T00:40:00,gas,4,2,1.07
2025-02-09T00:40:00,gas,4,3,1.82
2025-02-09T00:40:00,temperatura,1,1,23.1
2025-02-09T00:40:00,temperatura,2,1,26.6
2025-02-09T00:40:00,temperatura,3,1,29.6
2025-02-09T00:40:00,temperatura,4,1,29.7
2025-02-09T00:40:00,temperatura,5,1,27.1
2025-02-09T00:40:00,temperatura,6,1,20.9
2025-02-09T00:40:00,movimiento,1,1,7.0
2025-02-09T00:40:00,movimiento,2,1,18.0
2025-02-09T00:40:00,movimiento,3,1,12.0
2025-02-09T00:40:00,movimiento,4,1,18.0
2025-02-09T00:40:00,movimiento,5,1,10.0
2025-02-09T00:40:00,movimiento,6,1,6.0
2025-02-09T00:40:00,huella,1,1,1.0
2025-02-09T00:40:00,huella,2,1,3.0
2025-02-09T00:40:00,huella,3,1,0.0
2025-02-09T00:40:00,huella,4,1,2.0
2025-02-09T00:40:00,huella,5,1,1.0
2025-02-09T00:40:00,huella,6,1,3.0
2025-02-09T00:40:40,luz,1,1,1.87
2025-02-09T00:40:40,luz,1,2,0.98
2025-02-09T00:40:40,luz,1,3,1.79
2025-02-09T00:40:40,luz,1,4,0.86
2025-02-09T00:40:40,luz,1,5,0.97
2025-02-09T00:40:40,luz,1,6,1.23
2025-02-09T00:40:40,luz,1,7,1.39
2025-02-09T00:40:40,luz,2,1,2.63
2025-02-09T00:40:40,luz,2,2,2.08
2025-02-09T00:40:40,luz,2,3,1.54
2025-02-09T00:40:40,luz,2,4,1.64
2025-02-09T00:40:40,luz,2,5,2.04
2025-02-09T00:40:40,luz,2,6,2.3
2025-02-09T00:40:40,luz,2,7,2.23
2025-02-09T00:40:40,luz,3,1,0.86
2025-02-09T00:40:40,luz,3,2,2.46
2025-02-09T00:40:40,luz,3,3,1.24
2025-02-09T00:40:40,luz,3,4,0.53
2025-02-09T00:40:40,luz,3,5,1.01
2025-02-09T00:40:40,luz,3,6,1.42
2025-02-09T00:40:40,luz,3,7,1.21
2025-02-09T00:40:40,luz,4,1,1.8
2025-02-09T00:40:40,luz,4,2,1.43
2025-02-09T00:40:40,luz,4,3,1.45
2025-02-09T00:40:40,luz,4,4,2.21
2025-02-09T00:40:40,luz,4,5,1.1
2025-02-09T00:40:40,luz,4,6,0.64
2025-02-09T00:40:40,luz,4,7,2.85
2025-02-09T00:40:40,luz,5,1,1.39
2025-02-09T00:40:40,luz,5,2,2.93
2025-02-09T00:40:40,luz,5,3,0.8
2025-02-09T00:40:40,luz,5,4,2.66
2025-02-09T00:40:40,luz,5,5,1.93
2025-02-09T00:40:40,luz,5,6,1.06
2025-02-09T00:40:40,luz,5,7,1.79
2025-02-09T00:40:40,luz,6,1,1.42
2025-02-09T00:40:40,luz,6,2,1.23
2025-02-09T00:40:40,luz,6,3,2.97
2025-02-09T00:40:40,luz,6,4,1.75
2025-02-09T00:40:40,luz,6,5,1.51
2025-02-09T00:40:40,luz,6,6,2.53
2025-02-09T00:40:40,luz,6,7,2.06
2025-02-09T00:40:40,agua,1,1,1.2
2025-02-09T00:40:40,agua,1,2,2.67
2025-02-09T00:40:40,agua,1,3,0.45
2025-02-09T00:40:40,agua,1,4,2.05
2025-02-09T00:40:40,agua,1,5,1.99
2025-02-09T00:40:40,agua,1,6,0.7
2025-02-09T00:40:40,agua,1,7,1.31
2025-02-09T00:40:40,agua,2,1,0.75
2025-02-09T00:40:40,agua,2,2,1.74
2025-02-09T00:40:40,agua,2,3,2.03
2025-02-09T00:40:40,agua,2,4,0.7
2025-02-09T00:40:40,agua,2,5,2.35
2025-02-09T00:40:40,agua,2,6,1.35
2025-02-09T00:40:40,agua,2,7,0.61
2025-02-09T00:40:40,agua,3,1,2.93
2025-02-09T00:40:40,agua,3,2,1.24
2025-02-09T00:40:40,agua,3,3,0.42
2025-02-09T00:40:40,agua,3,4,0.58
2025-02-09T00:40:40,agua,3,5,1.4
2025-02-09T00:40:40,agua,3,6,0.27
2025-02-09T00:40:40,agua,3,7,0.44
2025-02-09T00:40:40,agua,4,1,0.25
2025-02-09T00:40:40,agua,4,2,2.37
2025-02-09T00:40:40,agua,4,3,2.79
2025-02-09T00:40:40,agua,4,4,0.65
2025-02-09T00:40:40,agua,4,5,0.15
2025-02-09T00:40:40,agua,4,6,0.52
2025-02-09T00:40:40,agua,4,7,1.0
2025-02-09T00:40:40,agua,5,1,0.91
2025-02-09T00:40:40,agua,5,2,1.18
2025-02-09T00:40:40,agua,5,3,1.14
2025-02-09T00:40:40,agua,5,4,0.56
2025-02-09T00:40:40,agua,5,5,2.42
2025-02-09T00:40:40,agua,5,6,1.55
2025-02-09T00:40:40,agua,5,7,1.56
2025-02-09T00:40:40,agua,6,1,0.39
2025-02-09T00:40:40,agua,6,2,2.93
2025-02-09T00:40:40,agua,6,3,0.57
2025-02-09T00:40:40,agua,6,4,1.67
2025-02-09T00:40:40,agua,6,5,1.51
2025-02-09T00:40:40,agua,6,6,1.0
2025-02-09T00:40:40,agua,6,7,2.52
2025-02-09T00:40:40,gas,1,1,0.65
2025-02-09T00:40:40,gas,1,2,0.63
2025-02-09T00:40:40,gas,1,3,0.27
2025-02-09T00:40:40,gas,2,1,1.78
2025-02-09T00:40:40,gas,2,2,1.18
2025-02-09T00:40:40,gas,2,3,0.85
2025-02-09T00:40:40,gas,3,1,1.14
2025-02-09T00:40:40,gas,3,2,1.36
2025-02-09T00:40:40,gas,3,3,1.93
2025-02-09T00:40:40,gas,4,1,1.85
2025-02-09T00:40:40,gas,4,2,1.18
2025-02-09T00:40:40,gas,4,3,1.16
2025-02-09T00:40:40,temperatura,1,1,22.8
2025-02-09T00:40:40,temperatura,2,1,24.0
2025-02-09T00:40:40,temperatura,3,1,26.3
2025-02-09T00:40:40,temperatura,4,1,28.8
2025-02-09T00:40:40,temperatura,5,1,26.4
2025-02-09T00:40:40,temperatura,6,1,23.4
2025-02-09T00:40:40,movimiento,1,1,5.0
2025-02-09T00:40:40,movimiento,2,1,10.0
2025-02-09T00:40:40,movimiento,3,1,6.0
2025-02-09T00:40:40,movimiento,4,1,9.0
2025-02-09T00:40:40,movimiento,5,1,5.0
2025-02-09T00:40:40,movimiento,6,1,18.0
2025-02-09T00:40:40,huella,1,1,1.0
2025-02-09T00:40:40,huella,2,1,2.0
2025-02-09T00:40:40,huella,3,1,3.0
2025-02-09T00:40:40,huella,4,1,3.0
2025-02-09T00:40:40,huella,5,1,1.0
2025-02-09T00:40:40,huella,6,1,0.0
2025-02-09T00:41:20,luz,1,1,0.86
2025-02-09T00:41:20,luz,1,2,1.63
2025-02-09T00:41:20,luz,1,3,1.91
2025-02-09T00:41:20,luz,1,4,2.61
2025-02-09T00:41:20,luz,1,5,2.46
2025-02-09T00:41:20,luz,1,6,2.62
2025-02-09T00:41:20,luz,1,7,2.26
2025-02-09T00:41:20,luz,2,1,2.33
2025-02-09T00:41:20,luz,2,2,1.14
2025-02-09T00:41:20,luz,2,3,0.7
2025-02-09T00:41:20,luz,2,4,2.31
2025-02-09T00:41:20,luz,2,5,0.83
2025-02-09T00:41:20,luz,2,6,2.76
2025-02-09T00:41:20,luz,2,7,0.77
2025-02-09T00:41:20,luz,3,1,2.33
2025-02-09T00:41:20,luz,3,2,0.53
2025-02-09T00:41:20,luz,3,3,0.51
2025-02-09T00:41:20,luz,3,4,2.07
2025-02-09T00:41:20,luz,3,5,1.32
2025-02-09T00:41:20,luz,3,6,2.99
2025-02-09T00:41:20,luz,3,7,2.39
2025-02-09T00:41:20,luz,4,1,1.4
2025-02-09T00:41:20,luz,4,2,1.1
2025-02-09T00:41:20,luz,4,3,1.9
2025-02-09T00:41:20,luz,4,4,0.66
2025-02-09T00:41:20,luz,4,5,1.82
2025-02-09T00:41:20,luz,4,6,1.39
2025-02-09T00:41:20,luz,4,7,1.92
2025-02-09T00:41:20,luz,5,1,1.51
2025-02-09T00:41:20,luz,5,2,1.24
2025-02-09T00:41:20,luz,5,3,1.62
2025-02-09T00:41:20,luz,5,4,1.46
2025-02-09T00:41:20,luz,5,5,1.02
2025-02-09T00:41:20,luz,5,6,2.26
2025-02-09T00:41:20,luz,5,7,1.79
2025-02-09T00:41:20,luz,6,1,1.77
2025-02-09T00:41:20,luz,6,2,2.29
2025-02-09T00:41:20,luz,6,3,1.07
2025-02-09T00:41:20,luz,6,4,1.24
2025-02-09T00:41:20,luz,6,5,2.42
2025-02-09T00:41:20,luz,6,6,2.79
2025-02-09T00:41:20,luz,6,7,2.03
2025-02-09T00:41:20,agua,1,1,1.52
2025-02-09T00:41:20,agua,1,2,1.13
2025-02-09T00:41:20,agua,1,3,1.61
2025-02-09T00:41:20,agua,1,4,1.48
2025-02-09T00:41:20,agua,1,5,2.86
2025-02-09T00:41:20,agua,1,6,0.42
2025-02-09T00:41:20,agua,1,7,0.89
2025-02-09T00:41:20,agua,2,1,2.72
2025-02-09T00:41:20,agua,2,2,2.77
2025-02-09T00:41:20,agua,2,3,1.0
2025-02-09T00:41:20,agua,2,4,1.25
2025-02-09T00:41:20,agua,2,5,1.72
2025-02-09T00:41:20,agua,2,6,1.73
2025-02-09T00:41:20,agua,2,7,0.7
2025-02-09T00:41:20,agua,3,1,1.73
2025-02-09T00:41:20,agua,3,2,0.22
2025-02-09T00:41:20,agua,3,3,2.04
2025-02-09T00:41:20,agua,3,4,1.86
2025-02-09T00:41:20,agua,3,5,1.97
2025-02-09T00:41:20,agua,3,6,0.29
2025-02-09T00:41:20,agua,3,7,1.18
2025-02-09T00:41:20,agua,4,1,0.89
2025-02-09T00:41:20,agua,4,2,2.3
2025-02-09T00:41:20,agua,4,3,1.1
2025-02-09T00:41:20,agua,4,4,0.22
2025-02-09T00:41:20,agua,4,5,1.33
2025-02-09T00:41:20,agua,4,6,0.41
2025-02-09T00:41:20,agua,4,7,0.59
2025-02-09T00:41:20,agua,5,1,1.54
2025-02-09T00:41:20,agua,5,2,2.92
2025-02-09T00:41:20,agua,5,3,2.12
2025-02-09T00:41:20,agua,5,4,1.31
2025-02-09T00:41:20,agua,5,5,2.65
2025-02-09T00:41:20,agua,5,6,1.08
2025-02-09T00:41:20,agua,5,7,2.43
2025-02-09T00:41:20,agua,6,1,0.65
2025-02-09T00:41:20,agua,6,2,0.68
2025-02-09T00:41:20,agua,6,3,1.8
2025-02-09T00:41:20,agua,6,4,1.0
2025-02-09T00:41:20,agua,6,5,2.7
2025-02-09T00:41:20,agua,6,6,0.95
2025-02-09T00:41:20,agua,6,7,0.89
2025-02-09T00:41:20,gas,1,1,1.09
2025-02-09T00:41:20,gas,1,2,1.79
2025-02-09T00:41:20,gas,1,3,1.62
2025-02-09T00:41:20,gas,2,1,1.96
2025-02-09T00:41:20,gas,2,2,1.52
2025-02-09T00:41:20,gas,2,3,0.45
2025-02-09T00:41:20,gas,3,1,0.75
2025-02-09T00:41:20,gas,3,2,0.17
2025-02-09T00:41:20,gas,3,3,1.16
2025-02-09T00:41:20,gas,4,1,0.7
2025-02-09T00:41:20,gas,4,2,0.49
2025-02-09T00:41:20,gas,4,3,1.12
2025-02-09T00:41:20,temperatura,1,1,21.1
2025-02-09T00:41:20,temperatura,2,1,23.6
2025-02-09T00:41:20,temperatura,3,1,28.8
2025-02-09T00:41:20,temperatura,4,1,27.3
2025-02-09T00:41:20,temperatura,5,1,27.2
2025-02-09T00:41:20,temperatura,6,1,29.6
2025-02-09T00:41:20,movimiento,1,1,5.0
2025-02-09T00:41:20,movimiento,2,1,18.0
2025-02-09T00:41:20,movimiento,3,1,8.0
2025-02-09T00:41:20,movimiento,4,1,10.0
2025-02-09T00:41:20,movimiento,5,1,18.0
2025-02-09T00:41:20,movimiento,6,1,5.0
2025-02-09T00:41:20,huella,1,1,2.0
2025-02-09T00:41:20,huella,2,1,0.0
2025-02-09T00:41:20,huella,3,1,3.0
2025-02-09T00:41:20,huella,4,1,1.0
2025-02-09T00:41:20,huella,5,1,2.0
2025-02-09T00:41:20,huella,6,1,2.0
2025-02-09T00:42:00,luz,1,1,2.91
2025-02-09T00:42:00,luz,1,2,1.77
2025-02-09T00:42:00,luz,1,3,1.85
2025-02-09T00:42:00,luz,1,4,0.59
2025-02-09T00:42:00,luz,1,5,1.81
2025-02-09T00:42:00,luz,1,6,0.88
2025-02-09T00:42:00,luz,1,7,0.66
2025-02-09T00:42:00,luz,2,1,2.18
2025-02-09T00:42:00,luz,2,2,1.85
2025-02-09T00:42:00,luz,2,3,1.03
2025-02-09T00:42:00,luz,2,4,1.37
2025-02-09T00:42:00,luz,2,5,2.14
2025-02-09T00:42:00,luz,2,6,2.54
2025-02-09T00:42:00,luz,2,7,2.0
2025-02-09T00:42:00,luz,3,1,1.24
2025-02-09T00:42:00,luz,3,2,2.69
2025-02-09T00:42:00,luz,3,3,2.9
2025-02-09T00:42:00,luz,3,4,1.53
2025-02-09T00:42:00,luz,3,5,1.26
2025-02-09T00:42:00,luz,3,6,1.66
2025-02-09T00:42:00,luz,3,7,2.25
2025-02-09T00:42:00,luz,4,1,2.18
2025-02-09T00:42:00,luz,4,2,1.07
2025-02-09T00:42:00,luz,4,3,2.4
2025-02-09T00:42:00,luz,4,4,2.94
2025-02-09T00:42:00,luz,4,5,0.84
2025-02-09T00:42:00,luz,4,6,0.54
2025-02-09T00:42:00,luz,4,7,1.45
2025-02-09T00:42:00,luz,5,1,2.99
2025-02-09T00:42:00,luz,5,2,1.21
2025-02-09T00:42:00,luz,5,3,0.86
2025-02-09T00:42:00,luz,5,4,0.85
2025-02-09T00:42:00,luz,5,5,0.98
2025-02-09T00:42:00,luz,5,6,1.85
2025-02-09T00:42:00,luz,5,7,2.16
2025-02-09T00:42:00,luz,6,1,2.08
2025-02-09T00:42:00,luz,6,2,1.41
2025-02-09T00:42:00,luz,6,3,0.64
2025-02-09T00:42:00,luz,6,4,1.1
2025-02-09T00:42:00,luz,6,5,2.48
2025-02-09T00:42:00,luz,6,6,0.75
2025-02-09T00:42:00,luz,6,7,0.64
2025-02-09T00:42:00,agua,1,1,0.95
2025-02-09T00:42:00,agua,1,2,0.56
2025-02-09T00:42:00,agua,1,3,2.53
2025-02-09T00:42:00,agua,1,4,2.63
2025-02-09T00:42:00,agua,1,5,1.75
2025-02-09T00:42:00,agua,1,6,1.49
2025-02-09T00:42:00,agua,1,7,1.12
2025-02-09T00:42:00,agua,2,1,2.97
2025-02-09T00:42:00,agua,2,2,1.68
2025-02-09T00:42:00,agua,2,3,0.03
2025-02-09T00:42:00,agua,2,4,0.19
2025-02-09T00:42:00,agua,2,5,0.34
2025-02-09T00:42:00,agua,2,6,2.26
2025-02-09T00:42:00,agua,2,7,2.99
2025-02-09T00:42:00,agua,3,1,1.01
2025-02-09T00:42:00,agua,3,2,1.75
2025-02-09T00:42:00,agua,3,3,1.23
2025-02-09T00:42:00,agua,3,4,0.2
2025-02-09T00:42:00,agua,3,5,0.74
2025-02-09T00:42:00,agua,3,6,0.65
2025-02-09T00:42:00,agua,3,7,2.36
2025-02-09T00:42:00,agua,4,1,0.12
2025-02-09T00:42:00,agua,4,2,1.27
2025-02-09T00:42:00,agua,4,3,0.8
2025-02-09T00:42:00,agua,4,4,0.71
2025-02-09T00:42:00,agua,4,5,1.28
2025-02-09T00:42:00,agua,4,6,1.94
2025-02-09T00:42:00,agua,4,7,2.24
2025-02-09T00:42:00,agua,5,1,2.54
2025-02-09T00:42:00,agua,5,2,1.89
2025-02-09T00:42:00,agua,5,3,2.65
2025-02-09T00:42:00,agua,5,4,1.83
2025-02-09T00:42:00,agua,5,5,2.14
2025-02-09T00:42:00,agua,5,6,2.65
2025-02-09T00:42:00,agua,5,7,0.87
2025-02-09T00:42:00,agua,6,1,0.84
2025-02-09T00:42:00,agua,6,2,0.21
2025-02-09T00:42:00,agua,6,3,2.39
2025-02-09T00:42:00,agua,6,4,2.29
2025-02-09T00:42:00,agua,6,5,1.02
2025-02-09T00:42:00,agua,6,6,0.77
2025-02-09T00:42:00,agua,6,7,0.64
2025-02-09T00:42:00,gas,1,1,1.67
2025-02-09T00:42:00,gas,1,2,1.23
2025-02-09T00:42:00,gas,1,3,0.34
2025-02-09T00:42:00,gas,2,1,0.62
2025-02-09T00:42:00,gas,2,2,0.39
2025-02-09T00:42:00,gas,2,3,1.1
2025-02-09T00:42:00,gas,3,1,1.45
2025-02-09T00:42:00,gas,3,2,0.65
2025-02-09T00:42:00,gas,3,3,1.19
2025-02-09T00:42:00,gas,4,1,1.35
2025-02-09T00:42:00,gas,4,2,0.93
2025-02-09T00:42:00,gas,4,3,0.22
2025-02-09T00:42:00,temperatura,1,1,28.5
2025-02-09T00:42:00,temperatura,2,1,29.5
2025-02-09T00:42:00,temperatura,3,1,25.2
2025-02-09T00:42:00,temperatura,4,1,20.4
2025-02-09T00:42:00,temperatura,5,1,20.7
2025-02-09T00:42:00,temperatura,6,1,24.0
2025-02-09T00:42:00,movimiento,1,1,20.0
2025-02-09T00:42:00,movimiento,2,1,7.0
2025-02-09T00:42:00,movimiento,3,1,12.0
2025-02-09T00:42:00,movimiento,4,1,12.0
2025-02-09T00:42:00,movimiento,5,1,7.0
2025-02-09T00:42:00,movimiento,6,1,11.0
2025-02-09T00:42:00,huella,1,1,2.0
2025-02-09T00:42:00,huella,2,1,1.0
2025-02-09T00:42:00,huella,3,1,0.0
2025-02-09T00:42:00,huella,4,1,3.0
2025-02-09T00:42:00,huella,5,1,1.0
2025-02-09T00:42:00,huella,6,1,2.0
2025-02-09T00:42:40,luz,1,1,2.15
2025-02-09T00:42:40,luz,1,2,2.24
2025-02-09T00:42:40,luz,1,3,1.12
2025-02-09T00:42:40,luz,1,4,2.09
2025-02-09T00:42:40,luz,1,5,2.3
2025-02-09T00:42:40,luz,1,6,2.78
2025-02-09T00:42:40,luz,1,7,2.81
2025-02-09T00:42:40,luz,2,1,1.98
2025-02-09T00:42:40,luz,2,2,2.77
2025-02-09T00:42:40,luz,2,3,0.62
2025-02-09T00:42:40,luz,2,4,2.54
2025-02-09T00:42:40,luz,2,5,1.27
2025-02-09T00:42:40,luz,2,6,1.39
2025-02-09T00:42:40,luz,2,7,1.31
2025-02-09T00:42:40,luz,3,1,1.07
2025-02-09T00:42:40,luz,3,2,2.35
2025-02-09T00:42:40,luz,3,3,2.03
2025-02-09T00:42:40,luz,3,4,2.59
2025-02-09T00:42:40,luz,3,5,2.28
2025-02-09T00:42:40,luz,3,6,0.88
2025-02-09T00:42:40,luz,3,7,1.6
2025-02-09T00:42:40,luz,4,1,2.05
2025-02-09T00:42:40,luz,4,2,0.79
2025-02-09T00:42:40,luz,4,3,2.12
2025-02-09T00:42:40,luz,4,4,1.54
2025-02-09T00:42:40,luz,4,5,2.82
2025-02-09T00:42:40,luz,4,6,1.59
2025-02-09T00:42:40,luz,4,7,2.28
2025-02-09T00:42:40,luz,5,1,2.78
2025-02-09T00:42:40,luz,5,2,2.11
2025-02-09T00:42:40,luz,5,3,2.93
2025-02-09T00:42:40,luz,5,4,1.39
2025-02-09T00:42:40,luz,5,5,1.14
2025-02-09T00:42:40,luz,5,6,1.56
2025-02-09T00:42:40,luz,5,7,0.98
2025-02-09T00:42:40,luz,6,1,1.48
2025-02-09T00:42:40,luz,6,2,0.9
2025-02-09T00:42:40,luz,6,3,2.27
2025-02-09T00:42:40,luz,6,4,2.64
2025-02-09T00:42:40,luz,6,5,2.28
2025-02-09T00:42:40,luz,6,6,1.79
2025-02-09T00:42:40,luz,6,7,2.39
2025-02-09T00:42:40,agua,1,1,2.37
2025-02-09T00:42:40,agua,1,2,0.19
2025-02-09T00:42:40,agua,1,3,1.77
2025-02-09T00:42:40,agua,1,4,0.74
2025-02-09T00:42:40,agua,1,5,1.75
2025-02-09T00:42:40,agua,1,6,1.15
2025-02-09T00:42:40,agua,1,7,2.05
2025-02-09T00:42:40,agua,2,1,0.43
2025-02-09T00:42:40,agua,2,2,0.51
2025-02-09T00:42:40,agua,2,3,0.98
2025-02-09T00:42:40,agua,2,4,1.09
2025-02-09T00:42:40,agua,2,5,1.15
2025-02-09T00:42:40,agua,2,6,1.3
2025-02-09T00:42:40,agua,2,7,0.89
2025-02-09T00:42:40,agua,3,1,1.36
2025-02-09T00:42:40,agua,3,2,0.41
2025-02-09T00:42:40,agua,3,3,2.13
2025-02-09T00:42:40,agua,3,4,2.69
2025-02-09T00:42:40,agua,3,5,0.52
2025-02-09T00:42:40,agua,3,6,1.61
2025-02-09T00:42:40,agua,3,7,1.67
2025-02-09T00:42:40,agua,4,1,1.35
2025-02-09T00:42:40,agua,4,2,2.69
2025-02-09T00:42:40,agua,4,3,1.85
2025-02-09T00:42:40,agua,4,4,0.85
2025-02-09T00:42:40,agua,4,5,1.97
2025-02-09T00:42:40,agua,4,6,1.14
2025-02-09T00:42:40,agua,4,7,0.28
2025-02-09T00:42:40,agua,5,1,1.22
2025-02-09T00:42:40,agua,5,2,0.83
2025-02-09T00:42:40,agua,5,3,0.07
2025-02-09T00:42:40,agua,5,4,0.03
2025-02-09T00:42:40,agua,5,5,2.05
2025-02-09T00:42:40,agua,5,6,0.7
2025-02-09T00:42:40,agua,5,7,2.78
2025-02-09T00:42:40,agua,6,1,1.69
2025-02-09T00:42:40,agua,6,2,0.75
2025-02-09T00:42:40,agua,6,3,1.07
2025-02-09T00:42:40,agua,6,4,1.11
2025-02-09T00:42:40,agua,6,5,0.15
2025-02-09T00:42:40,agua,6,6,0.57
2025-02-09T00:42:40,agua,6,7,0.83
2025-02-09T00:42:40,gas,1,1,1.8
2025-02-09T00:42:40,gas,1,2,0.77
2025-02-09T00:42:40,gas,1,3,1.81
2025-02-09T00:42:40,gas,2,1,1.2
2025-02-09T00:42:40,gas,2,2,0.93
2025-02-09T00:42:40,gas,2,3,0.36
2025-02-09T00:42:40,gas,3,1,0.04
2025-02-09T00:42:40,gas,3,2,0.81
2025-02-09T00:42:40,gas,3,3,0.79
2025-02-09T00:42:40,gas,4,1,1.54
2025-02-09T00:42:40,gas,4,2,1.0
2025-02-09T00:42:40,gas,4,3,0.42
2025-02-09T00:42:40,temperatura,1,1,28.1
2025-02-09T00:42:40,temperatura,2,1,26.4
2025-02-09T00:42:40,temperatura,3,1,25.1
2025-02-09T00:42:40,temperatura,4,1,24.2
2025-02-09T00:42:40,temperatura,5,1,24.2
2025-02-09T00:42:40,temperatura,6,1,27.4
2025-02-09T00:42:40,movimiento,1,1,15.0
2025-02-09T00:42:40,movimiento,2,1,6.0
2025-02-09T00:42:40,movimiento,3,1,20.0
2025-02-09T00:42:40,movimiento,4,1,19.0
2025-02-09T00:42:40,movimiento,5,1,8.0
2025-02-09T00:42:40,movimiento,6,1,13.0
2025-02-09T00:42:40,huella,1,1,0.0
2025-02-09T00:42:40,huella,2,1,3.0
2025-02-09T00:42:40,huella,3,1,2.0
2025-02-09T00:42:40,huella,4,1,0.0
2025-02-09T00:42:40,huella,5,1,3.0
2025-02-09T00:42:40,huella,6,1,2.0
2025-02-09T00:43:20,luz,1,1,1.59
2025-02-09T00:43:20,luz,1,2,2.25
2025-02-09T00:43:20,luz,1,3,1.89
2025-02-09T00:43:20,luz,1,4,1.71
2025-02-09T00:43:20,luz,1,5,1.32
2025-02-09T00:43:20,luz,1,6,2.87
2025-02-09T00:43:20,luz,1,7,2.97
2025-02-09T00:43:20,luz,2,1,0.52
2025-02-09T00:43:20,luz,2,2,2.92
2025-02-09T00:43:20,luz,2,3,2.04
2025-02-09T00:43:20,luz,2,4,0.85
2025-02-09T00:43:20,luz,2,5,1.43
2025-02-09T00:43:20,luz,2,6,2.51
2025-02-09T00:43:20,luz,2,7,1.83
2025-02-09T00:43:20,luz,3,1,2.66
2025-02-09T00:43:20,luz,3,2,3.0
2025-02-09T00:43:20,luz,3,3,2.39
2025-02-09T00:43:20,luz,3,4,2.1
2025-02-09T00:43:20,luz,3,5,2.35
2025-02-09T00:43:20,luz,3,6,1.66
2025-02-09T00:43:20,luz,3,7,1.61
2025-02-09T00:43:20,luz,4,1,2.17
2025-02-09T00:43:20,luz,4,2,1.75
2025-02-09T00:43:20,luz,4,3,2.98
2025-02-09T00:43:20,luz,4,4,1.88
2025-02-09T00:43:20,luz,4,5,1.75
2025-02-09T00:43:20,luz,4,6,2.26
2025-02-09T00:43:20,luz,4,7,0.76
2025-02-09T00:43:20,luz,5,1,1.93
2025-02-09T00:43:20,luz,5,2,2.02
2025-02-09T00:43:20,luz,5,3,2.42
2025-02-09T00:43:20,luz,5,4,0.72
2025-02-09T00:43:20,luz,5,5,2.99
2025-02-09T00:43:20,luz,5,6,2.75
2025-02-09T00:43:20,luz,5,7,2.98
2025-02-09T00:43:20,luz,6,1,1.53
2025-02-09T00:43:20,luz,6,2,2.85
2025-02-09T00:43:20,luz,6,3,2.04
2025-02-09T00:43:20,luz,6,4,1.72
2025-02-09T00:43:20,luz,6,5,0.82
2025-02-09T00:43:20,luz,6,6,0.73
2025-02-09T00:43:20,luz,6,7,2.5
2025-02-09T00:43:20,agua,1,1,1.24
2025-02-09T00:43:20,agua,1,2,2.26
2025-02-09T00:43:20,agua,1,3,2.78
2025-02-09T00:43:20,agua,1,4,2.67
2025-02-09T00:43:20,agua,1,5,1.83
2025-02-09T00:43:20,agua,1,6,1.6
2025-02-09T00:43:20,agua,1,7,2.5
2025-02-09T00:43:20,agua,2,1,1.86
2025-02-09T00:43:20,agua,2,2,2.33
2025-02-09T00:43:20,agua,2,3,1.13
2025-02-09T00:43:20,agua,2,4,1.54
2025-02-09T00:43:20,agua,2,5,2.5
2025-02-09T00:43:20,agua,2,6,2.9
2025-02-09T00:43:20,agua,2,7,1.19
2025-02-09T00:43:20,agua,3,1,1.23
2025-02-09T00:43:20,agua,3,2,2.45
2025-02-09T00:43:20,agua,3,3,2.66
2025-02-09T00:43:20,agua,3,4,1.39
2025-02-09T00:43:20,agua,3,5,2.87
2025-02-09T00:43:20,agua,3,6,2.36
2025-02-09T00:43:20,agua,3,7,1.05
2025-02-09T00:43:20,agua,4,1,2.16
2025-02-09T00:43:20,agua,4,2,0.32
2025-02-09T00:43:20,agua,4,3,1.19
2025-02-09T00:43:20,agua,4,4,2.18
2025-02-09T00:43:20,agua,4,5,0.06
2025-02-09T00:43:20,agua,4,6,2.15
2025-02-09T00:43:20,agua,4,7,1.22
2025-02-09T00:43:20,agua,5,1,0.67
2025-02-09T00:43:20,agua,5,2,0.45
2025-02-09T00:43:20,agua,5,3,1.68
2025-02-09T00:43:20,agua,5,4,0.56
2025-02-09T00:43:20,agua,5,5,0.78
2025-02-09T00:43:20,agua,5,6,0.53
2025-02-09T00:43:20,agua,5,7,1.25
2025-02-09T00:43:20,agua,6,1,2.15
2025-02-09T00:43:20,agua,6,2,2.19
2025-02-09T00:43:20,agua,6,3,0.05
2025-02-09T00:43:20,agua,6,4,0.1
2025-02-09T00:43:20,agua,6,5,1.53
2025-02-09T00:43:20,agua,6,6,0.77
2025-02-09T00:43:20,agua,6,7,2.99
2025-02-09T00:43:20,gas,1,1,0.82
2025-02-09T00:43:20,gas,1,2,0.96
2025-02-09T00:43:20,gas,1,3,0.33
2025-02-09T00:43:20,gas,2,1,0.98
2025-02-09T00:43:20,gas,2,2,1.75
2025-02-09T00:43:20,gas,2,3,0.43
2025-02-09T00:43:20,gas,3,1,0.15
2025-02-09T00:43:20,gas,3,2,0.65
2025-02-09T00:43:20,gas,3,3,1.71
2025-02-09T00:43:20,gas,4,1,0.06
2025-02-09T00:43:20,gas,4,2,1.77
2025-02-09T00:43:20,gas,4,3,1.43
2025-02-09T00:43:20,temperatura,1,1,23.1
2025-02-09T00:43:20,temperatura,2,1,20.4
2025-02-09T00:43:20,temperatura,3,1,27.8
2025-02-09T00:43:20,temperatura,4,1,21.2
2025-02-09T00:43:20,temperatura,5,1,26.1
2025-02-09T00:43:20,temperatura,6,1,26.0
2025-02-09T00:43:20,movimiento,1,1,7.0
2025-02-09T00:43:20,movimiento,2,1,12.0
2025-02-09T00:43:20,movimiento,3,1,10.0
2025-02-09T00:43:20,movimiento,4,1,17.0
2025-02-09T00:43:20,movimiento,5,1,5.0
2025-02-09T00:43:20,movimiento,6,1,5.0
2025-02-09T00:43:20,huella,1,1,0.0
2025-02-09T00:43:20,huella,2,1,1.0
2025-02-09T00:43:20,huella,3,1,2.0
2025-02-09T00:43:20,huella,4,1,0.0
2025-02-09T00:43:20,huella,5,1,0.0
2025-02-09T00:43:20,huella,6,1,3.0
2025-02-09T00:44:00,luz,1,1,1.83
2025-02-09T00:44:00,luz,1,2,0.61
2025-02-09T00:44:00,luz,1,3,2.55
2025-02-09T00:44:00,luz,1,4,2.58
2025-02-09T00:44:00,luz,1,5,0.58
2025-02-09T00:44:00,luz,1,6,2.03
2025-02-09T00:44:00,luz,1,7,1.41
2025-02-09T00:44:00,luz,2,1,1.62
2025-02-09T00:44:00,luz,2,2,1.98
2025-02-09T00:44:00,luz,2,3,1.56
2025-02-09T00:44:00,luz,2,4,2.54
2025-02-09T00:44:00,luz,2,5,2.42
2025-02-09T00:44:00,luz,2,6,0.68
2025-02-09T00:44:00,luz,2,7,0.98
2025-02-09T00:44:00,luz,3,1,1.17
2025-02-09T00:44:00,luz,3,2,2.98
2025-02-09T00:44:00,luz,3,3,1.79
2025-02-09T00:44:00,luz,3,4,1.86
2025-02-09T00:44:00,luz,3,5,2.7
2025-02-09T00:44:00,luz,3,6,2.97
2025-02-09T00:44:00,luz,3,7,2.09
2025-02-09T00:44:00,luz,4,1,2.61
2025-02-09T00:44:00,luz,4,2,2.4
2025-02-09T00:44:00,luz,4,3,1.52
2025-02-09T00:44:00,luz,4,4,2.97
2025-02-09T00:44:00,luz,4,5,0.89
2025-02-09T00:44:00,luz,4,6,2.94
2025-02-09T00:44:00,luz,4,7,2.66
2025-02-09T00:44:00,luz,5,1,2.07
2025-02-09T00:44:00,luz,5,2,2.7
2025-02-09T00:44:00,luz,5,3,2.03
2025-02-09T00:44:00,luz,5,4,1.99
2025-02-09T00:44:00,luz,5,5,2.52
2025-02-09T00:44:00,luz,5,6,2.3
2025-02-09T00:44:00,luz,5,7,2.71
2025-02-09T00:44:00,luz,6,1,0.54
2025-02-09T00:44:00,luz,6,2,2.8
2025-02-09T00:44:00,luz,6,3,2.32
2025-02-09T00:44:00,luz,6,4,0.97
2025-02-09T00:44:00,luz,6,5,2.8
2025-02-09T00:44:00,luz,6,6,1.57
2025-02-09T00:44:00,luz,6,7,0.86
2025-02-09T00:44:00,agua,1,1,1.94
2025-02-09T00:44:00,agua,1,2,1.03
2025-02-09T00:44:00,agua,1,3,2.43
2025-02-09T00:44:00,agua,1,4,0.15
2025-02-09T00:44:00,agua,1,5,2.96
2025-02-09T00:44:00,agua,1,6,1.05
2025-02-09T00:44:00,agua,1,7,0.13
2025-02-09T00:44:00,agua,2,1,0.71
2025-02-09T00:44:00,agua,2,2,2.92
2025-02-09T00:44:00,agua,2,3,0.87
2025-02-09T00:44:00,agua,2,4,1.09
2025-02-09T00:44:00,agua,2,5,2.08
2025-02-09T00:44:00,agua,2,6,0.9
2025-02-09T00:44:00,agua,2,7,1.98
2025-02-09T00:44:00,agua,3,1,0.14
2025-02-09T00:44:00,agua,3,2,0.12
2025-02-09T00:44:00,agua,3,3,1.61
2025-02-09T00:44:00,agua,3,4,2.19
2025-02-09T00:44:00,agua,3,5,0.68
2025-02-09T00:44:00,agua,3,6,0.1
2025-02-09T00:44:00,agua,3,7,0.97
2025-02-09T00:44:00,agua,4,1,0.19
2025-02-09T00:44:00,agua,4,2,2.12
2025-02-09T00:44:00,agua,4,3,0.18
2025-02-09T00:44:00,agua,4,4,0.7
2025-02-09T00:44:00,agua,4,5,2.05
2025-02-09T00:44:00,agua,4,6,1.34
2025-02-09T00:44:00,agua,4,7,2.04
2025-02-09T00:44:00,agua,5,1,2.7
2025-02-09T00:44:00,agua,5,2,0.42
2025-02-09T00:44:00,agua,5,3,1.09
2025-02-09T00:44:00,agua,5,4,2.11
2025-02-09T00:44:00,agua,5,5,1.38
2025-02-09T00:44:00,agua,5,6,0.89
2025-02-09T00:44:00,agua,5,7,2.16
2025-02-09T00:44:00,agua,6,1,0.51
2025-02-09T00:44:00,agua,6,2,2.44
2025-02-09T00:44:00,agua,6,3,1.64
2025-02-09T00:44:00,agua,6,4,1.66
2025-02-09T00:44:00,agua,6,5,0.1
2025-02-09T00:44:00,agua,6,6,1.42
2025-02-09T00:44:00,agua,6,7,1.17
2025-02-09T00:44:00,gas,1,1,1.29
2025-02-09T00:44:00,gas,1,2,0.75
2025-02-09T00:44:00,gas,1,3,0.75
2025-02-09T00:44:00,gas,2,1,1.1
2025-02-09T00:44:00,gas,2,2,1.27
2025-02-09T00:44:00,gas,2,3,1.64
2025-02-09T00:44:00,gas,3,1,0.85
2025-02-09T00:44:00,gas,3,2,0.88
2025-02-09T00:44:00,gas,3,3,0.73
2025-02-09T00:44:00,gas,4,1,0.47
2025-02-09T00:44:00,gas,4,2,0.11
2025-02-09T00:44:00,gas,4,3,0.86
2025-02-09T00:44:00,temperatura,1,1,27.6
2025-02-09T00:44:00,temperatura,2,1,23.0
2025-02-09T00:44:00,temperatura,3,1,26.2
2025-02-09T00:44:00,temperatura,4,1,21.9
2025-02-09T00:44:00,temperatura,5,1,27.8
2025-02-09T00:44:00,temperatura,6,1,24.7
2025-02-09T00:44:00,movimiento,1,1,14.0
2025-02-09T00:44:00,movimiento,2,1,16.0
2025-02-09T00:44:00,movimiento,3,1,7.0
2025-02-09T00:44:00,movimiento,4,1,18.0
2025-02-09T00:44:00,movimiento,5,1,16.0
2025-02-09T00:44:00,movimiento,6,1,17.0
2025-02-09T00:44:00,huella,1,1,0.0
2025-02-09T00:44:00,huella,2,1,1.0
2025-02-09T00:44:00,huella,3,1,1.0
2025-02-09T00:44:00,huella,4,1,2.0
2025-02-09T00:44:00,huella,5,1,1.0
2025-02-09T00:44:00,huella,6,1,2.0
2025-02-09T00:44:40,luz,1,1,1.52
2025-02-09T00:44:40,luz,1,2,2.36
2025-02-09T00:44:40,luz,1,3,1.27
2025-02-09T00:44:40,luz,1,4,2.62
2025-02-09T00:44:40,luz,1,5,2.2
2025-02-09T00:44:40,luz,1,6,2.84
2025-02-09T00:44:40,luz,1,7,2.8
2025-02-09T00:44:40,luz,2,1,1.67
2025-02-09T00:44:40,luz,2,2,1.64
2025-02-09T00:44:40,luz,2,3,2.2
2025-02-09T00:44:40,luz,2,4,1.59
2025-02-09T00:44:40,luz,2,5,1.08
2025-02-09T00:44:40,luz,2,6,0.78
2025-02-09T00:44:40,luz,2,7,2.81
2025-02-09T00:44:40,luz,3,1,2.13
2025-02-09T00:44:40,luz,3,2,1.13
2025-02-09T00:44:40,luz,3,3,0.7
2025-02-09T00:44:40,luz,3,4,2.76
2025-02-09T00:44:40,luz,3,5,2.67
2025-02-09T00:44:40,luz,3,6,0.82
2025-02-09T00:44:40,luz,3,7,2.61
2025-02-09T00:44:40,luz,4,1,2.52
2025-02-09T00:44:40,luz,4,2,2.92
2025-02-09T00:44:40,luz,4,3,2.66
2025-02-09T00:44:40,luz,4,4,2.97
2025-02-09T00:44:40,luz,4,5,2.77
2025-02-09T00:44:40,luz,4,6,2.65
2025-02-09T00:44:40,luz,4,7,2.01
2025-02-09T00:44:40,luz,5,1,2.88
2025-02-09T00:44:40,luz,5,2,0.86
2025-02-09T00:44:40,luz,5,3,0.88
2025-02-09T00:44:40,luz,5,4,0.59
2025-02-09T00:44:40,luz,5,5,2.12
2025-02-09T00:44:40,luz,5,6,0.81
2025-02-09T00:44:40,luz,5,7,0.51
2025-02-09T00:44:40,luz,6,1,2.44
2025-02-09T00:44:40,luz,6,2,2.68
2025-02-09T00:44:40,luz,6,3,2.52
2025-02-09T00:44:40,luz,6,4,0.78
2025-02-09T00:44:40,luz,6,5,1.76
2025-02-09T00:44:40,luz,6,6,2.25
2025-02-09T00:44:40,luz,6,7,1.58
2025-02-09T00:44:40,agua,1,1,1.95
2025-02-09T00:44:40,agua,1,2,0.74
2025-02-09T00:44:40,agua,1,3,1.44
2025-02-09T00:44:40,agua,1,4,0.35
2025-02-09T00:44:40,agua,1,5,1.07
2025-02-09T00:44:40,agua,1,6,0.82
2025-02-09T00:44:40,agua,1,7,1.31
2025-02-09T00:44:40,agua,2,1,0.95
2025-02-09T00:44:40,agua,2,2,2.56
2025-02-09T00:44:40,agua,2,3,1.09
2025-02-09T00:44:40,agua,2,4,2.88
2025-02-09T00:44:40,agua,2,5,0.32
2025-02-09T00:44:40,agua,2,6,2.13
2025-02-09T00:44:40,agua,2,7,0.67
2025-02-09T00:44:40,agua,3,1,0.3
2025-02-09T00:44:40,agua,3,2,0.96
2025-02-09T00:44:40,agua,3,3,2.17
2025-02-09T00:44:40,agua,3,4,2.04
2025-02-09T00:44:40,agua,3,5,2.72
2025-02-09T00:44:40,agua,3,6,1.65
2025-02-09T00:44:40,agua,3,7,1.67
2025-02-09T00:44:40,agua,4,1,0.14
2025-02-09T00:44:40,agua,4,2,2.09
2025-02-09T00:44:40,agua,4,3,2.95
2025-02-09T00:44:40,agua,4,4,1.8
2025-02-09T00:44:40,agua,4,5,0.57
2025-02-09T00:44:40,agua,4,6,1.48
2025-02-09T00:44:40,agua,4,7,1.22
2025-02-09T00:44:40,agua,5,1,2.45
2025-02-09T00:44:40,agua,5,2,2.83
2025-02-09T00:44:40,agua,5,3,2.25
2025-02-09T00:44:40,agua,5,4,1.35
2025-02-09T00:44:40,agua,5,5,0.45
2025-02-09T00:44:40,agua,5,6,0.92
2025-02-09T00:44:40,agua,5,7,2.38
2025-02-09T00:44:40,agua,6,1,0.19
2025-02-09T00:44:40,agua,6,2,1.36
2025-02-09T00:44:40,agua,6,3,1.07
2025-02-09T00:44:40,agua,6,4,1.49
2025-02-09T00:44:40,agua,6,5,2.91
2025-02-09T00:44:40,agua,6,6,2.52
2025-02-09T00:44:40,agua,6,7,2.31
2025-02-09T00:44:40,gas,1,1,0.08
2025-02-09T00:44:40,gas,1,2,1.32
2025-02-09T00:44:40,gas,1,3,1.28
2025-02-09T00:44:40,gas,2,1,1.49
2025-02-09T00:44:40,gas,2,2,0.94
2025-02-09T00:44:40,gas,2,3,1.03
2025-02-09T00:44:40,gas,3,1,1.2
2025-02-09T00:44:40,gas,3,2,0.27
2025-02-09T00:44:40,gas,3,3,0.07
2025-02-09T00:44:40,gas,4,1,1.63
2025-02-09T00:44:40,gas,4,2,0.2
2025-02-09T00:44:40,gas,4,3,1.53
2025-02-09T00:44:40,temperatura,1,1,24.5
2025-02-09T00:44:40,temperatura,2,1,29.0
2025-02-09T00:44:40,temperatura,3,1,20.2
2025-02-09T00:44:40,temperatura,4,1,28.2
2025-02-09T00:44:40,temperatura,5,1,27.9
2025-02-09T00:44:40,temperatura,6,1,25.5
2025-02-09T00:44:40,movimiento,1,1,9.0
2025-02-09T00:44:40,movimiento,2,1,19.0
2025-02-09T00:44:40,movimiento,3,1,9.0
2025-02-09T00:44:40,movimiento,4,1,14.0
2025-02-09T00:44:40,movimiento,5,1,8.0
2025-02-09T00:44:40,movimiento,6,1,10.0
2025-02-09T00:44:40,huella,1,1,2.0
2025-02-09T00:44:40,huella,2,1,0.0
2025-02-09T00:44:40,huella,3,1,3.0
2025-02-09T00:44:40,huella,4,1,0.0
2025-02-09T00:44:40,huella,5,1,3.0
2025-02-09T00:44:40,huella,6,1,1.0
2025-02-09T00:45:20,luz,1,1,2.35
2025-02-09T00:45:20,luz,1,2,1.96
2025-02-09T00:45:20,luz,1,3,1.11
2025-02-09T00:45:20,luz,1,4,1.42
2025-02-09T00:45:20,luz,1,5,2.84
2025-02-09T00:45:20,luz,1,6,1.76
2025-02-09T00:45:20,luz,1,7,1.43
2025-02-09T00:45:20,luz,2,1,2.83
2025-02-09T00:45:20,luz,2,2,0.69
2025-02-09T00:45:20,luz,2,3,1.64
2025-02-09T00:45:20,luz,2,4,1.67
2025-02-09T00:45:20,luz,2,5,0.57
2025-02-09T00:45:20,luz,2,6,1.45
2025-02-09T00:45:20,luz,2,7,2.58
2025-02-09T00:45:20,luz,3,1,2.63
2025-02-09T00:45:20,luz,3,2,1.42
2025-02-09T00:45:20,luz,3,3,0.55
2025-02-09T00:45:20,luz,3,4,2.27
2025-02-09T00:45:20,luz,3,5,2.42
2025-02-09T00:45:20,luz,3,6,2.65
2025-02-09T00:45:20,luz,3,7,1.98
2025-02-09T00:45:20,luz,4,1,1.61
2025-02-09T00:45:20,luz,4,2,1.75
2025-02-09T00:45:20,luz,4,3,1.02
2025-02-09T00:45:20,luz,4,4,1.09
2025-02-09T00:45:20,luz,4,5,2.3
2025-02-09T00:45:20,luz,4,6,2.82
2025-02-09T00:45:20,luz,4,7,0.79
2025-02-09T00:45:20,luz,5,1,1.07
2025-02-09T00:45:20,luz,5,2,1.8
2025-02-09T00:45:20,luz,5,3,1.65
2025-02-09T00:45:20,luz,5,4,1.87
2025-02-09T00:45:20,luz,5,5,0.75
2025-02-09T00:45:20,luz,5,6,1.35
2025-02-09T00:45:20,luz,5,7,1.65
2025-02-09T00:45:20,luz,6,1,1.03
2025-02-09T00:45:20,luz,6,2,2.98
2025-02-09T00:45:20,luz,6,3,1.02
2025-02-09T00:45:20,luz,6,4,2.95
2025-02-09T00:45:20,luz,6,5,2.99
2025-02-09T00:45:20,luz,6,6,1.27
2025-02-09T00:45:20,luz,6,7,2.83
2025-02-09T00:45:20,agua,1,1,2.99
2025-02-09T00:45:20,agua,1,2,0.93
2025-02-09T00:45:20,agua,1,3,0.26
2025-02-09T00:45:20,agua,1,4,2.08
2025-02-09T00:45:20,agua,1,5,2.69
2025-02-09T00:45:20,agua,1,6,1.09
2025-02-09T00:45:20,agua,1,7,1.62
2025-02-09T00:45:20,agua,2,1,0.75
2025-02-09T00:45:20,agua,2,2,1.34
2025-02-09T00:45:20,agua,2,3,1.03
2025-02-09T00:45:20,agua,2,4,2.41
2025-02-09T00:45:20,agua,2,5,1.07
2025-02-09T00:45:20,agua,2,6,2.67
2025-02-09T00:45:20,agua,2,7,0.31
2025-02-09T00:45:20,agua,3,1,2.46
2025-02-09T00:45:20,agua,3,2,2.27
2025-02-09T00:45:20,agua,3,3,2.54
2025-02-09T00:45:20,agua,3,4,1.42
2025-02-09T00:45:20,agua,3,5,0.13
2025-02-09T00:45:20,agua,3,6,1.22
2025-02-09T00:45:20,agua,3,7,2.56
2025-02-09T00:45:20,agua,4,1,2.12
2025-02-09T00:45:20,agua,4,2,2.5
2025-02-09T00:45:20,agua,4,3,0.95
2025-02-09T00:45:20,agua,4,4,2.26
2025-02-09T00:45:20,agua,4,5,1.85
2025-02-09T00:45:20,agua,4,6,0.99
2025-02-09T00:45:20,agua,4,7,2.44
2025-02-09T00:45:20,agua,5,1,1.97
2025-02-09T00:45:20,agua,5,2,1.37
2025-02-09T00:45:20,agua,5,3,0.53
2025-02-09T00:45:20,agua,5,4,2.87
2025-02-09T00:45:20,agua,5,5,2.99
2025-02-09T00:45:20,agua,5,6,1.04
2025-02-09T00:45:20,agua,5,7,1.82
2025-02-09T00:45:20,agua,6,1,1.76
2025-02-09T00:45:20,agua,6,2,1.55
2025-02-09T00:45:20,agua,6,3,2.81
2025-02-09T00:45:20,agua,6,4,0.0
2025-02-09T00:45:20,agua,6,5,2.06
2025-02-09T00:45:20,agua,6,6,0.87
2025-02-09T00:45:20,agua,6,7,0.01
2025-02-09T00:45:20,gas,1,1,1.52
2025-02-09T00:45:20,gas,1,2,0.25
2025-02-09T00:45:20,gas,1,3,0.32
2025-02-09T00:45:20,gas,2,1,1.46
2025-02-09T00:45:20,gas,2,2,0.54
2025-02-09T00:45:20,gas,2,3,1.89
2025-02-09T00:45:20,gas,3,1,0.54
2025-02-09T00:45:20,gas,3,2,1.07
2025-02-09T00:45:20,gas,3,3,0.81
2025-02-09T00:45:20,gas,4,1,1.14
2025-02-09T00:45:20,gas,4,2,0.33
2025-02-09T00:45:20,gas,4,3,1.87
2025-02-09T00:45:20,temperatura,1,1,27.1
2025-02-09T00:45:20,temperatura,2,1,24.6
2025-02-09T00:45:20,temperatura,3,1,23.5
2025-02-09T00:45:20,temperatura,4,1,25.7
2025-02-09T00:45:20,temperatura,5,1,22.6
2025-02-09T00:45:20,temperatura,6,1,21.9
2025-02-09T00:45:20,movimiento,1,1,6.0
2025-02-09T00:45:20,movimiento,2,1,9.0
2025-02-09T00:45:20,movimiento,3,1,16.0
2025-02-09T00:45:20,movimiento,4,1,10.0
2025-02-09T00:45:20,movimiento,5,1,11.0
2025-02-09T00:45:20,movimiento,6,1,20.0
2025-02-09T00:45:20,huella,1,1,0.0
2025-02-09T00:45:20,huella,2,1,3.0
2025-02-09T00:45:20,huella,3,1,3.0
2025-02-09T00:45:20,huella,4,1,2.0
2025-02-09T00:45:20,huella,5,1,2.0
2025-02-09T00:45:20,huella,6,1,3.0
2025-02-09T00:46:00,luz,1,1,1.54
2025-02-09T00:46:00,luz,1,2,1.0
2025-02-09T00:46:00,luz,1,3,2.07
2025-02-09T00:46:00,luz,1,4,2.12
2025-02-09T00:46:00,luz,1,5,0.95
2025-02-09T00:46:00,luz,1,6,0.83
2025-02-09T00:46:00,luz,1,7,1.21
2025-02-09T00:46:00,luz,2,1,2.28
2025-02-09T00:46:00,luz,2,2,0.83
2025-02-09T00:46:00,luz,2,3,2.21
2025-02-09T00:46:00,luz,2,4,2.27
2025-02-09T00:46:00,luz,2,5,1.15
2025-02-09T00:46:00,luz,2,6,2.44
2025-02-09T00:46:00,luz,2,7,2.11
2025-02-09T00:46:00,luz,3,1,2.81
2025-02-09T00:46:00,luz,3,2,1.12
2025-02-09T00:46:00,luz,3,3,1.6
2025-02-09T00:46:00,luz,3,4,0.63
2025-02-09T00:46:00,luz,3,5,1.88
2025-02-09T00:46:00,luz,3,6,2.41
2025-02-09T00:46:00,luz,3,7,2.76
2025-02-09T00:46:00,luz,4,1,1.27
2025-02-09T00:46:00,luz,4,2,2.69
2025-02-09T00:46:00,luz,4,3,1.72
2025-02-09T00:46:00,luz,4,4,2.0
2025-02-09T00:46:00,luz,4,5,0.97
2025-02-09T00:46:00,luz,4,6,2.3
2025-02-09T00:46:00,luz,4,7,1.7
2025-02-09T00:46:00,luz,5,1,2.09
2025-02-09T00:46:00,luz,5,2,2.68
2025-02-09T00:46:00,luz,5,3,2.41
2025-02-09T00:46:00,luz,5,4,1.61
2025-02-09T00:46:00,luz,5,5,1.26
2025-02-09T00:46:00,luz,5,6,2.19
2025-02-09T00:46:00,luz,5,7,2.47
2025-02-09T00:46:00,luz,6,1,1.79
2025-02-09T00:46:00,luz,6,2,0.59
2025-02-09T00:46:00,luz,6,3,1.83
2025-02-09T00:46:00,luz,6,4,0.82
2025-02-09T00:46:00,luz,6,5,2.19
2025-02-09T00:46:00,luz,6,6,2.58
2025-02-09T00:46:00,luz,6,7,2.74
2025-02-09T00:46:00,agua,1,1,0.75
2025-02-09T00:46:00,agua,1,2,2.74
2025-02-09T00:46:00,agua,1,3,1.38
2025-02-09T00:46:00,agua,1,4,2.19
2025-02-09T00:46:00,agua,1,5,1.69
2025-02-09T00:46:00,agua,1,6,2.22
2025-02-09T00:46:00,agua,1,7,2.15
2025-02-09T00:46:00,agua,2,1,1.52
2025-02-09T00:46:00,agua,2,2,0.49
2025-02-09T00:46:00,agua,2,3,1.42
2025-02-09T00:46:00,agua,2,4,0.34
2025-02-09T00:46:00,agua,2,5,2.95
2025-02-09T00:46:00,agua,2,6,0.45
2025-02-09T00:46:00,agua,2,7,1.12
2025-02-09T00:46:00,agua,3,1,2.98
2025-02-09T00:46:00,agua,3,2,0.75
2025-02-09T00:46:00,agua,3,3,0.95
2025-02-09T00:46:00,agua,3,4,0.37
2025-02-09T00:46:00,agua,3,5,2.45
2025-02-09T00:46:00,agua,3,6,0.78
2025-02-09T00:46:00,agua,3,7,0.23
2025-02-09T00:46:00,agua,4,1,2.6
2025-02-09T00:46:00,agua,4,2,2.29
2025-02-09T00:46:00,agua,4,3,2.56
2025-02-09T00:46:00,agua,4,4,1.92
2025-02-09T00:46:00,agua,4,5,1.75
2025-02-09T00:46:00,agua,4,6,2.02
2025-02-09T00:46:00,agua,4,7,1.65
2025-02-09T00:46:00,agua,5,1,0.81
2025-02-09T00:46:00,agua,5,2,1.27
2025-02-09T00:46:00,agua,5,3,2.37
2025-02-09T00:46:00,agua,5,4,2.45
2025-02-09T00:46:00,agua,5,5,0.17
2025-02-09T00:46:00,agua,5,6,0.59
2025-02-09T00:46:00,agua,5,7,1.99
2025-02-09T00:46:00,agua,6,1,0.61
2025-02-09T00:46:00,agua,6,2,0.31
2025-02-09T00:46:00,agua,6,3,0.28
2025-02-09T00:46:00,agua,6,4,0.05
2025-02-09T00:46:00,agua,6,5,0.14
2025-02-09T00:46:00,agua,6,6,0.68
2025-02-09T00:46:00,agua,6,7,1.28
2025-02-09T00:46:00,gas,1,1,1.13
2025-02-09T00:46:00,gas,1,2,1.43
2025-02-09T00:46:00,gas,1,3,0.98
2025-02-09T00:46:00,gas,2,1,1.67
2025-02-09T00:46:00,gas,2,2,0.65
2025-02-09T00:46:00,gas,2,3,0.38
2025-02-09T00:46:00,gas,3,1,1.09
2025-02-09T00:46:00,gas,3,2,0.96
2025-02-09T00:46:00,gas,3,3,1.31
2025-02-09T00:46:00,gas,4,1,0.11
2025-02-09T00:46:00,gas,4,2,0.66
2025-02-09T00:46:00,gas,4,3,1.87
2025-02-09T00:46:00,temperatura,1,1,21.3
2025-02-09T00:46:00,temperatura,2,1,20.5
2025-02-09T00:46:00,temperatura,3,1,23.0
2025-02-09T00:46:00,temperatura,4,1,26.6
2025-02-09T00:46:00,temperatura,5,1,29.6
2025-02-09T00:46:00,temperatura,6,1,26.9
2025-02-09T00:46:00,movimiento,1,1,10.0
2025-02-09T00:46:00,movimiento,2,1,17.0
2025-02-09T00:46:00,movimiento,3,1,8.0
2025-02-09T00:46:00,movimiento,4,1,5.0
2025-02-09T00:46:00,movimiento,5,1,10.0
2025-02-09T00:46:00,movimiento,6,1,20.0
2025-02-09T00:46:00,huella,1,1,2.0
2025-02-09T00:46:00,huella,2,1,1.0
2025-02-09T00:46:00,huella,3,1,3.0
2025-02-09T00:46:00,huella,4,1,1.0
2025-02-09T00:46:00,huella,5,1,1.0
2025-02-09T00:46:00,huella,6,1,2.0
2025-02-09T00:46:40,luz,1,1,2.02
2025-02-09T00:46:40,luz,1,2,0.62
2025-02-09T00:46:40,luz,1,3,2.69
2025-02-09T00:46:40,luz,1,4,1.55
2025-02-09T00:46:40,luz,1,5,1.8
2025-02-09T00:46:40,luz,1,6,0.99
2025-02-09T00:46:40,luz,1,7,0.74
2025-02-09T00:46:40,luz,2,1,1.36
2025-02-09T00:46:40,luz,2,2,0.56
2025-02-09T00:46:40,luz,2,3,2.46
2025-02-09T00:46:40,luz,2,4,1.43
2025-02-09T00:46:40,luz,2,5,1.99
2025-02-09T00:46:40,luz,2,6,0.85
2025-02-09T00:46:40,luz,2,7,1.43
2025-02-09T00:46:40,luz,3,1,0.78
2025-02-09T00:46:40,luz,3,2,1.4
2025-02-09T00:46:40,luz,3,3,2.88
2025-02-09T00:46:40,luz,3,4,2.64
2025-02-09T00:46:40,luz,3,5,1.19
2025-02-09T00:46:40,luz,3,6,0.52
2025-02-09T00:46:40,luz,3,7,1.75
2025-02-09T00:46:40,luz,4,1,2.66
2025-02-09T00:46:40,luz,4,2,2.37
2025-02-09T00:46:40,luz,4,3,0.64
2025-02-09T00:46:40,luz,4,4,2.73
2025-02-09T00:46:40,luz,4,5,0.81
2025-02-09T00:46:40,luz,4,6,0.78
2025-02-09T00:46:40,luz,4,7,2.81
2025-02-09T00:46:40,luz,5,1,1.31
2025-02-09T00:46:40,luz,5,2,1.36
2025-02-09T00:46:40,luz,5,3,2.8
2025-02-09T00:46:40,luz,5,4,1.41
2025-02-09T00:46:40,luz,5,5,0.96
2025-02-09T00:46:40,luz,5,6,2.84
2025-02-09T00:46:40,luz,5,7,1.58
2025-02-09T00:46:40,luz,6,1,2.44
2025-02-09T00:46:40,luz,6,2,2.28
2025-02-09T00:46:40,luz,6,3,1.47
2025-02-09T00:46:40,luz,6,4,0.64
2025-02-09T00:46:40,luz,6,5,1.46
2025-02-09T00:46:40,luz,6,6,0.88
2025-02-09T00:46:40,luz,6,7,1.54
2025-02-09T00:46:40,agua,1,1,0.0
2025-02-09T00:46:40,agua,1,2,1.9
2025-02-09T00:46:40,agua,1,3,1.82
2025-02-09T00:46:40,agua,1,4,2.77
2025-02-09T00:46:40,agua,1,5,0.32
2025-02-09T00:46:40,agua,1,6,1.59
2025-02-09T00:46:40,agua,1,7,0.55
2025-02-09T00:46:40,agua,2,1,1.53
2025-02-09T00:46:40,agua,2,2,1.74
2025-02-09T00:46:40,agua,2,3,2.09
2025-02-09T00:46:40,agua,2,4,1.1
2025-02-09T00:46:40,agua,2,5,0.05
2025-02-09T00:46:40,agua,2,6,2.2
2025-02-09T00:46:40,agua,2,7,2.88
2025-02-09T00:46:40,agua,3,1,2.72
2025-02-09T00:46:40,agua,3,2,1.3
2025-02-09T00:46:40,agua,3,3,2.15
2025-02-09T00:46:40,agua,3,4,1.54
2025-02-09T00:46:40,agua,3,5,1.44
2025-02-09T00:46:40,agua,3,6,2.32
2025-02-09T00:46:40,agua,3,7,0.73
2025-02-09T00:46:40,agua,4,1,2.91
2025-02-09T00:46:40,agua,4,2,0.63
2025-02-09T00:46:40,agua,4,3,2.93
2025-02-09T00:46:40,agua,4,4,1.16
2025-02-09T00:46:40,agua,4,5,1.26
2025-02-09T00:46:40,agua,4,6,2.1
2025-02-09T00:46:40,agua,4,7,2.0
2025-02-09T00:46:40,agua,5,1,1.49
2025-02-09T00:46:40,agua,5,2,2.1
2025-02-09T00:46:40,agua,5,3,2.88
2025-02-09T00:46:40,agua,5,4,2.32
2025-02-09T00:46:40,agua,5,5,1.79
2025-02-09T00:46:40,agua,5,6,2.86
2025-02-09T00:46:40,agua,5,7,0.16
2025-02-09T00:46:40,agua,6,1,2.63
2025-02-09T00:46:40,agua,6,2,1.78
2025-02-09T00:46:40,agua,6,3,0.62
2025-02-09T00:46:40,agua,6,4,2.62
2025-02-09T00:46:40,agua,6,5,0.27
2025-02-09T00:46:40,agua,6,6,1.44
2025-02-09T00:46:40,agua,6,7,0.75
2025-02-09T00:46:40,gas,1,1,1.87
2025-02-09T00:46:40,gas,1,2,1.83
2025-02-09T00:46:40,gas,1,3,1.16
2025-02-09T00:46:40,gas,2,1,1.01
2025-02-09T00:46:40,gas,2,2,0.46
2025-02-09T00:46:40,gas,2,3,1.66
2025-02-09T00:46:40,gas,3,1,0.43
2025-02-09T00:46:40,gas,3,2,1.38
2025-02-09T00:46:40,gas,3,3,1.29
2025-02-09T00:46:40,gas,4,1,1.64
2025-02-09T00:46:40,gas,4,2,1.15
2025-02-09T00:46:40,gas,4,3,1.01
2025-02-09T00:46:40,temperatura,1,1,22.5
2025-02-09T00:46:40,temperatura,2,1,27.9
2025-02-09T00:46:40,temperatura,3,1,20.8
2025-02-09T00:46:40,temperatura,4,1,23.6
2025-02-09T00:46:40,temperatura,5,1,26.1
2025-02-09T00:46:40,temperatura,6,1,20.8
2025-02-09T00:46:40,movimiento,1,1,8.0
2025-02-09T00:46:40,movimiento,2,1,16.0
2025-02-09T00:46:40,movimiento,3,1,20.0
2025-02-09T00:46:40,movimiento,4,1,6.0
2025-02-09T00:46:40,movimiento,5,1,9.0
2025-02-09T00:46:40,movimiento,6,1,10.0
2025-02-09T00:46:40,huella,1,1,1.0
2025-02-09T00:46:40,huella,2,1,0.0
2025-02-09T00:46:40,huella,3,1,2.0
2025-02-09T00:46:40,huella,4,1,0.0
2025-02-09T00:46:40,huella,5,1,1.0
2025-02-09T00:46:40,huella,6,1,1.0
2025-02-09T00:47:20,luz,1,1,0.81
2025-02-09T00:47:20,luz,1,2,0.58
2025-02-09T00:47:20,luz,1,3,0.81
2025-02-09T00:47:20,luz,1,4,1.6
2025-02-09T00:47:20,luz,1,5,2.42
2025-02-09T00:47:20,luz,1,6,2.04
2025-02-09T00:47:20,luz,1,7,2.0
2025-02-09T00:47:20,luz,2,1,0.58
2025-02-09T00:47:20,luz,2,2,0.77
2025-02-09T00:47:20,luz,2,3,2.28
2025-02-09T00:47:20,luz,2,4,0.8
2025-02-09T00:47:20,luz,2,5,1.97
2025-02-09T00:47:20,luz,2,6,2.98
2025-02-09T00:47:20,luz,2,7,1.69
2025-02-09T00:47:20,luz,3,1,2.78
2025-02-09T00:47:20,luz,3,2,1.89
2025-02-09T00:47:20,luz,3,3,0.6
2025-02-09T00:47:20,luz,3,4,2.06
2025-02-09T00:47:20,luz,3,5,2.54
2025-02-09T00:47:20,luz,3,6,0.54
2025-02-09T00:47:20,luz,3,7,0.92
2025-02-09T00:47:20,luz,4,1,1.91
2025-02-09T00:47:20,luz,4,2,2.19
2025-02-09T00:47:20,luz,4,3,1.96
2025-02-09T00:47:20,luz,4,4,2.23
2025-02-09T00:47:20,luz,4,5,1.08
2025-02-09T00:47:20,luz,4,6,1.95
2025-02-09T00:47:20,luz,4,7,2.22
2025-02-09T00:47:20,luz,5,1,1.88
2025-02-09T00:47:20,luz,5,2,0.81
2025-02-09T00:47:20,luz,5,3,2.89
2025-02-09T00:47:20,luz,5,4,2.6
2025-02-09T00:47:20,luz,5,5,1.16
2025-02-09T00:47:20,luz,5,6,1.24
2025-02-09T00:47:20,luz,5,7,2.21
2025-02-09T00:47:20,luz,6,1,2.21
2025-02-09T00:47:20,luz,6,2,0.69
2025-02-09T00:47:20,luz,6,3,2.12
2025-02-09T00:47:20,luz,6,4,1.04
2025-02-09T00:47:20,luz,6,5,1.12
2025-02-09T00:47:20,luz,6,6,2.51
2025-02-09T00:47:20,luz,6,7,1.86
2025-02-09T00:47:20,agua,1,1,0.24
2025-02-09T00:47:20,agua,1,2,2.33
2025-02-09T00:47:20,agua,1,3,1.77
2025-02-09T00:47:20,agua,1,4,1.13
2025-02-09T00:47:20,agua,1,5,2.14
2025-02-09T00:47:20,agua,1,6,2.48
2025-02-09T00:47:20,agua,1,7,2.36
2025-02-09T00:47:20,agua,2,1,1.62
2025-02-09T00:47:20,agua,2,2,2.55
2025-02-09T00:47:20,agua,2,3,2.87
2025-02-09T00:47:20,agua,2,4,1.83
2025-02-09T00:47:20,agua,2,5,0.7
2025-02-09T00:47:20,agua,2,6,1.49
2025-02-09T00:47:20,agua,2,7,2.59
2025-02-09T00:47:20,agua,3,1,2.98
2025-02-09T00:47:20,agua,3,2,1.08
2025-02-09T00:47:20,agua,3,3,1.66
2025-02-09T00:47:20,agua,3,4,0.15
2025-02-09T00:47:20,agua,3,5,1.0
2025-02-09T00:47:20,agua,3,6,2.92
2025-02-09T00:47:20,agua,3,7,2.29
2025-02-09T00:47:20,agua,4,1,2.15
2025-02-09T00:47:20,agua,4,2,2.3
2025-02-09T00:47:20,agua,4,3,1.43
2025-02-09T00:47:20,agua,4,4,0.19
2025-02-09T00:47:20,agua,4,5,0.55
2025-02-09T00:47:20,agua,4,6,0.84
2025-02-09T00:47:20,agua,4,7,0.32
2025-02-09T00:47:20,agua,5,1,1.68
2025-02-09T00:47:20,agua,5,2,0.51
2025-02-09T00:47:20,agua,5,3,1.5
2025-02-09T00:47:20,agua,5,4,0.84
2025-02-09T00:47:20,agua,5,5,2.36
2025-02-09T00:47:20,agua,5,6,1.03
2025-02-09T00:47:20,agua,5,7,0.91
2025-02-09T00:47:20,agua,6,1,1.04
2025-02-09T00:47:20,agua,6,2,2.98
2025-02-09T00:47:20,agua,6,3,0.27
2025-02-09T00:47:20,agua,6,4,2.33
2025-02-09T00:47:20,agua,6,5,1.41
2025-02-09T00:47:20,agua,6,6,2.09
2025-02-09T00:47:20,agua,6,7,1.82
2025-02-09T00:47:20,gas,1,1,0.98
2025-02-09T00:47:20,gas,1,2,1.69
2025-02-09T00:47:20,gas,1,3,1.77
2025-02-09T00:47:20,gas,2,1,1.4
2025-02-09T00:47:20,gas,2,2,1.83
2025-02-09T00:47:20,gas,2,3,1.82
2025-02-09T00:47:20,gas,3,1,0.04
2025-02-09T00:47:20,gas,3,2,1.43
2025-02-09T00:47:20,gas,3,3,0.01
2025-02-09T00:47:20,gas,4,1,1.29
2025-02-09T00:47:20,gas,4,2,0.29
2025-02-09T00:47:20,gas,4,3,0.42
2025-02-09T00:47:20,temperatura,1,1,27.7
2025-02-09T00:47:20,temperatura,2,1,28.3
2025-02-09T00:47:20,temperatura,3,1,26.0
2025-02-09T00:47:20,temperatura,4,1,22.3
2025-02-09T00:47:20,temperatura,5,1,27.0
2025-02-09T00:47:20,temperatura,6,1,22.7
2025-02-09T00:47:20,movimiento,1,1,12.0
2025-02-09T00:47:20,movimiento,2,1,9.0
2025-02-09T00:47:20,movimiento,3,1,20.0
2025-02-09T00:47:20,movimiento,4,1,6.0
2025-02-09T00:47:20,movimiento,5,1,18.0
2025-02-09T00:47:20,movimiento,6,1,8.0
2025-02-09T00:47:20,huella,1,1,1.0
2025-02-09T00:47:20,huella,2,1,0.0
2025-02-09T00:47:20,huella,3,1,0.0
2025-02-09T00:47:20,huella,4,1,3.0
2025-02-09T00:47:20,huella,5,1,3.0
2025-02-09T00:47:20,huella,6,1,2.0
2025-02-09T00:48:00,luz,1,1,1.05
2025-02-09T00:48:00,luz,1,2,1.02
2025-02-09T00:48:00,luz,1,3,1.33
2025-02-09T00:48:00,luz,1,4,2.36
2025-02-09T00:48:00,luz,1,5,2.96
2025-02-09T00:48:00,luz,1,6,2.58
2025-02-09T00:48:00,luz,1,7,0.76
2025-02-09T00:48:00,luz,2,1,1.79
2025-02-09T00:48:00,luz,2,2,2.73
2025-02-09T00:48:00,luz,2,3,2.55
2025-02-09T00:48:00,luz,2,4,1.65
2025-02-09T00:48:00,luz,2,5,1.58
2025-02-09T00:48:00,luz,2,6,1.32
2025-02-09T00:48:00,luz,2,7,2.8
2025-02-09T00:48:00,luz,3,1,2.4
2025-02-09T00:48:00,luz,3,2,0.64
2025-02-09T00:48:00,luz,3,3,2.56
2025-02-09T00:48:00,luz,3,4,2.61
2025-02-09T00:48:00,luz,3,5,2.44
2025-02-09T00:48:00,luz,3,6,0.61
2025-02-09T00:48:00,luz,3,7,2.24
2025-02-09T00:48:00,luz,4,1,1.44
2025-02-09T00:48:00,luz,4,2,2.42
2025-02-09T00:48:00,luz,4,3,1.94
2025-02-09T00:48:00,luz,4,4,2.6
2025-02-09T00:48:00,luz,4,5,2.29
2025-02-09T00:48:00,luz,4,6,1.28
2025-02-09T00:48:00,luz,4,7,0.56
2025-02-09T00:48:00,luz,5,1,1.52
2025-02-09T00:48:00,luz,5,2,1.16
2025-02-09T00:48:00,luz,5,3,0.68
2025-02-09T00:48:00,luz,5,4,1.01
2025-02-09T00:48:00,luz,5,5,0.58
2025-02-09T00:48:00,luz,5,6,2.5
2025-02-09T00:48:00,luz,5,7,2.93
2025-02-09T00:48:00,luz,6,1,2.72
2025-02-09T00:48:00,luz,6,2,1.67
2025-02-09T00:48:00,luz,6,3,2.38
2025-02-09T00:48:00,luz,6,4,2.15
2025-02-09T00:48:00,luz,6,5,2.15
2025-02-09T00:48:00,luz,6,6,1.5
2025-02-09T00:48:00,luz,6,7,1.63
2025-02-09T00:48:00,agua,1,1,2.12
2025-02-09T00:48:00,agua,1,2,1.56
2025-02-09T00:48:00,agua,1,3,0.97
2025-02-09T00:48:00,agua,1,4,2.13
2025-02-09T00:48:00,agua,1,5,1.66
2025-02-09T00:48:00,agua,1,6,1.6
2025-02-09T00:48:00,agua,1,7,1.36
2025-02-09T00:48:00,agua,2,1,1.51
2025-02-09T00:48:00,agua,2,2,2.94
2025-02-09T00:48:00,agua,2,3,1.91
2025-02-09T00:48:00,agua,2,4,0.62
2025-02-09T00:48:00,agua,2,5,1.53
2025-02-09T00:48:00,agua,2,6,2.94
2025-02-09T00:48:00,agua,2,7,0.23
2025-02-09T00:48:00,agua,3,1,1.09
2025-02-09T00:48:00,agua,3,2,0.81
2025-02-09T00:48:00,agua,3,3,0.56
2025-02-09T00:48:00,agua,3,4,2.67
2025-02-09T00:48:00,agua,3,5,1.1
2025-02-09T00:48:00,agua,3,6,1.81
2025-02-09T00:48:00,agua,3,7,0.32
2025-02-09T00:48:00,agua,4,1,1.98
2025-02-09T00:48:00,agua,4,2,1.49
2025-02-09T00:48:00,agua,4,3,1.17
2025-02-09T00:48:00,agua,4,4,2.56
2025-02-09T00:48:00,agua,4,5,2.98
2025-02-09T00:48:00,agua,4,6,0.2
2025-02-09T00:48:00,agua,4,7,0.73
2025-02-09T00:48:00,agua,5,1,1.79
2025-02-09T00:48:00,agua,5,2,0.91
2025-02-09T00:48:00,agua,5,3,1.92
2025-02-09T00:48:00,agua,5,4,2.38
2025-02-09T00:48:00,agua,5,5,1.94
2025-02-09T00:48:00,agua,5,6,1.93
2025-02-09T00:48:00,agua,5,7,1.66
2025-02-09T00:48:00,agua,6,1,1.06
2025-02-09T00:48:00,agua,6,2,2.36
2025-02-09T00:48:00,agua,6,3,1.63
2025-02-09T00:48:00,agua,6,4,2.61
2025-02-09T00:48:00,agua,6,5,1.13
2025-02-09T00:48:00,agua,6,6,2.15
2025-02-09T00:48:00,agua,6,7,0.71
2025-02-09T00:48:00,gas,1,1,1.31
2025-02-09T00:48:00,gas,1,2,1.37
2025-02-09T00:48:00,gas,1,3,1.21
2025-02-09T00:48:00,gas,2,1,0.34
2025-02-09T00:48:00,gas,2,2,1.93
2025-02-09T00:48:00,gas,2,3,1.44
2025-02-09T00:48:00,gas,3,1,0.48
2025-02-09T00:48:00,gas,3,2,0.15
2025-02-09T00:48:00,gas,3,3,1.48
2025-02-09T00:48:00,gas,4,1,0.34
2025-02-09T00:48:00,gas,4,2,0.15
2025-02-09T00:48:00,gas,4,3,1.26
2025-02-09T00:48:00,temperatura,1,1,23.4
2025-02-09T00:48:00,temperatura,2,1,29.6
2025-02-09T00:48:00,temperatura,3,1,21.4
2025-02-09T00:48:00,temperatura,4,1,23.9
2025-02-09T00:48:00,temperatura,5,1,20.4
2025-02-09T00:48:00,temperatura,6,1,20.6
2025-02-09T00:48:00,movimiento,1,1,7.0
2025-02-09T00:48:00,movimiento,2,1,18.0
2025-02-09T00:48:00,movimiento,3,1,14.0
2025-02-09T00:48:00,movimiento,4,1,14.0
2025-02-09T00:48:00,movimiento,5,1,13.0
2025-02-09T00:48:00,movimiento,6,1,15.0
2025-02-09T00:48:00,huella,1,1,1.0
2025-02-09T00:48:00,huella,2,1,3.0
2025-02-09T00:48:00,huella,3,1,2.0
2025-02-09T00:48:00,huella,4,1,0.0
2025-02-09T00:48:00,huella,5,1,3.0
2025-02-09T00:48:00,huella,6,1,0.0
2025-02-09T00:48:40,luz,1,1,2.45
2025-02-09T00:48:40,luz,1,2,2.23
2025-02-09T00:48:40,luz,1,3,2.63
2025-02-09T00:48:40,luz,1,4,1.14
2025-02-09T00:48:40,luz,1,5,1.25
2025-02-09T00:48:40,luz,1,6,1.49
2025-02-09T00:48:40,luz,1,7,1.87
2025-02-09T00:48:40,luz,2,1,2.37
2025-02-09T00:48:40,luz,2,2,2.72
2025-02-09T00:48:40,luz,2,3,2.95
2025-02-09T00:48:40,luz,2,4,0.72
2025-02-09T00:48:40,luz,2,5,2.98
2025-02-09T00:48:40,luz,2,6,1.2
2025-02-09T00:48:40,luz,2,7,2.86
2025-02-09T00:48:40,luz,3,1,1.51
2025-02-09T00:48:40,luz,3,2,1.62
2025-02-09T00:48:40,luz,3,3,1.58
2025-02-09T00:48:40,luz,3,4,1.4
2025-02-09T00:48:40,luz,3,5,2.3
2025-02-09T00:48:40,luz,3,6,1.16
2025-02-09T00:48:40,luz,3,7,1.75
2025-02-09T00:48:40,luz,4,1,1.64
2025-02-09T00:48:40,luz,4,2,2.35
2025-02-09T00:48:40,luz,4,3,2.37
2025-02-09T00:48:40,luz,4,4,1.75
2025-02-09T00:48:40,luz,4,5,2.74
2025-02-09T00:48:40,luz,4,6,0.61
2025-02-09T00:48:40,luz,4,7,1.24
2025-02-09T00:48:40,luz,5,1,1.59
2025-02-09T00:48:40,luz,5,2,0.66
2025-02-09T00:48:40,luz,5,3,2.59
2025-02-09T00:48:40,luz,5,4,1.08
2025-02-09T00:48:40,luz,5,5,2.91
2025-02-09T00:48:40,luz,5,6,0.86
2025-02-09T00:48:40,luz,5,7,2.89
2025-02-09T00:48:40,luz,6,1,1.05
2025-02-09T00:48:40,luz,6,2,1.36
2025-02-09T00:48:40,luz,6,3,1.26
2025-02-09T00:48:40,luz,6,4,1.15
2025-02-09T00:48:40,luz,6,5,1.55
2025-02-09T00:48:40,luz,6,6,2.93
2025-02-09T00:48:40,luz,6,7,2.43
2025-02-09T00:48:40,agua,1,1,1.69
2025-02-09T00:48:40,agua,1,2,0.5
2025-02-09T00:48:40,agua,1,3,0.57
2025-02-09T00:48:40,agua,1,4,1.32
2025-02-09T00:48:40,agua,1,5,1.21
2025-02-09T00:48:40,agua,1,6,1.34
2025-02-09T00:48:40,agua,1,7,2.74
2025-02-09T00:48:40,agua,2,1,1.57
2025-02-09T00:48:40,agua,2,2,0.27
2025-02-09T00:48:40,agua,2,3,1.44
2025-02-09T00:48:40,agua,2,4,2.42
2025-02-09T00:48:40,agua,2,5,2.7
2025-02-09T00:48:40,agua,2,6,2.66
2025-02-09T00:48:40,agua,2,7,1.48
2025-02-09T00:48:40,agua,3,1,2.06
2025-02-09T00:48:40,agua,3,2,0.96
2025-02-09T00:48:40,agua,3,3,1.13
2025-02-09T00:48:40,agua,3,4,2.05
2025-02-09T00:48:40,agua,3,5,0.62
2025-02-09T00:48:40,agua,3,6,1.7
2025-02-09T00:48:40,agua,3,7,1.22
2025-02-09T00:48:40,agua,4,1,0.1
2025-02-09T00:48:40,agua,4,2,0.68
2025-02-09T00:48:40,agua,4,3,2.34
2025-02-09T00:48:40,agua,4,4,0.61
2025-02-09T00:48:40,agua,4,5,0.97
2025-02-09T00:48:40,agua,4,6,0.24
2025-02-09T00:48:40,agua,4,7,0.98
2025-02-09T00:48:40,agua,5,1,0.97
2025-02-09T00:48:40,agua,5,2,0.08
2025-02-09T00:48:40,agua,5,3,2.52
2025-02-09T00:48:40,agua,5,4,0.0
2025-02-09T00:48:40,agua,5,5,1.75
2025-02-09T00:48:40,agua,5,6,1.69
2025-02-09T00:48:40,agua,5,7,1.55
2025-02-09T00:48:40,agua,6,1,0.24
2025-02-09T00:48:40,agua,6,2,2.38
2025-02-09T00:48:40,agua,6,3,1.21
2025-02-09T00:48:40,agua,6,4,1.51
2025-02-09T00:48:40,agua,6,5,2.55
2025-02-09T00:48:40,agua,6,6,0.36
2025-02-09T00:48:40,agua,6,7,1.3
2025-02-09T00:48:40,gas,1,1,0.44
2025-02-09T00:48:40,gas,1,2,0.16
2025-02-09T00:48:40,gas,1,3,0.13
2025-02-09T00:48:40,gas,2,1,0.18
2025-02-09T00:48:40,gas,2,2,0.32
2025-02-09T00:48:40,gas,2,3,0.95
2025-02-09T00:48:40,gas,3,1,0.86
2025-02-09T00:48:40,gas,3,2,1.4
2025-02-09T00:48:40,gas,3,3,0.68
2025-02-09T00:48:40,gas,4,1,1.03
2025-02-09T00:48:40,gas,4,2,1.35
2025-02-09T00:48:40,gas,4,3,0.86
2025-02-09T00:48:40,temperatura,1,1,26.5
2025-02-09T00:48:40,temperatura,2,1,29.6
2025-02-09T00:48:40,temperatura,3,1,21.5
2025-02-09T00:48:40,temperatura,4,1,26.4
2025-02-09T00:48:40,temperatura,5,1,27.8
2025-02-09T00:48:40,temperatura,6,1,29.8
2025-02-09T00:48:40,movimiento,1,1,7.0
2025-02-09T00:48:40,movimiento,2,1,11.0
2025-02-09T00:48:40,movimiento,3,1,10.0
2025-02-09T00:48:40,movimiento,4,1,11.0
2025-02-09T00:48:40,movimiento,5,1,11.0
2025-02-09T00:48:40,movimiento,6,1,9.0
2025-02-09T00:48:40,huella,1,1,2.0
2025-02-09T00:48:40,huella,2,1,3.0
2025-02-09T00:48:40,huella,3,1,3.0
2025-02-09T00:48:40,huella,4,1,0.0
2025-02-09T00:48:40,huella,5,1,1.0
2025-02-09T00:48:40,huella,6,1,0.0
2025-02-09T00:49:20,luz,1,1,1.97
2025-02-09T00:49:20,luz,1,2,1.06
2025-02-09T00:49:20,luz,1,3,1.98
2025-02-09T00:49:20,luz,1,4,1.13
2025-02-09T00:49:20,luz,1,5,2.26
2025-02-09T00:49:20,luz,1,6,2.74
2025-02-09T00:49:20,luz,1,7,0.87
2025-02-09T00:49:20,luz,2,1,0.64
2025-02-09T00:49:20,luz,2,2,1.54
2025-02-09T00:49:20,luz,2,3,1.15
2025-02-09T00:49:20,luz,2,4,2.14
2025-02-09T00:49:20,luz,2,5,2.08
2025-02-09T00:49:20,luz,2,6,1.27
2025-02-09T00:49:20,luz,2,7,0.6
2025-02-09T00:49:20,luz,3,1,2.96
2025-02-09T00:49:20,luz,3,2,1.3
2025-02-09T00:49:20,luz,3,3,0.83
2025-02-09T00:49:20,luz,3,4,0.94
2025-02-09T00:49:20,luz,3,5,1.25
2025-02-09T00:49:20,luz,3,6,2.34
2025-02-09T00:49:20,luz,3,7,1.64
2025-02-09T00:49:20,luz,4,1,1.08
2025-02-09T00:49:20,luz,4,2,0.71
2025-02-09T00:49:20,luz,4,3,0.99
2025-02-09T00:49:20,luz,4,4,2.67
2025-02-09T00:49:20,luz,4,5,2.27
2025-02-09T00:49:20,luz,4,6,0.89
2025-02-09T00:49:20,luz,4,7,1.09
2025-02-09T00:49:20,luz,5,1,1.37
2025-02-09T00:49:20,luz,5,2,2.48
2025-02-09T00:49:20,luz,5,3,0.56
2025-02-09T00:49:20,luz,5,4,2.86
2025-02-09T00:49:20,luz,5,5,0.85
2025-02-09T00:49:20,luz,5,6,2.08
2025-02-09T00:49:20,luz,5,7,2.52
2025-02-09T00:49:20,luz,6,1,2.08
2025-02-09T00:49:20,luz,6,2,0.95
2025-02-09T00:49:20,luz,6,3,1.86
2025-02-09T00:49:20,luz,6,4,1.24
2025-02-09T00:49:20,luz,6,5,2.42
2025-02-09T00:49:20,luz,6,6,2.73
2025-02-09T00:49:20,luz,6,7,2.37
2025-02-09T00:49:20,agua,1,1,2.16
2025-02-09T00:49:20,agua,1,2,2.15
2025-02-09T00:49:20,agua,1,3,2.3
2025-02-09T00:49:20,agua,1,4,2.74
2025-02-09T00:49:20,agua,1,5,0.98
2025-02-09T00:49:20,agua,1,6,0.41
2025-02-09T00:49:20,agua,1,7,1.88
2025-02-09T00:49:20,agua,2,1,1.09
2025-02-09T00:49:20,agua,2,2,0.52
2025-02-09T00:49:20,agua,2,3,1.96
2025-02-09T00:49:20,agua,2,4,1.83
2025-02-09T00:49:20,agua,2,5,1.07
2025-02-09T00:49:20,agua,2,6,2.53
2025-02-09T00:49:20,agua,2,7,0.76
2025-02-09T00:49:20,agua,3,1,0.67
2025-02-09T00:49:20,agua,3,2,2.48
2025-02-09T00:49:20,agua,3,3,0.72
2025-02-09T00:49:20,agua,3,4,0.31
2025-02-09T00:49:20,agua,3,5,2.81
2025-02-09T00:49:20,agua,3,6,2.53
2025-02-09T00:49:20,agua,3,7,2.44
2025-02-09T00:49:20,agua,4,1,1.73
2025-02-09T00:49:20,agua,4,2,1.28
2025-02-09T00:49:20,agua,4,3,1.93
2025-02-09T00:49:20,agua,4,4,2.33
2025-02-09T00:49:20,agua,4,5,1.13
2025-02-09T00:49:20,agua,4,6,1.95
2025-02-09T00:49:20,agua,4,7,0.14
2025-02-09T00:49:20,agua,5,1,0.88
2025-02-09T00:49:20,agua,5,2,0.22
2025-02-09T00:49:20,agua,5,3,2.41
2025-02-09T00:49:20,agua,5,4,0.54
2025-02-09T00:49:20,agua,5,5,2.95
2025-02-09T00:49:20,agua,5,6,1.79
2025-02-09T00:49:20,agua,5,7,2.69
2025-02-09T00:49:20,agua,6,1,2.28
2025-02-09T00:49:20,agua,6,2,0.4
2025-02-09T00:49:20,agua,6,3,2.42
2025-02-09T00:49:20,agua,6,4,2.56
2025-02-09T00:49:20,agua,6,5,2.23
2025-02-09T00:49:20,agua,6,6,0.33
2025-02-09T00:49:20,agua,6,7,1.22
2025-02-09T00:49:20,gas,1,1,0.4
2025-02-09T00:49:20,gas,1,2,1.3
2025-02-09T00:49:20,gas,1,3,0.06
2025-02-09T00:49:20,gas,2,1,1.32
2025-02-09T00:49:20,gas,2,2,1.44
2025-02-09T00:49:20,gas,2,3,1.79
2025-02-09T00:49:20,gas,3,1,1.29
2025-02-09T00:49:20,gas,3,2,1.76
2025-02-09T00:49:20,gas,3,3,0.35
2025-02-09T00:49:20,gas,4,1,0.93
2025-02-09T00:49:20,gas,4,2,1.86
2025-02-09T00:49:20,gas,4,3,0.35
2025-02-09T00:49:20,temperatura,1,1,22.6
2025-02-09T00:49:20,temperatura,2,1,29.3
2025-02-09T00:49:20,temperatura,3,1,21.7
2025-02-09T00:49:20,temperatura,4,1,24.6
2025-02-09T00:49:20,temperatura,5,1,26.1
2025-02-09T00:49:20,temperatura,6,1,29.9
2025-02-09T00:49:20,movimiento,1,1,20.0
2025-02-09T00:49:20,movimiento,2,1,16.0
2025-02-09T00:49:20,movimiento,3,1,15.0
2025-02-09T00:49:20,movimiento,4,1,17.0
2025-02-09T00:49:20,movimiento,5,1,15.0
2025-02-09T00:49:20,movimiento,6,1,16.0
2025-02-09T00:49:20,huella,1,1,1.0
2025-02-09T00:49:20,huella,2,1,1.0
2025-02-09T00:49:20,huella,3,1,0.0
2025-02-09T00:49:20,huella,4,1,3.0
2025-02-09T00:49:20,huella,5,1,0.0
2025-02-09T00:49:20,huella,6,1,2.0
2025-02-09T00:50:00,luz,1,1,2.28
2025-02-09T00:50:00,luz,1,2,1.83
2025-02-09T00:50:00,luz,1,3,1.87
2025-02-09T00:50:00,luz,1,4,2.31
2025-02-09T00:50:00,luz,1,5,2.86
2025-02-09T00:50:00,luz,1,6,1.75
2025-02-09T00:50:00,luz,1,7,2.18
2025-02-09T00:50:00,luz,2,1,2.24
2025-02-09T00:50:00,luz,2,2,1.5
2025-02-09T00:50:00,luz,2,3,2.55
2025-02-09T00:50:00,luz,2,4,1.74
2025-02-09T00:50:00,luz,2,5,1.58
2025-02-09T00:50:00,luz,2,6,2.53
2025-02-09T00:50:00,luz,2,7,0.84
2025-02-09T00:50:00,luz,3,1,1.56
2025-02-09T00:50:00,luz,3,2,2.26
2025-02-09T00:50:00,luz,3,3,2.06
2025-02-09T00:50:00,luz,3,4,1.3
2025-02-09T00:50:00,luz,3,5,1.12
2025-02-09T00:50:00,luz,3,6,2.01
2025-02-09T00:50:00,luz,3,7,0.6
2025-02-09T00:50:00,luz,4,1,2.39
2025-02-09T00:50:00,luz,4,2,1.16
2025-02-09T00:50:00,luz,4,3,1.57
2025-02-09T00:50:00,luz,4,4,2.03
2025-02-09T00:50:00,luz,4,5,0.8
2025-02-09T00:50:00,luz,4,6,2.45
2025-02-09T00:50:00,luz,4,7,2.51
2025-02-09T00:50:00,luz,5,1,2.07
2025-02-09T00:50:00,luz,5,2,1.94
2025-02-09T00:50:00,luz,5,3,1.93
2025-02-09T00:50:00,luz,5,4,1.42
2025-02-09T00:50:00,luz,5,5,1.58
2025-02-09T00:50:00,luz,5,6,2.6
2025-02-09T00:50:00,luz,5,7,2.18
2025-02-09T00:50:00,luz,6,1,1.02
2025-02-09T00:50:00,luz,6,2,1.34
2025-02-09T00:50:00,luz,6,3,1.12
2025-02-09T00:50:00,luz,6,4,1.0
2025-02-09T00:50:00,luz,6,5,2.31
2025-02-09T00:50:00,luz,6,6,2.25
2025-02-09T00:50:00,luz,6,7,0.78
2025-02-09T00:50:00,agua,1,1,1.25
2025-02-09T00:50:00,agua,1,2,0.34
2025-02-09T00:50:00,agua,1,3,2.26
2025-02-09T00:50:00,agua,1,4,2.21
2025-02-09T00:50:00,agua,1,5,0.61
2025-02-09T00:50:00,agua,1,6,0.65
2025-02-09T00:50:00,agua,1,7,0.99
2025-02-09T00:50:00,agua,2,1,0.21
2025-02-09T00:50:00,agua,2,2,2.24
2025-02-09T00:50:00,agua,2,3,1.5
2025-02-09T00:50:00,agua,2,4,1.76
2025-02-09T00:50:00,agua,2,5,2.44
2025-02-09T00:50:00,agua,2,6,1.2
2025-02-09T00:50:00,agua,2,7,1.99
2025-02-09T00:50:00,agua,3,1,0.57
2025-02-09T00:50:00,agua,3,2,2.05
2025-02-09T00:50:00,agua,3,3,2.13
2025-02-09T00:50:00,agua,3,4,0.23
2025-02-09T00:50:00,agua,3,5,1.36
2025-02-09T00:50:00,agua,3,6,1.65
2025-02-09T00:50:00,agua,3,7,1.0
2025-02-09T00:50:00,agua,4,1,1.48
2025-02-09T00:50:00,agua,4,2,2.06
2025-02-09T00:50:00,agua,4,3,0.99
2025-02-09T00:50:00,agua,4,4,0.73
2025-02-09T00:50:00,agua,4,5,1.15
2025-02-09T00:50:00,agua,4,6,1.81
2025-02-09T00:50:00,agua,4,7,1.12
2025-02-09T00:50:00,agua,5,1,0.44
2025-02-09T00:50:00,agua,5,2,2.99
2025-02-09T00:50:00,agua,5,3,2.01
2025-02-09T00:50:00,agua,5,4,0.33
2025-02-09T00:50:00,agua,5,5,1.29
2025-02-09T00:50:00,agua,5,6,1.09
2025-02-09T00:50:00,agua,5,7,0.25
2025-02-09T00:50:00,agua,6,1,2.97
2025-02-09T00:50:00,agua,6,2,1.9
2025-02-09T00:50:00,agua,6,3,2.55
2025-02-09T00:50:00,agua,6,4,0.99
2025-02-09T00:50:00,agua,6,5,1.83
2025-02-09T00:50:00,agua,6,6,2.42
2025-02-09T00:50:00,agua,6,7,0.86
2025-02-09T00:50:00,gas,1,1,1.85
2025-02-09T00:50:00,gas,1,2,1.0
2025-02-09T00:50:00,gas,1,3,1.54
2025-02-09T00:50:00,gas,2,1,0.2
2025-02-09T00:50:00,gas,2,2,0.97
2025-02-09T00:50:00,gas,2,3,1.3
2025-02-09T00:50:00,gas,3,1,1.31
2025-02-09T00:50:00,gas,3,2,0.83
2025-02-09T00:50:00,gas,3,3,1.05
2025-02-09T00:50:00,gas,4,1,1.1
2025-02-09T00:50:00,gas,4,2,1.95
2025-02-09T00:50:00,gas,4,3,0.8
2025-02-09T00:50:00,temperatura,1,1,28.2
2025-02-09T00:50:00,temperatura,2,1,23.7
2025-02-09T00:50:00,temperatura,3,1,29.9
2025-02-09T00:50:00,temperatura,4,1,23.0
2025-02-09T00:50:00,temperatura,5,1,25.2
2025-02-09T00:50:00,temperatura,6,1,21.8
2025-02-09T00:50:00,movimiento,1,1,9.0
2025-02-09T00:50:00,movimiento,2,1,7.0
2025-02-09T00:50:00,movimiento,3,1,14.0
2025-02-09T00:50:00,movimiento,4,1,11.0
2025-02-09T00:50:00,movimiento,5,1,7.0
2025-02-09T00:50:00,movimiento,6,1,15.0
2025-02-09T00:50:00,huella,1,1,3.0
2025-02-09T00:50:00,huella,2,1,1.0
2025-02-09T00:50:00,huella,3,1,0.0
2025-02-09T00:50:00,huella,4,1,2.0
2025-02-09T00:50:00,huella,5,1,2.0
2025-02-09T00:50:00,huella,6,1,0.0
2025-02-09T00:50:40,luz,1,1,2.82
2025-02-09T00:50:40,luz,1,2,1.75
2025-02-09T00:50:40,luz,1,3,1.95
2025-02-09T00:50:40,luz,1,4,2.55
2025-02-09T00:50:40,luz,1,5,1.27
2025-02-09T00:50:40,luz,1,6,1.34
2025-02-09T00:50:40,luz,1,7,2.75
2025-02-09T00:50:40,luz,2,1,0.95
2025-02-09T00:50:40,luz,2,2,0.62
2025-02-09T00:50:40,luz,2,3,2.89
2025-02-09T00:50:40,luz,2,4,0.87
2025-02-09T00:50:40,luz,2,5,1.41
2025-02-09T00:50:40,luz,2,6,0.84
2025-02-09T00:50:40,luz,2,7,2.58
2025-02-09T00:50:40,luz,3,1,0.94
2025-02-09T00:50:40,luz,3,2,2.06
2025-02-09T00:50:40,luz,3,3,1.7
2025-02-09T00:50:40,luz,3,4,1.57
2025-02-09T00:50:40,luz,3,5,0.69
2025-02-09T00:50:40,luz,3,6,2.97
2025-02-09T00:50:40,luz,3,7,2.56
2025-02-09T00:50:40,luz,4,1,1.78
2025-02-09T00:50:40,luz,4,2,1.79
2025-02-09T00:50:40,luz,4,3,1.71
2025-02-09T00:50:40,luz,4,4,2.41
2025-02-09T00:50:40,luz,4,5,2.12
2025-02-09T00:50:40,luz,4,6,2.17
2025-02-09T00:50:40,luz,4,7,0.65
2025-02-09T00:50:40,luz,5,1,2.3
2025-02-09T00:50:40,luz,5,2,2.77
2025-02-09T00:50:40,luz,5,3,0.97
2025-02-09T00:50:40,luz,5,4,2.02
2025-02-09T00:50:40,luz,5,5,1.68
2025-02-09T00:50:40,luz,5,6,0.76
2025-02-09T00:50:40,luz,5,7,2.98
2025-02-09T00:50:40,luz,6,1,2.48
2025-02-09T00:50:40,luz,6,2,2.36
2025-02-09T00:50:40,luz,6,3,2.69
2025-02-09T00:50:40,luz,6,4,0.52
2025-02-09T00:50:40,luz,6,5,1.79
2025-02-09T00:50:40,luz,6,6,1.86
2025-02-09T00:50:40,luz,6,7,2.98
2025-02-09T00:50:40,agua,1,1,2.58
2025-02-09T00:50:40,agua,1,2,1.64
2025-02-09T00:50:40,agua,1,3,1.62
2025-02-09T00:50:40,agua,1,4,0.34
2025-02-09T00:50:40,agua,1,5,0.95
2025-02-09T00:50:40,agua,1,6,2.2
2025-02-09T00:50:40,agua,1,7,2.1
2025-02-09T00:50:40,agua,2,1,0.25
2025-02-09T00:50:40,agua,2,2,2.72
2025-02-09T00:50:40,agua,2,3,2.76
2025-02-09T00:50:40,agua,2,4,2.85
2025-02-09T00:50:40,agua,2,5,0.53
2025-02-09T00:50:40,agua,2,6,0.7
2025-02-09T00:50:40,agua,2,7,2.39
2025-02-09T00:50:40,agua,3,1,0.23
2025-02-09T00:50:40,agua,3,2,1.08
2025-02-09T00:50:40,agua,3,3,1.95
2025-02-09T00:50:40,agua,3,4,0.33
2025-02-09T00:50:40,agua,3,5,0.06
2025-02-09T00:50:40,agua,3,6,2.84
2025-02-09T00:50:40,agua,3,7,1.36
2025-02-09T00:50:40,agua,4,1,2.82
2025-02-09T00:50:40,agua,4,2,1.37
2025-02-09T00:50:40,agua,4,3,1.84
2025-02-09T00:50:40,agua,4,4,1.48
2025-02-09T00:50:40,agua,4,5,0.27
2025-02-09T00:50:40,agua,4,6,2.76
2025-02-09T00:50:40,agua,4,7,2.14
2025-02-09T00:50:40,agua,5,1,0.34
2025-02-09T00:50:40,agua,5,2,1.31
2025-02-09T00:50:40,agua,5,3,0.54
2025-02-09T00:50:40,agua,5,4,0.49
2025-02-09T00:50:40,agua,5,5,0.4
2025-02-09T00:50:40,agua,5,6,1.56
2025-02-09T00:50:40,agua,5,7,1.09
2025-02-09T00:50:40,agua,6,1,0.21
2025-02-09T00:50:40,agua,6,2,0.71
2025-02-09T00:50:40,agua,6,3,0.22
2025-02-09T00:50:40,agua,6,4,2.07
2025-02-09T00:50:40,agua,6,5,2.02
2025-02-09T00:50:40,agua,6,6,0.71
2025-02-09T00:50:40,agua,6,7,2.36
2025-02-09T00:50:40,gas,1,1,0.42
2025-02-09T00:50:40,gas,1,2,1.72
2025-02-09T00:50:40,gas,1,3,1.12
2025-02-09T00:50:40,gas,2,1,0.76
2025-02-09T00:50:40,gas,2,2,1.89
2025-02-09T00:50:40,gas,2,3,1.79
2025-02-09T00:50:40,gas,3,1,1.54
2025-02-09T00:50:40,gas,3,2,0.89
2025-02-09T00:50:40,gas,3,3,1.16
2025-02-09T00:50:40,gas,4,1,0.71
2025-02-09T00:50:40,gas,4,2,1.2
2025-02-09T00:50:40,gas,4,3,1.12
2025-02-09T00:50:40,temperatura,1,1,25.0
2025-02-09T00:50:40,temperatura,2,1,21.6
2025-02-09T00:50:40,temperatura,3,1,27.5
2025-02-09T00:50:40,temperatura,4,1,20.6
2025-02-09T00:50:40,temperatura,5,1,28.3
2025-02-09T00:50:40,temperatura,6,1,25.6
2025-02-09T00:50:40,movimiento,1,1,10.0
2025-02-09T00:50:40,movimiento,2,1,18.0
2025-02-09T00:50:40,movimiento,3,1,13.0
2025-02-09T00:50:40,movimiento,4,1,16.0
2025-02-09T00:50:40,movimiento,5,1,10.0
2025-02-09T00:50:40,movimiento,6,1,15.0
2025-02-09T00:50:40,huella,1,1,0.0
2025-02-09T00:50:40,huella,2,1,1.0
2025-02-09T00:50:40,huella,3,1,0.0
2025-02-09T00:50:40,huella,4,1,1.0
2025-02-09T00:50:40,huella,5,1,2.0
2025-02-09T00:50:40,huella,6,1,0.0
2025-02-09T00:51:20,luz,1,1,1.87
2025-02-09T00:51:20,luz,1,2,1.75
2025-02-09T00:51:20,luz,1,3,1.84
2025-02-09T00:51:20,luz,1,4,0.58
2025-02-09T00:51:20,luz,1,5,1.31
2025-02-09T00:51:20,luz,1,6,1.55
2025-02-09T00:51:20,luz,1,7,2.19
2025-02-09T00:51:20,luz,2,1,0.81
2025-02-09T00:51:20,luz,2,2,0.9
2025-02-09T00:51:20,luz,2,3,2.36
2025-02-09T00:51:20,luz,2,4,0.77
2025-02-09T00:51:20,luz,2,5,1.88
2025-02-09T00:51:20,luz,2,6,1.63
2025-02-09T00:51:20,luz,2,7,2.64
2025-02-09T00:51:20,luz,3,1,2.6
2025-02-09T00:51:20,luz,3,2,2.24
2025-02-09T00:51:20,luz,3,3,1.95
2025-02-09T00:51:20,luz,3,4,2.73
2025-02-09T00:51:20,luz,3,5,0.98
2025-02-09T00:51:20,luz,3,6,2.35
2025-02-09T00:51:20,luz,3,7,0.52
2025-02-09T00:51:20,luz,4,1,2.12
2025-02-09T00:51:20,luz,4,2,2.28
2025-02-09T00:51:20,luz,4,3,0.84
2025-02-09T00:51:20,luz,4,4,2.51
2025-02-09T00:51:20,luz,4,5,1.45
2025-02-09T00:51:20,luz,4,6,1.69
2025-02-09T00:51:20,luz,4,7,2.23
2025-02-09T00:51:20,luz,5,1,2.87
2025-02-09T00:51:20,luz,5,2,1.38
2025-02-09T00:51:20,luz,5,3,1.63
2025-02-09T00:51:20,luz,5,4,2.7
2025-02-09T00:51:20,luz,5,5,2.38
2025-02-09T00:51:20,luz,5,6,2.73
2025-02-09T00:51:20,luz,5,7,0.58
2025-02-09T00:51:20,luz,6,1,1.07
2025-02-09T00:51:20,luz,6,2,2.11
2025-02-09T00:51:20,luz,6,3,1.34
2025-02-09T00:51:20,luz,6,4,2.64
2025-02-09T00:51:20,luz,6,5,1.79
2025-02-09T00:51:20,luz,6,6,0.59
2025-02-09T00:51:20,luz,6,7,0.64
2025-02-09T00:51:20,agua,1,1,2.91
2025-02-09T00:51:20,agua,1,2,0.48
2025-02-09T00:51:20,agua,1,3,2.42
2025-02-09T00:51:20,agua,1,4,1.08
2025-02-09T00:51:20,agua,1,5,0.19
2025-02-09T00:51:20,agua,1,6,2.44
2025-02-09T00:51:20,agua,1,7,1.08
2025-02-09T00:51:20,agua,2,1,2.16
2025-02-09T00:51:20,agua,2,2,0.45
2025-02-09T00:51:20,agua,2,3,1.33
2025-02-09T00:51:20,agua,2,4,0.91
2025-02-09T00:51:20,agua,2,5,0.45
2025-02-09T00:51:20,agua,2,6,1.49
2025-02-09T00:51:20,agua,2,7,1.48
2025-02-09T00:51:20,agua,3,1,1.21
2025-02-09T00:51:20,agua,3,2,2.38
2025-02-09T00:51:20,agua,3,3,2.78
2025-02-09T00:51:20,agua,3,4,1.09
2025-02-09T00:51:20,agua,3,5,0.67
2025-02-09T00:51:20,agua,3,6,2.33
2025-02-09T00:51:20,agua,3,7,0.62
2025-02-09T00:51:20,agua,4,1,1.09
2025-02-09T00:51:20,agua,4,2,2.35
2025-02-09T00:51:20,agua,4,3,2.48
2025-02-09T00:51:20,agua,4,4,0.29
2025-02-09T00:51:20,agua,4,5,2.77
2025-02-09T00:51:20,agua,4,6,1.61
2025-02-09T00:51:20,agua,4,7,0.44
2025-02-09T00:51:20,agua,5,1,1.08
2025-02-09T00:51:20,agua,5,2,2.5
2025-02-09T00:51:20,agua,5,3,1.25
2025-02-09T00:51:20,agua,5,4,2.45
2025-02-09T00:51:20,agua,5,5,0.59
2025-02-09T00:51:20,agua,5,6,0.36
2025-02-09T00:51:20,agua,5,7,0.3
2025-02-09T00:51:20,agua,6,1,1.22
2025-02-09T00:51:20,agua,6,2,0.42
2025-02-09T00:51:20,agua,6,3,1.42
2025-02-09T00:51:20,agua,6,4,2.52
2025-02-09T00:51:20,agua,6,5,0.13
2025-02-09T00:51:20,agua,6,6,0.17
2025-02-09T00:51:20,agua,6,7,0.96
2025-02-09T00:51:20,gas,1,1,0.55
2025-02-09T00:51:20,gas,1,2,0.68
2025-02-09T00:51:20,gas,1,3,0.92
2025-02-09T00:51:20,gas,2,1,1.92
2025-02-09T00:51:20,gas,2,2,1.04
2025-02-09T00:51:20,gas,2,3,0.3
2025-02-09T00:51:20,gas,3,1,0.43
2025-02-09T00:51:20,gas,3,2,0.04
2025-02-09T00:51:20,gas,3,3,1.13
2025-02-09T00:51:20,gas,4,1,0.66
2025-02-09T00:51:20,gas,4,2,1.83
2025-02-09T00:51:20,gas,4,3,0.23
2025-02-09T00:51:20,temperatura,1,1,20.6
2025-02-09T00:51:20,temperatura,2,1,29.0
2025-02-09T00:51:20,temperatura,3,1,28.0
2025-02-09T00:51:20,temperatura,4,1,23.8
2025-02-09T00:51:20,temperatura,5,1,28.9
2025-02-09T00:51:20,temperatura,6,1,24.2
2025-02-09T00:51:20,movimiento,1,1,18.0
2025-02-09T00:51:20,movimiento,2,1,10.0
2025-02-09T00:51:20,movimiento,3,1,5.0
2025-02-09T00:51:20,movimiento,4,1,8.0
2025-02-09T00:51:20,movimiento,5,1,19.0
2025-02-09T00:51:20,movimiento,6,1,18.0
2025-02-09T00:51:20,huella,1,1,2.0
2025-02-09T00:51:20,huella,2,1,2.0
2025-02-09T00:51:20,huella,3,1,2.0
2025-02-09T00:51:20,huella,4,1,1.0
2025-02-09T00:51:20,huella,5,1,0.0
2025-02-09T00:51:20,huella,6,1,2.0
2025-02-09T00:52:00,luz,1,1,2.13
2025-02-09T00:52:00,luz,1,2,0.6
2025-02-09T00:52:00,luz,1,3,1.06
2025-02-09T00:52:00,luz,1,4,1.2
2025-02-09T00:52:00,luz,1,5,0.58
2025-02-09T00:52:00,luz,1,6,1.62
2025-02-09T00:52:00,luz,1,7,1.03
2025-02-09T00:52:00,luz,2,1,1.62
2025-02-09T00:52:00,luz,2,2,1.95
2025-02-09T00:52:00,luz,2,3,1.7
2025-02-09T00:52:00,luz,2,4,1.95
2025-02-09T00:52:00,luz,2,5,1.28
2025-02-09T00:52:00,luz,2,6,2.41
2025-02-09T00:52:00,luz,2,7,2.82
2025-02-09T00:52:00,luz,3,1,0.65
2025-02-09T00:52:00,luz,3,2,1.26
2025-02-09T00:52:00,luz,3,3,1.86
2025-02-09T00:52:00,luz,3,4,2.09
2025-02-09T00:52:00,luz,3,5,0.99
2025-02-09T00:52:00,luz,3,6,2.42
2025-02-09T00:52:00,luz,3,7,2.91
2025-02-09T00:52:00,luz,4,1,1.16
2025-02-09T00:52:00,luz,4,2,2.41
2025-02-09T00:52:00,luz,4,3,0.84
2025-02-09T00:52:00,luz,4,4,1.72
2025-02-09T00:52:00,luz,4,5,1.68
2025-02-09T00:52:00,luz,4,6,1.76
2025-02-09T00:52:00,luz,4,7,2.6
2025-02-09T00:52:00,luz,5,1,2.04
2025-02-09T00:52:00,luz,5,2,1.17
2025-02-09T00:52:00,luz,5,3,2.76
2025-02-09T00:52:00,luz,5,4,1.83
2025-02-09T00:52:00,luz,5,5,2.1
2025-02-09T00:52:00,luz,5,6,1.35
2025-02-09T00:52:00,luz,5,7,1.26
2025-02-09T00:52:00,luz,6,1,2.61
2025-02-09T00:52:00,luz,6,2,1.06
2025-02-09T00:52:00,luz,6,3,1.12
2025-02-09T00:52:00,luz,6,4,1.59
2025-02-09T00:52:00,luz,6,5,2.56
2025-02-09T00:52:00,luz,6,6,0.87
2025-02-09T00:52:00,luz,6,7,0.72
2025-02-09T00:52:00,agua,1,1,2.49
2025-02-09T00:52:00,agua,1,2,1.39
2025-02-09T00:52:00,agua,1,3,2.96
2025-02-09T00:52:00,agua,1,4,0.38
2025-02-09T00:52:00,agua,1,5,0.36
2025-02-09T00:52:00,agua,1,6,0.55
2025-02-09T00:52:00,agua,1,7,1.14
2025-02-09T00:52:00,agua,2,1,0.89
2025-02-09T00:52:00,agua,2,2,2.69
2025-02-09T00:52:00,agua,2,3,1.27
2025-02-09T00:52:00,agua,2,4,1.3
2025-02-09T00:52:00,agua,2,5,2.57
2025-02-09T00:52:00,agua,2,6,2.98
2025-02-09T00:52:00,agua,2,7,0.09
2025-02-09T00:52:00,agua,3,1,2.46
2025-02-09T00:52:00,agua,3,2,1.68
2025-02-09T00:52:00,agua,3,3,2.49
2025-02-09T00:52:00,agua,3,4,2.31
2025-02-09T00:52:00,agua,3,5,1.76
2025-02-09T00:52:00,agua,3,6,1.08
2025-02-09T00:52:00,agua,3,7,0.61
2025-02-09T00:52:00,agua,4,1,2.04
2025-02-09T00:52:00,agua,4,2,2.16
2025-02-09T00:52:00,agua,4,3,2.6
2025-02-09T00:52:00,agua,4,4,2.67
2025-02-09T00:52:00,agua,4,5,1.67
2025-02-09T00:52:00,agua,4,6,1.84
2025-02-09T00:52:00,agua,4,7,2.48
2025-02-09T00:52:00,agua,5,1,0.4
2025-02-09T00:52:00,agua,5,2,0.24
2025-02-09T00:52:00,agua,5,3,1.73
2025-02-09T00:52:00,agua,5,4,0.96
2025-02-09T00:52:00,agua,5,5,1.85
2025-02-09T00:52:00,agua,5,6,2.91
2025-02-09T00:52:00,agua,5,7,2.76
2025-02-09T00:52:00,agua,6,1,0.36
2025-02-09T00:52:00,agua,6,2,0.24
2025-02-09T00:52:00,agua,6,3,1.3
2025-02-09T00:52:00,agua,6,4,1.7
2025-02-09T00:52:00,agua,6,5,1.4
2025-02-09T00:52:00,agua,6,6,0.74
2025-02-09T00:52:00,agua,6,7,2.21
2025-02-09T00:52:00,gas,1,1,2.0
2025-02-09T00:52:00,gas,1,2,1.03
2025-02-09T00:52:00,gas,1,3,1.29
2025-02-09T00:52:00,gas,2,1,0.27
2025-02-09T00:52:00,gas,2,2,0.95
2025-02-09T00:52:00,gas,2,3,0.93
2025-02-09T00:52:00,gas,3,1,0.13
2025-02-09T00:52:00,gas,3,2,1.9
2025-02-09T00:52:00,gas,3,3,1.68
2025-02-09T00:52:00,gas,4,1,1.35
2025-02-09T00:52:00,gas,4,2,1.46
2025-02-09T00:52:00,gas,4,3,1.77
2025-02-09T00:52:00,temperatura,1,1,23.4
2025-02-09T00:52:00,temperatura,2,1,28.7
2025-02-09T00:52:00,temperatura,3,1,24.7
2025-02-09T00:52:00,temperatura,4,1,24.3
2025-02-09T00:52:00,temperatura,5,1,26.9
2025-02-09T00:52:00,temperatura,6,1,23.5
2025-02-09T00:52:00,movimiento,1,1,15.0
2025-02-09T00:52:00,movimiento,2,1,12.0
2025-02-09T00:52:00,movimiento,3,1,13.0
2025-02-09T00:52:00,movimiento,4,1,5.0
2025-02-09T00:52:00,movimiento,5,1,12.0
2025-02-09T00:52:00,movimiento,6,1,10.0
2025-02-09T00:52:00,huella,1,1,2.0
2025-02-09T00:52:00,huella,2,1,2.0
2025-02-09T00:52:00,huella,3,1,1.0
2025-02-09T00:52:00,huella,4,1,0.0
2025-02-09T00:52:00,huella,5,1,0.0
2025-02-09T00:52:00,huella,6,1,0.0
2025-02-09T00:52:40,luz,1,1,1.28
2025-02-09T00:52:40,luz,1,2,0.66
2025-02-09T00:52:40,luz,1,3,1.99
2025-02-09T00:52:40,luz,1,4,2.38
2025-02-09T00:52:40,luz,1,5,2.88
2025-02-09T00:52:40,luz,1,6,1.94
2025-02-09T00:52:40,luz,1,7,1.49
2025-02-09T00:52:40,luz,2,1,0.64
2025-02-09T00:52:40,luz,2,2,0.8
2025-02-09T00:52:40,luz,2,3,2.1
2025-02-09T00:52:40,luz,2,4,1.15
2025-02-09T00:52:40,luz,2,5,1.83
2025-02-09T00:52:40,luz,2,6,0.84
2025-02-09T00:52:40,luz,2,7,1.65
2025-02-09T00:52:40,luz,3,1,1.14
2025-02-09T00:52:40,luz,3,2,2.52
2025-02-09T00:52:40,luz,3,3,2.22
2025-02-09T00:52:40,luz,3,4,1.91
2025-02-09T00:52:40,luz,3,5,1.22
2025-02-09T00:52:40,luz,3,6,0.93
2025-02-09T00:52:40,luz,3,7,1.49
2025-02-09T00:52:40,luz,4,1,0.62
2025-02-09T00:52:40,luz,4,2,2.46
2025-02-09T00:52:40,luz,4,3,1.49
2025-02-09T00:52:40,luz,4,4,2.14
2025-02-09T00:52:40,luz,4,5,2.88
2025-02-09T00:52:40,luz,4,6,2.15
2025-02-09T00:52:40,luz,4,7,1.24
2025-02-09T00:52:40,luz,5,1,0.73
2025-02-09T00:52:40,luz,5,2,2.65
2025-02-09T00:52:40,luz,5,3,0.59
2025-02-09T00:52:40,luz,5,4,2.18
2025-02-09T00:52:40,luz,5,5,1.1
2025-02-09T00:52:40,luz,5,6,2.42
2025-02-09T00:52:40,luz,5,7,2.42
2025-02-09T00:52:40,luz,6,1,2.3
2025-02-09T00:52:40,luz,6,2,2.97
2025-02-09T00:52:40,luz,6,3,0.77
2025-02-09T00:52:40,luz,6,4,1.77
2025-02-09T00:52:40,luz,6,5,2.28
2025-02-09T00:52:40,luz,6,6,2.91
2025-02-09T00:52:40,luz,6,7,0.86
2025-02-09T00:52:40,agua,1,1,0.8
2025-02-09T00:52:40,agua,1,2,2.6
2025-02-09T00:52:40,agua,1,3,0.29
2025-02-09T00:52:40,agua,1,4,2.99
2025-02-09T00:52:40,agua,1,5,0.96
2025-02-09T00:52:40,agua,1,6,2.63
2025-02-09T00:52:40,agua,1,7,3.0
2025-02-09T00:52:40,agua,2,1,1.1
2025-02-09T00:52:40,agua,2,2,1.56
2025-02-09T00:52:40,agua,2,3,0.39
2025-02-09T00:52:40,agua,2,4,0.93
2025-02-09T00:52:40,agua,2,5,0.32
2025-02-09T00:52:40,agua,2,6,0.08
2025-02-09T00:52:40,agua,2,7,1.65
2025-02-09T00:52:40,agua,3,1,0.57
2025-02-09T00:52:40,agua,3,2,2.98
2025-02-09T00:52:40,agua,3,3,1.85
2025-02-09T00:52:40,agua,3,4,0.62
2025-02-09T00:52:40,agua,3,5,0.11
2025-02-09T00:52:40,agua,3,6,0.45
2025-02-09T00:52:40,agua,3,7,0.01
2025-02-09T00:52:40,agua,4,1,0.35
2025-02-09T00:52:40,agua,4,2,0.35
2025-02-09T00:52:40,agua,4,3,0.41
2025-02-09T00:52:40,agua,4,4,1.33
2025-02-09T00:52:40,agua,4,5,0.67
2025-02-09T00:52:40,agua,4,6,2.53
2025-02-09T00:52:40,agua,4,7,2.93
2025-02-09T00:52:40,agua,5,1,1.22
2025-02-09T00:52:40,agua,5,2,1.28
2025-02-09T00:52:40,agua,5,3,2.43
2025-02-09T00:52:40,agua,5,4,1.73
2025-02-09T00:52:40,agua,5,5,2.4
2025-02-09T00:52:40,agua,5,6,1.34
2025-02-09T00:52:40,agua,5,7,0.28
2025-02-09T00:52:40,agua,6,1,0.74
2025-02-09T00:52:40,agua,6,2,2.36
2025-02-09T00:52:40,agua,6,3,2.7
2025-02-09T00:52:40,agua,6,4,0.14
2025-02-09T00:52:40,agua,6,5,1.6
2025-02-09T00:52:40,agua,6,6,2.94
2025-02-09T00:52:40,agua,6,7,0.14
2025-02-09T00:52:40,gas,1,1,0.5
2025-02-09T00:52:40,gas,1,2,0.57
2025-02-09T00:52:40,gas,1,3,1.2
2025-02-09T00:52:40,gas,2,1,1.44
2025-02-09T00:52:40,gas,2,2,0.22
2025-02-09T00:52:40,gas,2,3,1.67
2025-02-09T00:52:40,gas,3,1,0.6
2025-02-09T00:52:40,gas,3,2,1.5
2025-02-09T00:52:40,gas,3,3,1.04
2025-02-09T00:52:40,gas,4,1,0.04
2025-02-09T00:52:40,gas,4,2,0.42
2025-02-09T00:52:40,gas,4,3,1.59
2025-02-09T00:52:40,temperatura,1,1,29.6
2025-02-09T00:52:40,temperatura,2,1,23.5
2025-02-09T00:52:40,temperatura,3,1,20.2
2025-02-09T00:52:40,temperatura,4,1,28.0
2025-02-09T00:52:40,temperatura,5,1,25.0
2025-02-09T00:52:40,temperatura,6,1,20.1
2025-02-09T00:52:40,movimiento,1,1,5.0
2025-02-09T00:52:40,movimiento,2,1,17.0
2025-02-09T00:52:40,movimiento,3,1,15.0
2025-02-09T00:52:40,movimiento,4,1,12.0
2025-02-09T00:52:40,movimiento,5,1,5.0
2025-02-09T00:52:40,movimiento,6,1,20.0
2025-02-09T00:52:40,huella,1,1,3.0
2025-02-09T00:52:40,huella,2,1,1.0
2025-02-09T00:52:40,huella,3,1,0.0
2025-02-09T00:52:40,huella,4,1,2.0
2025-02-09T00:52:40,huella,5,1,1.0
2025-02-09T00:52:40,huella,6,1,0.0
2025-02-09T00:53:20,luz,1,1,1.34
2025-02-09T00:53:20,luz,1,2,1.09
2025-02-09T00:53:20,luz,1,3,1.2
2025-02-09T00:53:20,luz,1,4,1.28
2025-02-09T00:53:20,luz,1,5,2.14
2025-02-09T00:53:20,luz,1,6,1.1
2025-02-09T00:53:20,luz,1,7,1.49
2025-02-09T00:53:20,luz,2,1,1.57
2025-02-09T00:53:20,luz,2,2,2.81
2025-02-09T00:53:20,luz,2,3,2.5
2025-02-09T00:53:20,luz,2,4,0.7
2025-02-09T00:53:20,luz,2,5,1.48
2025-02-09T00:53:20,luz,2,6,1.5
2025-02-09T00:53:20,luz,2,7,0.75
2025-02-09T00:53:20,luz,3,1,0.64
2025-02-09T00:53:20,luz,3,2,0.59
2025-02-09T00:53:20,luz,3,3,2.44
2025-02-09T00:53:20,luz,3,4,0.85
2025-02-09T00:53:20,luz,3,5,2.37
2025-02-09T00:53:20,luz,3,6,2.2
2025-02-09T00:53:20,luz,3,7,0.6
2025-02-09T00:53:20,luz,4,1,2.27
2025-02-09T00:53:20,luz,4,2,1.74
2025-02-09T00:53:20,luz,4,3,2.01
2025-02-09T00:53:20,luz,4,4,2.35
2025-02-09T00:53:20,luz,4,5,0.65
2025-02-09T00:53:20,luz,4,6,1.95
2025-02-09T00:53:20,luz,4,7,2.01
2025-02-09T00:53:20,luz,5,1,2.86
2025-02-09T00:53:20,luz,5,2,0.82
2025-02-09T00:53:20,luz,5,3,1.59
2025-02-09T00:53:20,luz,5,4,0.82
2025-02-09T00:53:20,luz,5,5,0.76
2025-02-09T00:53:20,luz,5,6,2.22
2025-02-09T00:53:20,luz,5,7,1.59
2025-02-09T00:53:20,luz,6,1,2.01
2025-02-09T00:53:20,luz,6,2,2.02
2025-02-09T00:53:20,luz,6,3,2.48
2025-02-09T00:53:20,luz,6,4,0.7
2025-02-09T00:53:20,luz,6,5,2.18
2025-02-09T00:53:20,luz,6,6,0.95
2025-02-09T00:53:20,luz,6,7,1.58
2025-02-09T00:53:20,agua,1,1,1.89
2025-02-09T00:53:20,agua,1,2,2.12
2025-02-09T00:53:20,agua,1,3,0.15
2025-02-09T00:53:20,agua,1,4,1.97
2025-02-09T00:53:20,agua,1,5,1.04
2025-02-09T00:53:20,agua,1,6,2.91
2025-02-09T00:53:20,agua,1,7,2.39
2025-02-09T00:53:20,agua,2,1,0.41
2025-02-09T00:53:20,agua,2,2,0.3
2025-02-09T00:53:20,agua,2,3,2.12
2025-02-09T00:53:20,agua,2,4,2.19
2025-02-09T00:53:20,agua,2,5,2.1
2025-02-09T00:53:20,agua,2,6,2.21
2025-02-09T00:53:20,agua,2,7,0.62
2025-02-09T00:53:20,agua,3,1,1.52
2025-02-09T00:53:20,agua,3,2,2.11
2025-02-09T00:53:20,agua,3,3,0.12
2025-02-09T00:53:20,agua,3,4,0.07
2025-02-09T00:53:20,agua,3,5,0.21
2025-02-09T00:53:20,agua,3,6,1.92
2025-02-09T00:53:20,agua,3,7,2.73
2025-02-09T00:53:20,agua,4,1,2.47
2025-02-09T00:53:20,agua,4,2,0.28
2025-02-09T00:53:20,agua,4,3,2.8
2025-02-09T00:53:20,agua,4,4,0.91
2025-02-09T00:53:20,agua,4,5,2.87
2025-02-09T00:53:20,agua,4,6,0.77
2025-02-09T00:53:20,agua,4,7,1.63
2025-02-09T00:53:20,agua,5,1,0.12
2025-02-09T00:53:20,agua,5,2,0.39
2025-02-09T00:53:20,agua,5,3,0.9
2025-02-09T00:53:20,agua,5,4,0.71
2025-02-09T00:53:20,agua,5,5,0.94
2025-02-09T00:53:20,agua,5,6,1.78
2025-02-09T00:53:20,agua,5,7,1.29
2025-02-09T00:53:20,agua,6,1,0.02
2025-02-09T00:53:20,agua,6,2,2.75
2025-02-09T00:53:20,agua,6,3,2.0
2025-02-09T00:53:20,agua,6,4,0.4
2025-02-09T00:53:20,agua,6,5,1.7
2025-02-09T00:53:20,agua,6,6,2.9
2025-02-09T00:53:20,agua,6,7,2.48
2025-02-09T00:53:20,gas,1,1,1.8
2025-02-09T00:53:20,gas,1,2,0.81
2025-02-09T00:53:20,gas,1,3,1.91
2025-02-09T00:53:20,gas,2,1,0.9
2025-02-09T00:53:20,gas,2,2,0.45
2025-02-09T00:53:20,gas,2,3,0.26
2025-02-09T00:53:20,gas,3,1,1.46
2025-02-09T00:53:20,gas,3,2,0.62
2025-02-09T00:53:20,gas,3,3,0.52
2025-02-09T00:53:20,gas,4,1,0.96
2025-02-09T00:53:20,gas,4,2,1.1
2025-02-09T00:53:20,gas,4,3,0.26
2025-02-09T00:53:20,temperatura,1,1,26.7
2025-02-09T00:53:20,temperatura,2,1,28.3
2025-02-09T00:53:20,temperatura,3,1,26.9
2025-02-09T00:53:20,temperatura,4,1,28.5
2025-02-09T00:53:20,temperatura,5,1,26.1
2025-02-09T00:53:20,temperatura,6,1,22.4
2025-02-09T00:53:20,movimiento,1,1,6.0
2025-02-09T00:53:20,movimiento,2,1,19.0
2025-02-09T00:53:20,movimiento,3,1,11.0
2025-02-09T00:53:20,movimiento,4,1,13.0
2025-02-09T00:53:20,movimiento,5,1,6.0
2025-02-09T00:53:20,movimiento,6,1,20.0
2025-02-09T00:53:20,huella,1,1,3.0
2025-02-09T00:53:20,huella,2,1,2.0
2025-02-09T00:53:20,huella,3,1,3.0
2025-02-09T00:53:20,huella,4,1,0.0
2025-02-09T00:53:20,huella,5,1,1.0
2025-02-09T00:53:20,huella,6,1,3.0
2025-02-09T00:54:00,luz,1,1,0.98
2025-02-09T00:54:00,luz,1,2,1.74
2025-02-09T00:54:00,luz,1,3,2.55
2025-02-09T00:54:00,luz,1,4,0.81
2025-02-09T00:54:00,luz,1,5,1.9
2025-02-09T00:54:00,luz,1,6,2.22
2025-02-09T00:54:00,luz,1,7,0.75
2025-02-09T00:54:00,luz,2,1,1.31
2025-02-09T00:54:00,luz,2,2,0.88
2025-02-09T00:54:00,luz,2,3,1.51
2025-02-09T00:54:00,luz,2,4,2.86
2025-02-09T00:54:00,luz,2,5,2.11
2025-02-09T00:54:00,luz,2,6,1.93
2025-02-09T00:54:00,luz,2,7,2.71
2025-02-09T00:54:00,luz,3,1,0.82
2025-02-09T00:54:00,luz,3,2,1.04
2025-02-09T00:54:00,luz,3,3,1.29
2025-02-09T00:54:00,luz,3,4,0.54
2025-02-09T00:54:00,luz,3,5,1.2
2025-02-09T00:54:00,luz,3,6,2.14
2025-02-09T00:54:00,luz,3,7,0.86
2025-02-09T00:54:00,luz,4,1,2.22
2025-02-09T00:54:00,luz,4,2,1.8
2025-02-09T00:54:00,luz,4,3,2.1
2025-02-09T00:54:00,luz,4,4,1.21
2025-02-09T00:54:00,luz,4,5,1.27
2025-02-09T00:54:00,luz,4,6,1.11
2025-02-09T00:54:00,luz,4,7,1.64
2025-02-09T00:54:00,luz,5,1,1.09
2025-02-09T00:54:00,luz,5,2,0.75
2025-02-09T00:54:00,luz,5,3,2.42
2025-02-09T00:54:00,luz,5,4,0.98
2025-02-09T00:54:00,luz,5,5,1.97
2025-02-09T00:54:00,luz,5,6,1.04
2025-02-09T00:54:00,luz,5,7,1.4
2025-02-09T00:54:00,luz,6,1,0.58
2025-02-09T00:54:00,luz,6,2,2.48
2025-02-09T00:54:00,luz,6,3,1.23
2025-02-09T00:54:00,luz,6,4,0.87
2025-02-09T00:54:00,luz,6,5,1.22
2025-02-09T00:54:00,luz,6,6,2.76
2025-02-09T00:54:00,luz,6,7,1.92
2025-02-09T00:54:00,agua,1,1,1.28
2025-02-09T00:54:00,agua,1,2,1.19
2025-02-09T00:54:00,agua,1,3,2.41
2025-02-09T00:54:00,agua,1,4,0.67
2025-02-09T00:54:00,agua,1,5,0.35
2025-02-09T00:54:00,agua,1,6,1.83
2025-02-09T00:54:00,agua,1,7,1.52
2025-02-09T00:54:00,agua,2,1,0.06
2025-02-09T00:54:00,agua,2,2,0.47
2025-02-09T00:54:00,agua,2,3,1.97
2025-02-09T00:54:00,agua,2,4,2.83
2025-02-09T00:54:00,agua,2,5,0.46
2025-02-09T00:54:00,agua,2,6,1.03
2025-02-09T00:54:00,agua,2,7,1.5
2025-02-09T00:54:00,agua,3,1,2.04
2025-02-09T00:54:00,agua,3,2,0.75
2025-02-09T00:54:00,agua,3,3,2.77
2025-02-09T00:54:00,agua,3,4,1.92
2025-02-09T00:54:00,agua,3,5,2.02
2025-02-09T00:54:00,agua,3,6,1.34
2025-02-09T00:54:00,agua,3,7,0.9
2025-02-09T00:54:00,agua,4,1,2.7
2025-02-09T00:54:00,agua,4,2,1.17
2025-02-09T00:54:00,agua,4,3,1.15
2025-02-09T00:54:00,agua,4,4,0.34
2025-02-09T00:54:00,agua,4,5,1.88
2025-02-09T00:54:00,agua,4,6,1.81
2025-02-09T00:54:00,agua,4,7,0.79
2025-02-09T00:54:00,agua,5,1,0.52
2025-02-09T00:54:00,agua,5,2,1.74
2025-02-09T00:54:00,agua,5,3,0.9
2025-02-09T00:54:00,agua,5,4,0.8
2025-02-09T00:54:00,agua,5,5,1.42
2025-02-09T00:54:00,agua,5,6,2.46
2025-02-09T00:54:00,agua,5,7,0.52
2025-02-09T00:54:00,agua,6,1,1.21
2025-02-09T00:54:00,agua,6,2,0.56
2025-02-09T00:54:00,agua,6,3,1.92
2025-02-09T00:54:00,agua,6,4,1.35
2025-02-09T00:54:00,agua,6,5,1.44
2025-02-09T00:54:00,agua,6,6,2.92
2025-02-09T00:54:00,agua,6,7,2.27
2025-02-09T00:54:00,gas,1,1,0.72
2025-02-09T00:54:00,gas,1,2,1.9
2025-02-09T00:54:00,gas,1,3,0.28
2025-02-09T00:54:00,gas,2,1,1.29
2025-02-09T00:54:00,gas,2,2,1.69
2025-02-09T00:54:00,gas,2,3,0.86
2025-02-09T00:54:00,gas,3,1,0.53
2025-02-09T00:54:00,gas,3,2,0.07
2025-02-09T00:54:00,gas,3,3,0.98
2025-02-09T00:54:00,gas,4,1,1.43
2025-02-09T00:54:00,gas,4,2,1.26
2025-02-09T00:54:00,gas,4,3,1.33
2025-02-09T00:54:00,temperatura,1,1,24.9
2025-02-09T00:54:00,temperatura,2,1,22.0
2025-02-09T00:54:00,temperatura,3,1,29.2
2025-02-09T00:54:00,temperatura,4,1,27.4
2025-02-09T00:54:00,temperatura,5,1,25.8
2025-02-09T00:54:00,temperatura,6,1,23.5
2025-02-09T00:54:00,movimiento,1,1,13.0
2025-02-09T00:54:00,movimiento,2,1,7.0
2025-02-09T00:54:00,movimiento,3,1,9.0
2025-02-09T00:54:00,movimiento,4,1,20.0
2025-02-09T00:54:00,movimiento,5,1,14.0
2025-02-09T00:54:00,movimiento,6,1,15.0
2025-02-09T00:54:00,huella,1,1,1.0
2025-02-09T00:54:00,huella,2,1,2.0
2025-02-09T00:54:00,huella,3,1,2.0
2025-02-09T00:54:00,huella,4,1,0.0
2025-02-09T00:54:00,huella,5,1,0.0
2025-02-09T00:54:00,huella,6,1,1.0
2025-02-09T00:54:40,luz,1,1,0.62
2025-02-09T00:54:40,luz,1,2,0.51
2025-02-09T00:54:40,luz,1,3,0.96
2025-02-09T00:54:40,luz,1,4,2.46
2025-02-09T00:54:40,luz,1,5,2.26
2025-02-09T00:54:40,luz,1,6,2.01
2025-02-09T00:54:40,luz,1,7,1.67
2025-02-09T00:54:40,luz,2,1,1.6
2025-02-09T00:54:40,luz,2,2,2.2
2025-02-09T00:54:40,luz,2,3,0.56
2025-02-09T00:54:40,luz,2,4,0.95
2025-02-09T00:54:40,luz,2,5,2.05
2025-02-09T00:54:40,luz,2,6,1.21
2025-02-09T00:54:40,luz,2,7,2.22
2025-02-09T00:54:40,luz,3,1,1.56
2025-02-09T00:54:40,luz,3,2,0.68
2025-02-09T00:54:40,luz,3,3,1.32
2025-02-09T00:54:40,luz,3,4,0.83
2025-02-09T00:54:40,luz,3,5,2.67
2025-02-09T00:54:40,luz,3,6,2.29
2025-02-09T00:54:40,luz,3,7,1.03
2025-02-09T00:54:40,luz,4,1,0.8
2025-02-09T00:54:40,luz,4,2,2.62
2025-02-09T00:54:40,luz,4,3,2.21
2025-02-09T00:54:40,luz,4,4,2.67
2025-02-09T00:54:40,luz,4,5,0.76
2025-02-09T00:54:40,luz,4,6,0.87
2025-02-09T00:54:40,luz,4,7,2.51
2025-02-09T00:54:40,luz,5,1,1.97
2025-02-09T00:54:40,luz,5,2,2.3
2025-02-09T00:54:40,luz,5,3,2.36
2025-02-09T00:54:40,luz,5,4,2.94
2025-02-09T00:54:40,luz,5,5,2.9
2025-02-09T00:54:40,luz,5,6,2.08
2025-02-09T00:54:40,luz,5,7,2.4
2025-02-09T00:54:40,luz,6,1,0.72
2025-02-09T00:54:40,luz,6,2,1.94
2025-02-09T00:54:40,luz,6,3,1.13
2025-02-09T00:54:40,luz,6,4,0.8
2025-02-09T00:54:40,luz,6,5,2.75
2025-02-09T00:54:40,luz,6,6,0.98
2025-02-09T00:54:40,luz,6,7,0.95
2025-02-09T00:54:40,agua,1,1,0.25
2025-02-09T00:54:40,agua,1,2,0.62
2025-02-09T00:54:40,agua,1,3,0.98
2025-02-09T00:54:40,agua,1,4,1.74
2025-02-09T00:54:40,agua,1,5,1.4
2025-02-09T00:54:40,agua,1,6,1.84
2025-02-09T00:54:40,agua,1,7,1.58
2025-02-09T00:54:40,agua,2,1,0.98
2025-02-09T00:54:40,agua,2,2,1.91
2025-02-09T00:54:40,agua,2,3,0.2
2025-02-09T00:54:40,agua,2,4,2.54
2025-02-09T00:54:40,agua,2,5,1.53
2025-02-09T00:54:40,agua,2,6,1.32
2025-02-09T00:54:40,agua,2,7,1.19
2025-02-09T00:54:40,agua,3,1,2.38
2025-02-09T00:54:40,agua,3,2,1.38
2025-02-09T00:54:40,agua,3,3,1.28
2025-02-09T00:54:40,agua,3,4,0.98
2025-02-09T00:54:40,agua,3,5,0.26
2025-02-09T00:54:40,agua,3,6,1.81
2025-02-09T00:54:40,agua,3,7,2.27
2025-02-09T00:54:40,agua,4,1,2.71
2025-02-09T00:54:40,agua,4,2,1.85
2025-02-09T00:54:40,agua,4,3,2.04
2025-02-09T00:54:40,agua,4,4,1.07
2025-02-09T00:54:40,agua,4,5,2.44
2025-02-09T00:54:40,agua,4,6,2.72
2025-02-09T00:54:40,agua,4,7,0.46
2025-02-09T00:54:40,agua,5,1,2.21
2025-02-09T00:54:40,agua,5,2,1.82
2025-02-09T00:54:40,agua,5,3,1.24
2025-02-09T00:54:40,agua,5,4,1.47
2025-02-09T00:54:40,agua,5,5,2.22
2025-02-09T00:54:40,agua,5,6,1.55
2025-02-09T00:54:40,agua,5,7,2.83
2025-02-09T00:54:40,agua,6,1,1.41
2025-02-09T00:54:40,agua,6,2,1.56
2025-02-09T00:54:40,agua,6,3,1.01
2025-02-09T00:54:40,agua,6,4,2.4
2025-02-09T00:54:40,agua,6,5,0.76
2025-02-09T00:54:40,agua,6,6,1.61
2025-02-09T00:54:40,agua,6,7,2.32
2025-02-09T00:54:40,gas,1,1,1.29
2025-02-09T00:54:40,gas,1,2,1.82
2025-02-09T00:54:40,gas,1,3,1.42
2025-02-09T00:54:40,gas,2,1,0.57
2025-02-09T00:54:40,gas,2,2,1.95
2025-02-09T00:54:40,gas,2,3,1.85
2025-02-09T00:54:40,gas,3,1,0.48
2025-02-09T00:54:40,gas,3,2,1.12
2025-02-09T00:54:40,gas,3,3,1.37
2025-02-09T00:54:40,gas,4,1,1.55
2025-02-09T00:54:40,gas,4,2,0.22
2025-02-09T00:54:40,gas,4,3,1.09
2025-02-09T00:54:40,temperatura,1,1,21.3
2025-02-09T00:54:40,temperatura,2,1,27.0
2025-02-09T00:54:40,temperatura,3,1,27.6
2025-02-09T00:54:40,temperatura,4,1,23.8
2025-02-09T00:54:40,temperatura,5,1,26.1
2025-02-09T00:54:40,temperatura,6,1,24.8
2025-02-09T00:54:40,movimiento,1,1,17.0
2025-02-09T00:54:40,movimiento,2,1,18.0
2025-02-09T00:54:40,movimiento,3,1,20.0
2025-02-09T00:54:40,movimiento,4,1,11.0
2025-02-09T00:54:40,movimiento,5,1,5.0
2025-02-09T00:54:40,movimiento,6,1,7.0
2025-02-09T00:54:40,huella,1,1,0.0
2025-02-09T00:54:40,huella,2,1,2.0
2025-02-09T00:54:40,huella,3,1,1.0
2025-02-09T00:54:40,huella,4,1,2.0
2025-02-09T00:54:40,huella,5,1,3.0
2025-02-09T00:54:40,huella,6,1,2.0
2025-02-09T00:55:20,luz,1,1,1.66
2025-02-09T00:55:20,luz,1,2,0.62
2025-02-09T00:55:20,luz,1,3,1.23
2025-02-09T00:55:20,luz,1,4,2.38
2025-02-09T00:55:20,luz,1,5,1.59
2025-02-09T00:55:20,luz,1,6,0.69
2025-02-09T00:55:20,luz,1,7,2.73
2025-02-09T00:55:20,luz,2,1,2.47
2025-02-09T00:55:20,luz,2,2,2.97
2025-02-09T00:55:20,luz,2,3,2.11
2025-02-09T00:55:20,luz,2,4,0.9
2025-02-09T00:55:20,luz,2,5,1.56
2025-02-09T00:55:20,luz,2,6,0.63
2025-02-09T00:55:20,luz,2,7,0.99
2025-02-09T00:55:20,luz,3,1,1.6
2025-02-09T00:55:20,luz,3,2,0.66
2025-02-09T00:55:20,luz,3,3,1.58
2025-02-09T00:55:20,luz,3,4,0.84
2025-02-09T00:55:20,luz,3,5,2.69
2025-02-09T00:55:20,luz,3,6,2.59
2025-02-09T00:55:20,luz,3,7,2.77
2025-02-09T00:55:20,luz,4,1,1.79
2025-02-09T00:55:20,luz,4,2,2.48
2025-02-09T00:55:20,luz,4,3,2.89
2025-02-09T00:55:20,luz,4,4,0.91
2025-02-09T00:55:20,luz,4,5,2.07
2025-02-09T00:55:20,luz,4,6,2.13
2025-02-09T00:55:20,luz,4,7,1.87
2025-02-09T00:55:20,luz,5,1,2.93
2025-02-09T00:55:20,luz,5,2,1.17
2025-02-09T00:55:20,luz,5,3,1.75
2025-02-09T00:55:20,luz,5,4,0.94
2025-02-09T00:55:20,luz,5,5,2.7
2025-02-09T00:55:20,luz,5,6,2.44
2025-02-09T00:55:20,luz,5,7,2.04
2025-02-09T00:55:20,luz,6,1,0.57
2025-02-09T00:55:20,luz,6,2,1.3
2025-02-09T00:55:20,luz,6,3,1.79
2025-02-09T00:55:20,luz,6,4,1.62
2025-02-09T00:55:20,luz,6,5,2.71
2025-02-09T00:55:20,luz,6,6,1.78
2025-02-09T00:55:20,luz,6,7,1.43
2025-02-09T00:55:20,agua,1,1,0.6
2025-02-09T00:55:20,agua,1,2,1.08
2025-02-09T00:55:20,agua,1,3,0.55
2025-02-09T00:55:20,agua,1,4,0.41
2025-02-09T00:55:20,agua,1,5,0.15
2025-02-09T00:55:20,agua,1,6,1.51
2025-02-09T00:55:20,agua,1,7,2.84
2025-02-09T00:55:20,agua,2,1,0.6
2025-02-09T00:55:20,agua,2,2,0.88
2025-02-09T00:55:20,agua,2,3,2.81
2025-02-09T00:55:20,agua,2,4,0.49
2025-02-09T00:55:20,agua,2,5,2.16
2025-02-09T00:55:20,agua,2,6,1.85
2025-02-09T00:55:20,agua,2,7,1.17
2025-02-09T00:55:20,agua,3,1,0.22
2025-02-09T00:55:20,agua,3,2,2.68
2025-02-09T00:55:20,agua,3,3,1.81
2025-02-09T00:55:20,agua,3,4,2.63
2025-02-09T00:55:20,agua,3,5,1.49
2025-02-09T00:55:20,agua,3,6,0.61
2025-02-09T00:55:20,agua,3,7,2.43
2025-02-09T00:55:20,agua,4,1,2.65
2025-02-09T00:55:20,agua,4,2,1.04
2025-02-09T00:55:20,agua,4,3,0.06
2025-02-09T00:55:20,agua,4,4,0.99
2025-02-09T00:55:20,agua,4,5,2.84
2025-02-09T00:55:20,agua,4,6,2.38
2025-02-09T00:55:20,agua,4,7,0.01
2025-02-09T00:55:20,agua,5,1,2.71
2025-02-09T00:55:20,agua,5,2,0.96
2025-02-09T00:55:20,agua,5,3,0.13
2025-02-09T00:55:20,agua,5,4,2.78
2025-02-09T00:55:20,agua,5,5,0.02
2025-02-09T00:55:20,agua,5,6,1.05
2025-02-09T00:55:20,agua,5,7,0.06
2025-02-09T00:55:20,agua,6,1,0.04
2025-02-09T00:55:20,agua,6,2,1.69
2025-02-09T00:55:20,agua,6,3,0.94
2025-02-09T00:55:20,agua,6,4,1.29
2025-02-09T00:55:20,agua,6,5,1.6
2025-02-09T00:55:20,agua,6,6,1.94
2025-02-09T00:55:20,agua,6,7,2.08
2025-02-09T00:55:20,gas,1,1,1.39
2025-02-09T00:55:20,gas,1,2,0.19
2025-02-09T00:55:20,gas,1,3,0.75
2025-02-09T00:55:20,gas,2,1,0.42
2025-02-09T00:55:20,gas,2,2,0.47
2025-02-09T00:55:20,gas,2,3,0.67
2025-02-09T00:55:20,gas,3,1,0.18
2025-02-09T00:55:20,gas,3,2,0.32
2025-02-09T00:55:20,gas,3,3,0.21
2025-02-09T00:55:20,gas,4,1,1.57
2025-02-09T00:55:20,gas,4,2,0.52
2025-02-09T00:55:20,gas,4,3,0.39
2025-02-09T00:55:20,temperatura,1,1,29.1
2025-02-09T00:55:20,temperatura,2,1,25.3
2025-02-09T00:55:20,temperatura,3,1,26.1
2025-02-09T00:55:20,temperatura,4,1,24.9
2025-02-09T00:55:20,temperatura,5,1,21.4
2025-02-09T00:55:20,temperatura,6,1,29.1
2025-02-09T00:55:20,movimiento,1,1,10.0
2025-02-09T00:55:20,movimiento,2,1,12.0
2025-02-09T00:55:20,movimiento,3,1,17.0
2025-02-09T00:55:20,movimiento,4,1,20.0
2025-02-09T00:55:20,movimiento,5,1,14.0
2025-02-09T00:55:20,movimiento,6,1,5.0
2025-02-09T00:55:20,huella,1,1,2.0
2025-02-09T00:55:20,huella,2,1,2.0
2025-02-09T00:55:20,huella,3,1,1.0
2025-02-09T00:55:20,huella,4,1,1.0
2025-02-09T00:55:20,huella,5,1,1.0
2025-02-09T00:55:20,huella,6,1,1.0
2025-02-09T00:56:00,luz,1,1,0.8
2025-02-09T00:56:00,luz,1,2,0.66
2025-02-09T00:56:00,luz,1,3,2.37
2025-02-09T00:56:00,luz,1,4,1.38
2025-02-09T00:56:00,luz,1,5,2.28
2025-02-09T00:56:00,luz,1,6,2.9
2025-02-09T00:56:00,luz,1,7,2.63
2025-02-09T00:56:00,luz,2,1,2.67
2025-02-09T00:56:00,luz,2,2,0.79
2025-02-09T00:56:00,luz,2,3,2.6
2025-02-09T00:56:00,luz,2,4,2.02
2025-02-09T00:56:00,luz,2,5,0.69
2025-02-09T00:56:00,luz,2,6,1.64
2025-02-09T00:56:00,luz,2,7,0.99
2025-02-09T00:56:00,luz,3,1,1.13
2025-02-09T00:56:00,luz,3,2,2.47
2025-02-09T00:56:00,luz,3,3,2.61
2025-02-09T00:56:00,luz,3,4,2.8
2025-02-09T00:56:00,luz,3,5,2.96
2025-02-09T00:56:00,luz,3,6,1.04
2025-02-09T00:56:00,luz,3,7,2.9
2025-02-09T00:56:00,luz,4,1,0.59
2025-02-09T00:56:00,luz,4,2,0.77
2025-02-09T00:56:00,luz,4,3,1.19
2025-02-09T00:56:00,luz,4,4,0.65
2025-02-09T00:56:00,luz,4,5,2.18
2025-02-09T00:56:00,luz,4,6,1.17
2025-02-09T00:56:00,luz,4,7,2.44
2025-02-09T00:56:00,luz,5,1,0.77
2025-02-09T00:56:00,luz,5,2,2.28
2025-02-09T00:56:00,luz,5,3,1.12
2025-02-09T00:56:00,luz,5,4,1.44
2025-02-09T00:56:00,luz,5,5,0.99
2025-02-09T00:56:00,luz,5,6,2.15
2025-02-09T00:56:00,luz,5,7,1.7
2025-02-09T00:56:00,luz,6,1,1.71
2025-02-09T00:56:00,luz,6,2,2.86
2025-02-09T00:56:00,luz,6,3,1.43
2025-02-09T00:56:00,luz,6,4,0.97
2025-02-09T00:56:00,luz,6,5,1.97
2025-02-09T00:56:00,luz,6,6,1.22
2025-02-09T00:56:00,luz,6,7,1.66
2025-02-09T00:56:00,agua,1,1,0.69
2025-02-09T00:56:00,agua,1,2,2.04
2025-02-09T00:56:00,agua,1,3,0.16
2025-02-09T00:56:00,agua,1,4,2.47
2025-02-09T00:56:00,agua,1,5,2.79
2025-02-09T00:56:00,agua,1,6,0.99
2025-02-09T00:56:00,agua,1,7,0.92
2025-02-09T00:56:00,agua,2,1,1.51
2025-02-09T00:56:00,agua,2,2,1.8
2025-02-09T00:56:00,agua,2,3,2.51
2025-02-09T00:56:00,agua,2,4,2.27
2025-02-09T00:56:00,agua,2,5,0.67
2025-02-09T00:56:00,agua,2,6,0.33
2025-02-09T00:56:00,agua,2,7,1.79
2025-02-09T00:56:00,agua,3,1,1.55
2025-02-09T00:56:00,agua,3,2,1.58
2025-02-09T00:56:00,agua,3,3,0.61
2025-02-09T00:56:00,agua,3,4,2.35
2025-02-09T00:56:00,agua,3,5,0.58
2025-02-09T00:56:00,agua,3,6,2.08
2025-02-09T00:56:00,agua,3,7,1.8
2025-02-09T00:56:00,agua,4,1,2.02
2025-02-09T00:56:00,agua,4,2,1.21
2025-02-09T00:56:00,agua,4,3,1.82
2025-02-09T00:56:00,agua,4,4,2.94
2025-02-09T00:56:00,agua,4,5,2.05
2025-02-09T00:56:00,agua,4,6,0.52
2025-02-09T00:56:00,agua,4,7,0.36
2025-02-09T00:56:00,agua,5,1,0.12
2025-02-09T00:56:00,agua,5,2,1.83
2025-02-09T00:56:00,agua,5,3,2.76
2025-02-09T00:56:00,agua,5,4,2.23
2025-02-09T00:56:00,agua,5,5,1.68
2025-02-09T00:56:00,agua,5,6,1.45
2025-02-09T00:56:00,agua,5,7,0.03
2025-02-09T00:56:00,agua,6,1,1.78
2025-02-09T00:56:00,agua,6,2,1.66
2025-02-09T00:56:00,agua,6,3,0.16
2025-02-09T00:56:00,agua,6,4,0.99
2025-02-09T00:56:00,agua,6,5,2.33
2025-02-09T00:56:00,agua,6,6,2.2
2025-02-09T00:56:00,agua,6,7,1.69
2025-02-09T00:56:00,gas,1,1,1.3
2025-02-09T00:56:00,gas,1,2,1.33
2025-02-09T00:56:00,gas,1,3,1.65
2025-02-09T00:56:00,gas,2,1,0.56
2025-02-09T00:56:00,gas,2,2,0.88
2025-02-09T00:56:00,gas,2,3,0.79
2025-02-09T00:56:00,gas,3,1,1.6
2025-02-09T00:56:00,gas,3,2,1.86
2025-02-09T00:56:00,gas,3,3,0.03
2025-02-09T00:56:00,gas,4,1,0.37
2025-02-09T00:56:00,gas,4,2,0.45
2025-02-09T00:56:00,gas,4,3,1.87
2025-02-09T00:56:00,temperatura,1,1,25.1
2025-02-09T00:56:00,temperatura,2,1,24.4
2025-02-09T00:56:00,temperatura,3,1,22.8
2025-02-09T00:56:00,temperatura,4,1,27.0
2025-02-09T00:56:00,temperatura,5,1,26.9
2025-02-09T00:56:00,temperatura,6,1,22.1
2025-02-09T00:56:00,movimiento,1,1,19.0
2025-02-09T00:56:00,movimiento,2,1,13.0
2025-02-09T00:56:00,movimiento,3,1,11.0
2025-02-09T00:56:00,movimiento,4,1,15.0
2025-02-09T00:56:00,movimiento,5,1,9.0
2025-02-09T00:56:00,movimiento,6,1,12.0
2025-02-09T00:56:00,huella,1,1,3.0
2025-02-09T00:56:00,huella,2,1,0.0
2025-02-09T00:56:00,huella,3,1,1.0
2025-02-09T00:56:00,huella,4,1,3.0
2025-02-09T00:56:00,huella,5,1,2.0
2025-02-09T00:56:00,huella,6,1,2.0
2025-02-09T00:56:40,luz,1,1,0.86
2025-02-09T00:56:40,luz,1,2,0.68
2025-02-09T00:56:40,luz,1,3,2.52
2025-02-09T00:56:40,luz,1,4,1.23
2025-02-09T00:56:40,luz,1,5,1.04
2025-02-09T00:56:40,luz,1,6,2.14
2025-02-09T00:56:40,luz,1,7,0.84
2025-02-09T00:56:40,luz,2,1,0.61
2025-02-09T00:56:40,luz,2,2,2.36
2025-02-09T00:56:40,luz,2,3,2.35
2025-02-09T00:56:40,luz,2,4,1.26
2025-02-09T00:56:40,luz,2,5,2.82
2025-02-09T00:56:40,luz,2,6,0.59
2025-02-09T00:56:40,luz,2,7,0.79
2025-02-09T00:56:40,luz,3,1,2.04
2025-02-09T00:56:40,luz,3,2,2.34
2025-02-09T00:56:40,luz,3,3,1.75
2025-02-09T00:56:40,luz,3,4,1.18
2025-02-09T00:56:40,luz,3,5,1.84
2025-02-09T00:56:40,luz,3,6,0.93
2025-02-09T00:56:40,luz,3,7,2.15
2025-02-09T00:56:40,luz,4,1,0.91
2025-02-09T00:56:40,luz,4,2,2.3
2025-02-09T00:56:40,luz,4,3,2.32
2025-02-09T00:56:40,luz,4,4,2.8
2025-02-09T00:56:40,luz,4,5,1.37
2025-02-09T00:56:40,luz,4,6,2.5
2025-02-09T00:56:40,luz,4,7,0.87
2025-02-09T00:56:40,luz,5,1,2.12
2025-02-09T00:56:40,luz,5,2,2.3
2025-02-09T00:56:40,luz,5,3,2.64
2025-02-09T00:56:40,luz,5,4,2.71
2025-02-09T00:56:40,luz,5,5,1.42
2025-02-09T00:56:40,luz,5,6,1.7
2025-02-09T00:56:40,luz,5,7,0.6
2025-02-09T00:56:40,luz,6,1,2.8
2025-02-09T00:56:40,luz,6,2,0.81
2025-02-09T00:56:40,luz,6,3,0.77
2025-02-09T00:56:40,luz,6,4,1.02
2025-02-09T00:56:40,luz,6,5,2.41
2025-02-09T00:56:40,luz,6,6,1.84
2025-02-09T00:56:40,luz,6,7,2.23
2025-02-09T00:56:40,agua,1,1,1.95
2025-02-09T00:56:40,agua,1,2,0.72
2025-02-09T00:56:40,agua,1,3,1.22
2025-02-09T00:56:40,agua,1,4,2.97
2025-02-09T00:56:40,agua,1,5,0.56
2025-02-09T00:56:40,agua,1,6,2.28
2025-02-09T00:56:40,agua,1,7,1.61
2025-02-09T00:56:40,agua,2,1,1.43
2025-02-09T00:56:40,agua,2,2,1.02
2025-02-09T00:56:40,agua,2,3,0.51
2025-02-09T00:56:40,agua,2,4,0.46
2025-02-09T00:56:40,agua,2,5,1.98
2025-02-09T00:56:40,agua,2,6,1.49
2025-02-09T00:56:40,agua,2,7,1.97
2025-02-09T00:56:40,agua,3,1,0.47
2025-02-09T00:56:40,agua,3,2,2.98
2025-02-09T00:56:40,agua,3,3,2.14
2025-02-09T00:56:40,agua,3,4,1.94
2025-02-09T00:56:40,agua,3,5,0.62
2025-02-09T00:56:40,agua,3,6,0.78
2025-02-09T00:56:40,agua,3,7,0.32
2025-02-09T00:56:40,agua,4,1,0.67
2025-02-09T00:56:40,agua,4,2,0.03
2025-02-09T00:56:40,agua,4,3,1.12
2025-02-09T00:56:40,agua,4,4,1.76
2025-02-09T00:56:40,agua,4,5,0.72
2025-02-09T00:56:40,agua,4,6,2.14
2025-02-09T00:56:40,agua,4,7,2.4
2025-02-09T00:56:40,agua,5,1,1.25
2025-02-09T00:56:40,agua,5,2,1.64
2025-02-09T00:56:40,agua,5,3,0.49
2025-02-09T00:56:40,agua,5,4,1.34
2025-02-09T00:56:40,agua,5,5,2.84
2025-02-09T00:56:40,agua,5,6,1.76
2025-02-09T00:56:40,agua,5,7,1.79
2025-02-09T00:56:40,agua,6,1,1.56
2025-02-09T00:56:40,agua,6,2,0.42
2025-02-09T00:56:40,agua,6,3,1.03
2025-02-09T00:56:40,agua,6,4,0.8
2025-02-09T00:56:40,agua,6,5,0.13
2025-02-09T00:56:40,agua,6,6,0.72
2025-02-09T00:56:40,agua,6,7,2.38
2025-02-09T00:56:40,gas,1,1,0.84
2025-02-09T00:56:40,gas,1,2,1.18
2025-02-09T00:56:40,gas,1,3,0.24
2025-02-09T00:56:40,gas,2,1,1.29
2025-02-09T00:56:40,gas,2,2,0.22
2025-02-09T00:56:40,gas,2,3,0.91
2025-02-09T00:56:40,gas,3,1,1.4
2025-02-09T00:56:40,gas,3,2,1.93
2025-02-09T00:56:40,gas,3,3,0.51
2025-02-09T00:56:40,gas,4,1,0.34
2025-02-09T00:56:40,gas,4,2,0.42
2025-02-09T00:56:40,gas,4,3,0.47
2025-02-09T00:56:40,temperatura,1,1,24.9
2025-02-09T00:56:40,temperatura,2,1,29.2
2025-02-09T00:56:40,temperatura,3,1,21.3
2025-02-09T00:56:40,temperatura,4,1,28.0
2025-02-09T00:56:40,temperatura,5,1,23.1
2025-02-09T00:56:40,temperatura,6,1,28.5
2025-02-09T00:56:40,movimiento,1,1,15.0
2025-02-09T00:56:40,movimiento,2,1,9.0
2025-02-09T00:56:40,movimiento,3,1,19.0
2025-02-09T00:56:40,movimiento,4,1,6.0
2025-02-09T00:56:40,movimiento,5,1,18.0
2025-02-09T00:56:40,movimiento,6,1,7.0
2025-02-09T00:56:40,huella,1,1,2.0
2025-02-09T00:56:40,huella,2,1,1.0
2025-02-09T00:56:40,huella,3,1,3.0
2025-02-09T00:56:40,huella,4,1,1.0
2025-02-09T00:56:40,huella,5,1,1.0
2025-02-09T00:56:40,huella,6,1,0.0
2025-02-09T00:57:20,luz,1,1,1.69
2025-02-09T00:57:20,luz,1,2,1.77
2025-02-09T00:57:20,luz,1,3,1.94
2025-02-09T00:57:20,luz,1,4,0.74
2025-02-09T00:57:20,luz,1,5,2.2
2025-02-09T00:57:20,luz,1,6,2.75
2025-02-09T00:57:20,luz,1,7,2.31
2025-02-09T00:57:20,luz,2,1,1.13
2025-02-09T00:57:20,luz,2,2,1.3
2025-02-09T00:57:20,luz,2,3,2.28
2025-02-09T00:57:20,luz,2,4,1.49
2025-02-09T00:57:20,luz,2,5,0.77
2025-02-09T00:57:20,luz,2,6,2.57
2025-02-09T00:57:20,luz,2,7,1.41
2025-02-09T00:57:20,luz,3,1,2.59
2025-02-09T00:57:20,luz,3,2,0.84
2025-02-09T00:57:20,luz,3,3,2.74
2025-02-09T00:57:20,luz,3,4,1.15
2025-02-09T00:57:20,luz,3,5,2.45
2025-02-09T00:57:20,luz,3,6,1.66
2025-02-09T00:57:20,luz,3,7,1.14
2025-02-09T00:57:20,luz,4,1,1.02
2025-02-09T00:57:20,luz,4,2,0.51
2025-02-09T00:57:20,luz,4,3,1.75
2025-02-09T00:57:20,luz,4,4,2.74
2025-02-09T00:57:20,luz,4,5,2.11
2025-02-09T00:57:20,luz,4,6,2.55
2025-02-09T00:57:20,luz,4,7,1.25
2025-02-09T00:57:20,luz,5,1,0.52
2025-02-09T00:57:20,luz,5,2,2.54
2025-02-09T00:57:20,luz,5,3,0.6
2025-02-09T00:57:20,luz,5,4,2.84
2025-02-09T00:57:20,luz,5,5,1.58
2025-02-09T00:57:20,luz,5,6,2.61
2025-02-09T00:57:20,luz,5,7,2.74
2025-02-09T00:57:20,luz,6,1,2.07
2025-02-09T00:57:20,luz,6,2,2.29
2025-02-09T00:57:20,luz,6,3,2.94
2025-02-09T00:57:20,luz,6,4,0.9
2025-02-09T00:57:20,luz,6,5,1.86
2025-02-09T00:57:20,luz,6,6,1.3
2025-02-09T00:57:20,luz,6,7,2.44
2025-02-09T00:57:20,agua,1,1,2.91
2025-02-09T00:57:20,agua,1,2,2.05
2025-02-09T00:57:20,agua,1,3,0.91
2025-02-09T00:57:20,agua,1,4,1.51
2025-02-09T00:57:20,agua,1,5,1.86
2025-02-09T00:57:20,agua,1,6,1.2
2025-02-09T00:57:20,agua,1,7,2.04
2025-02-09T00:57:20,agua,2,1,2.12
2025-02-09T00:57:20,agua,2,2,1.54
2025-02-09T00:57:20,agua,2,3,0.02
2025-02-09T00:57:20,agua,2,4,0.22
2025-02-09T00:57:20,agua,2,5,2.49
2025-02-09T00:57:20,agua,2,6,1.66
2025-02-09T00:57:20,agua,2,7,0.93
2025-02-09T00:57:20,agua,3,1,0.2
2025-02-09T00:57:20,agua,3,2,0.53
2025-02-09T00:57:20,agua,3,3,1.51
2025-02-09T00:57:20,agua,3,4,0.05
2025-02-09T00:57:20,agua,3,5,1.6
2025-02-09T00:57:20,agua,3,6,0.57
2025-02-09T00:57:20,agua,3,7,1.13
2025-02-09T00:57:20,agua,4,1,1.96
2025-02-09T00:57:20,agua,4,2,2.83
2025-02-09T00:57:20,agua,4,3,1.21
2025-02-09T00:57:20,agua,4,4,1.28
2025-02-09T00:57:20,agua,4,5,1.89
2025-02-09T00:57:20,agua,4,6,2.9
2025-02-09T00:57:20,agua,4,7,0.92
2025-02-09T00:57:20,agua,5,1,1.18
2025-02-09T00:57:20,agua,5,2,1.59
2025-02-09T00:57:20,agua,5,3,0.72
2025-02-09T00:57:20,agua,5,4,2.54
2025-02-09T00:57:20,agua,5,5,1.66
2025-02-09T00:57:20,agua,5,6,0.53
2025-02-09T00:57:20,agua,5,7,1.06
2025-02-09T00:57:20,agua,6,1,1.78
2025-02-09T00:57:20,agua,6,2,1.23
2025-02-09T00:57:20,agua,6,3,1.57
2025-02-09T00:57:20,agua,6,4,2.57
2025-02-09T00:57:20,agua,6,5,1.05
2025-02-09T00:57:20,agua,6,6,0.82
2025-02-09T00:57:20,agua,6,7,0.35
2025-02-09T00:57:20,gas,1,1,0.08
2025-02-09T00:57:20,gas,1,2,0.35
2025-02-09T00:57:20,gas,1,3,0.84
2025-02-09T00:57:20,gas,2,1,0.47
2025-02-09T00:57:20,gas,2,2,0.45
2025-02-09T00:57:20,gas,2,3,0.26
2025-02-09T00:57:20,gas,3,1,0.35
2025-02-09T00:57:20,gas,3,2,1.9
2025-02-09T00:57:20,gas,3,3,0.26
2025-02-09T00:57:20,gas,4,1,1.18
2025-02-09T00:57:20,gas,4,2,0.66
2025-02-09T00:57:20,gas,4,3,0.44
2025-02-09T00:57:20,temperatura,1,1,20.0
2025-02-09T00:57:20,temperatura,2,1,26.3
2025-02-09T00:57:20,temperatura,3,1,26.9
2025-02-09T00:57:20,temperatura,4,1,22.2
2025-02-09T00:57:20,temperatura,5,1,29.5
2025-02-09T00:57:20,temperatura,6,1,21.0
2025-02-09T00:57:20,movimiento,1,1,9.0
2025-02-09T00:57:20,movimiento,2,1,15.0
2025-02-09T00:57:20,movimiento,3,1,7.0
2025-02-09T00:57:20,movimiento,4,1,15.0
2025-02-09T00:57:20,movimiento,5,1,6.0
2025-02-09T00:57:20,movimiento,6,1,8.0
2025-02-09T00:57:20,huella,1,1,2.0
2025-02-09T00:57:20,huella,2,1,3.0
2025-02-09T00:57:20,huella,3,1,2.0
2025-02-09T00:57:20,huella,4,1,2.0
2025-02-09T00:57:20,huella,5,1,0.0
2025-02-09T00:57:20,huella,6,1,0.0
2025-02-09T00:58:00,luz,1,1,0.62
2025-02-09T00:58:00,luz,1,2,0.8
2025-02-09T00:58:00,luz,1,3,2.95
2025-02-09T00:58:00,luz,1,4,1.83
2025-02-09T00:58:00,luz,1,5,2.3
2025-02-09T00:58:00,luz,1,6,2.49
2025-02-09T00:58:00,luz,1,7,2.88
2025-02-09T00:58:00,luz,2,1,0.61
2025-02-09T00:58:00,luz,2,2,1.49
2025-02-09T00:58:00,luz,2,3,1.38
2025-02-09T00:58:00,luz,2,4,1.05
2025-02-09T00:58:00,luz,2,5,2.53
2025-02-09T00:58:00,luz,2,6,1.29
2025-02-09T00:58:00,luz,2,7,2.04
2025-02-09T00:58:00,luz,3,1,0.64
2025-02-09T00:58:00,luz,3,2,2.34
2025-02-09T00:58:00,luz,3,3,0.55
2025-02-09T00:58:00,luz,3,4,1.59
2025-02-09T00:58:00,luz,3,5,2.2
2025-02-09T00:58:00,luz,3,6,2.97
2025-02-09T00:58:00,luz,3,7,0.56
2025-02-09T00:58:00,luz,4,1,1.71
2025-02-09T00:58:00,luz,4,2,2.37
2025-02-09T00:58:00,luz,4,3,1.03
2025-02-09T00:58:00,luz,4,4,1.16
2025-02-09T00:58:00,luz,4,5,0.56
2025-02-09T00:58:00,luz,4,6,1.81
2025-02-09T00:58:00,luz,4,7,1.74
2025-02-09T00:58:00,luz,5,1,1.29
2025-02-09T00:58:00,luz,5,2,1.3
2025-02-09T00:58:00,luz,5,3,2.9
2025-02-09T00:58:00,luz,5,4,1.55
2025-02-09T00:58:00,luz,5,5,2.2
2025-02-09T00:58:00,luz,5,6,2.23
2025-02-09T00:58:00,luz,5,7,2.24
2025-02-09T00:58:00,luz,6,1,1.12
2025-02-09T00:58:00,luz,6,2,0.99
2025-02-09T00:58:00,luz,6,3,0.87
2025-02-09T00:58:00,luz,6,4,1.97
2025-02-09T00:58:00,luz,6,5,2.03
2025-02-09T00:58:00,luz,6,6,2.69
2025-02-09T00:58:00,luz,6,7,2.72
2025-02-09T00:58:00,agua,1,1,2.91
2025-02-09T00:58:00,agua,1,2,0.99
2025-02-09T00:58:00,agua,1,3,0.63
2025-02-09T00:58:00,agua,1,4,0.5
2025-02-09T00:58:00,agua,1,5,2.75
2025-02-09T00:58:00,agua,1,6,0.23
2025-02-09T00:58:00,agua,1,7,1.92
2025-02-09T00:58:00,agua,2,1,1.19
2025-02-09T00:58:00,agua,2,2,1.76
2025-02-09T00:58:00,agua,2,3,2.91
2025-02-09T00:58:00,agua,2,4,0.04
2025-02-09T00:58:00,agua,2,5,0.78
2025-02-09T00:58:00,agua,2,6,2.46
2025-02-09T00:58:00,agua,2,7,1.83
2025-02-09T00:58:00,agua,3,1,1.78
2025-02-09T00:58:00,agua,3,2,2.11
2025-02-09T00:58:00,agua,3,3,0.59
2025-02-09T00:58:00,agua,3,4,1.05
2025-02-09T00:58:00,agua,3,5,2.07
2025-02-09T00:58:00,agua,3,6,1.72
2025-02-09T00:58:00,agua,3,7,0.38
2025-02-09T00:58:00,agua,4,1,2.96
2025-02-09T00:58:00,agua,4,2,0.9
2025-02-09T00:58:00,agua,4,3,0.25
2025-02-09T00:58:00,agua,4,4,0.08
2025-02-09T00:58:00,agua,4,5,2.2
2025-02-09T00:58:00,agua,4,6,1.36
2025-02-09T00:58:00,agua,4,7,1.68
2025-02-09T00:58:00,agua,5,1,0.25
2025-02-09T00:58:00,agua,5,2,0.63
2025-02-09T00:58:00,agua,5,3,0.91
2025-02-09T00:58:00,agua,5,4,2.08
2025-02-09T00:58:00,agua,5,5,2.03
2025-02-09T00:58:00,agua,5,6,1.74
2025-02-09T00:58:00,agua,5,7,0.79
2025-02-09T00:58:00,agua,6,1,2.87
2025-02-09T00:58:00,agua,6,2,2.89
2025-02-09T00:58:00,agua,6,3,2.24
2025-02-09T00:58:00,agua,6,4,2.95
2025-02-09T00:58:00,agua,6,5,1.07
2025-02-09T00:58:00,agua,6,6,2.78
2025-02-09T00:58:00,agua,6,7,0.79
2025-02-09T00:58:00,gas,1,1,0.32
2025-02-09T00:58:00,gas,1,2,1.41
2025-02-09T00:58:00,gas,1,3,0.06
2025-02-09T00:58:00,gas,2,1,0.8
2025-02-09T00:58:00,gas,2,2,0.54
2025-02-09T00:58:00,gas,2,3,0.56
2025-02-09T00:58:00,gas,3,1,1.94
2025-02-09T00:58:00,gas,3,2,1.37
2025-02-09T00:58:00,gas,3,3,1.47
2025-02-09T00:58:00,gas,4,1,1.33
2025-02-09T00:58:00,gas,4,2,1.37
2025-02-09T00:58:00,gas,4,3,1.16
2025-02-09T00:58:00,temperatura,1,1,28.1
2025-02-09T00:58:00,temperatura,2,1,26.4
2025-02-09T00:58:00,temperatura,3,1,22.6
2025-02-09T00:58:00,temperatura,4,1,25.0
2025-02-09T00:58:00,temperatura,5,1,23.6
2025-02-09T00:58:00,temperatura,6,1,27.5
2025-02-09T00:58:00,movimiento,1,1,10.0
2025-02-09T00:58:00,movimiento,2,1,7.0
2025-02-09T00:58:00,movimiento,3,1,10.0
2025-02-09T00:58:00,movimiento,4,1,18.0
2025-02-09T00:58:00,movimiento,5,1,16.0
2025-02-09T00:58:00,movimiento,6,1,9.0
2025-02-09T00:58:00,huella,1,1,3.0
2025-02-09T00:58:00,huella,2,1,1.0
2025-02-09T00:58:00,huella,3,1,1.0
2025-02-09T00:58:00,huella,4,1,3.0
2025-02-09T00:58:00,huella,5,1,3.0
2025-02-09T00:58:00,huella,6,1,1.0
2025-02-09T00:58:40,luz,1,1,1.8
2025-02-09T00:58:40,luz,1,2,0.71
2025-02-09T00:58:40,luz,1,3,2.26
2025-02-09T00:58:40,luz,1,4,2.65
2025-02-09T00:58:40,luz,1,5,2.76
2025-02-09T00:58:40,luz,1,6,1.54
2025-02-09T00:58:40,luz,1,7,0.54
2025-02-09T00:58:40,luz,2,1,0.66
2025-02-09T00:58:40,luz,2,2,2.67
2025-02-09T00:58:40,luz,2,3,1.7
2025-02-09T00:58:40,luz,2,4,2.14
2025-02-09T00:58:40,luz,2,5,1.59
2025-02-09T00:58:40,luz,2,6,1.07
2025-02-09T00:58:40,luz,2,7,0.84
2025-02-09T00:58:40,luz,3,1,1.85
2025-02-09T00:58:40,luz,3,2,2.92
2025-02-09T00:58:40,luz,3,3,2.81
2025-02-09T00:58:40,luz,3,4,2.86
2025-02-09T00:58:40,luz,3,5,1.62
2025-02-09T00:58:40,luz,3,6,2.78
2025-02-09T00:58:40,luz,3,7,0.93
2025-02-09T00:58:40,luz,4,1,1.03
2025-02-09T00:58:40,luz,4,2,2.24
2025-02-09T00:58:40,luz,4,3,0.74
2025-02-09T00:58:40,luz,4,4,1.61
2025-02-09T00:58:40,luz,4,5,2.19
2025-02-09T00:58:40,luz,4,6,2.54
2025-02-09T00:58:40,luz,4,7,2.35
2025-02-09T00:58:40,luz,5,1,1.0
2025-02-09T00:58:40,luz,5,2,1.85
2025-02-09T00:58:40,luz,5,3,2.26
2025-02-09T00:58:40,luz,5,4,2.79
2025-02-09T00:58:40,luz,5,5,2.27
2025-02-09T00:58:40,luz,5,6,0.89
2025-02-09T00:58:40,luz,5,7,0.62
2025-02-09T00:58:40,luz,6,1,0.64
2025-02-09T00:58:40,luz,6,2,1.67
2025-02-09T00:58:40,luz,6,3,2.38
2025-02-09T00:58:40,luz,6,4,2.03
2025-02-09T00:58:40,luz,6,5,1.84
2025-02-09T00:58:40,luz,6,6,1.41
2025-02-09T00:58:40,luz,6,7,2.21
2025-02-09T00:58:40,agua,1,1,0.26
2025-02-09T00:58:40,agua,1,2,2.74
2025-02-09T00:58:40,agua,1,3,1.94
2025-02-09T00:58:40,agua,1,4,0.49
2025-02-09T00:58:40,agua,1,5,1.69
2025-02-09T00:58:40,agua,1,6,1.04
2025-02-09T00:58:40,agua,1,7,1.14
2025-02-09T00:58:40,agua,2,1,1.93
2025-02-09T00:58:40,agua,2,2,2.1
2025-02-09T00:58:40,agua,2,3,0.73
2025-02-09T00:58:40,agua,2,4,0.31
2025-02-09T00:58:40,agua,2,5,2.49
2025-02-09T00:58:40,agua,2,6,1.05
2025-02-09T00:58:40,agua,2,7,1.36
2025-02-09T00:58:40,agua,3,1,1.6
2025-02-09T00:58:40,agua,3,2,0.48
2025-02-09T00:58:40,agua,3,3,1.09
2025-02-09T00:58:40,agua,3,4,1.48
2025-02-09T00:58:40,agua,3,5,2.76
2025-02-09T00:58:40,agua,3,6,2.69
2025-02-09T00:58:40,agua,3,7,0.13
2025-02-09T00:58:40,agua,4,1,2.09
2025-02-09T00:58:40,agua,4,2,1.93
2025-02-09T00:58:40,agua,4,3,0.56
2025-02-09T00:58:40,agua,4,4,0.45
2025-02-09T00:58:40,agua,4,5,0.77
2025-02-09T00:58:40,agua,4,6,1.05
2025-02-09T00:58:40,agua,4,7,2.65
2025-02-09T00:58:40,agua,5,1,1.49
2025-02-09T00:58:40,agua,5,2,1.0
2025-02-09T00:58:40,agua,5,3,0.24
2025-02-09T00:58:40,agua,5,4,2.94
2025-02-09T00:58:40,agua,5,5,2.26
2025-02-09T00:58:40,agua,5,6,1.39
2025-02-09T00:58:40,agua,5,7,0.06
2025-02-09T00:58:40,agua,6,1,2.73
2025-02-09T00:58:40,agua,6,2,2.68
2025-02-09T00:58:40,agua,6,3,0.97
2025-02-09T00:58:40,agua,6,4,2.63
2025-02-09T00:58:40,agua,6,5,1.64
2025-02-09T00:58:40,agua,6,6,2.4
2025-02-09T00:58:40,agua,6,7,0.86
2025-02-09T00:58:40,gas,1,1,1.53
2025-02-09T00:58:40,gas,1,2,0.9
2025-02-09T00:58:40,gas,1,3,0.53
2025-02-09T00:58:40,gas,2,1,1.96
2025-02-09T00:58:40,gas,2,2,0.49
2025-02-09T00:58:40,gas,2,3,1.48
2025-02-09T00:58:40,gas,3,1,0.74
2025-02-09T00:58:40,gas,3,2,0.06
2025-02-09T00:58:40,gas,3,3,1.99
2025-02-09T00:58:40,gas,4,1,0.04
2025-02-09T00:58:40,gas,4,2,1.14
2025-02-09T00:58:40,gas,4,3,0.69
2025-02-09T00:58:40,temperatura,1,1,26.8
2025-02-09T00:58:40,temperatura,2,1,21.7
2025-02-09T00:58:40,temperatura,3,1,27.7
2025-02-09T00:58:40,temperatura,4,1,23.2
2025-02-09T00:58:40,temperatura,5,1,24.3
2025-02-09T00:58:40,temperatura,6,1,21.2
2025-02-09T00:58:40,movimiento,1,1,5.0
2025-02-09T00:58:40,movimiento,2,1,6.0
2025-02-09T00:58:40,movimiento,3,1,6.0
2025-02-09T00:58:40,movimiento,4,1,6.0
2025-02-09T00:58:40,movimiento,5,1,20.0
2025-02-09T00:58:40,movimiento,6,1,16.0
2025-02-09T00:58:40,huella,1,1,3.0
2025-02-09T00:58:40,huella,2,1,3.0
2025-02-09T00:58:40,huella,3,1,1.0
2025-02-09T00:58:40,huella,4,1,0.0
2025-02-09T00:58:40,huella,5,1,3.0
2025-02-09T00:58:40,huella,6,1,2.0
2025-02-09T00:59:20,luz,1,1,0.62
2025-02-09T00:59:20,luz,1,2,2.59
2025-02-09T00:59:20,luz,1,3,1.29
2025-02-09T00:59:20,luz,1,4,1.65
2025-02-09T00:59:20,luz,1,5,1.84
2025-02-09T00:59:20,luz,1,6,2.24
2025-02-09T00:59:20,luz,1,7,0.93
2025-02-09T00:59:20,luz,2,1,2.32
2025-02-09T00:59:20,luz,2,2,2.54
2025-02-09T00:59:20,luz,2,3,2.68
2025-02-09T00:59:20,luz,2,4,0.84
2025-02-09T00:59:20,luz,2,5,2.48
2025-02-09T00:59:20,luz,2,6,2.5
2025-02-09T00:59:20,luz,2,7,2.95
2025-02-09T00:59:20,luz,3,1,1.14
2025-02-09T00:59:20,luz,3,2,1.65
2025-02-09T00:59:20,luz,3,3,2.83
2025-02-09T00:59:20,luz,3,4,2.73
2025-02-09T00:59:20,luz,3,5,1.61
2025-02-09T00:59:20,luz,3,6,0.89
2025-02-09T00:59:20,luz,3,7,1.2
2025-02-09T00:59:20,luz,4,1,2.86
2025-02-09T00:59:20,luz,4,2,1.93
2025-02-09T00:59:20,luz,4,3,0.73
2025-02-09T00:59:20,luz,4,4,0.59
2025-02-09T00:59:20,luz,4,5,2.89
2025-02-09T00:59:20,luz,4,6,1.98
2025-02-09T00:59:20,luz,4,7,1.22
2025-02-09T00:59:20,luz,5,1,1.81
2025-02-09T00:59:20,luz,5,2,1.36
2025-02-09T00:59:20,luz,5,3,0.69
2025-02-09T00:59:20,luz,5,4,1.24
2025-02-09T00:59:20,luz,5,5,2.24
2025-02-09T00:59:20,luz,5,6,2.56
2025-02-09T00:59:20,luz,5,7,2.63
2025-02-09T00:59:20,luz,6,1,0.55
2025-02-09T00:59:20,luz,6,2,1.62
2025-02-09T00:59:20,luz,6,3,0.66
2025-02-09T00:59:20,luz,6,4,1.16
2025-02-09T00:59:20,luz,6,5,2.93
2025-02-09T00:59:20,luz,6,6,1.67
2025-02-09T00:59:20,luz,6,7,2.63
2025-02-09T00:59:20,agua,1,1,1.19
2025-02-09T00:59:20,agua,1,2,2.99
2025-02-09T00:59:20,agua,1,3,0.83
2025-02-09T00:59:20,agua,1,4,0.45
2025-02-09T00:59:20,agua,1,5,2.59
2025-02-09T00:59:20,agua,1,6,0.71
2025-02-09T00:59:20,agua,1,7,2.96
2025-02-09T00:59:20,agua,2,1,2.1
2025-02-09T00:59:20,agua,2,2,0.19
2025-02-09T00:59:20,agua,2,3,0.5
2025-02-09T00:59:20,agua,2,4,0.76
2025-02-09T00:59:20,agua,2,5,1.72
2025-02-09T00:59:20,agua,2,6,1.33
2025-02-09T00:59:20,agua,2,7,2.02
2025-02-09T00:59:20,agua,3,1,1.07
2025-02-09T00:59:20,agua,3,2,0.3
2025-02-09T00:59:20,agua,3,3,0.65
2025-02-09T00:59:20,agua,3,4,0.14
2025-02-09T00:59:20,agua,3,5,2.84
2025-02-09T00:59:20,agua,3,6,0.9
2025-02-09T00:59:20,agua,3,7,1.17
2025-02-09T00:59:20,agua,4,1,1.13
2025-02-09T00:59:20,agua,4,2,1.58
2025-02-09T00:59:20,agua,4,3,0.87
2025-02-09T00:59:20,agua,4,4,0.86
2025-02-09T00:59:20,agua,4,5,2.21
2025-02-09T00:59:20,agua,4,6,1.65
2025-02-09T00:59:20,agua,4,7,0.36
2025-02-09T00:59:20,agua,5,1,0.31
2025-02-09T00:59:20,agua,5,2,1.28
2025-02-09T00:59:20,agua,5,3,0.26
2025-02-09T00:59:20,agua,5,4,0.08
2025-02-09T00:59:20,agua,5,5,1.28
2025-02-09T00:59:20,agua,5,6,1.01
2025-02-09T00:59:20,agua,5,7,0.2
2025-02-09T00:59:20,agua,6,1,1.77
2025-02-09T00:59:20,agua,6,2,1.1
2025-02-09T00:59:20,agua,6,3,2.42
2025-02-09T00:59:20,agua,6,4,1.39
2025-02-09T00:59:20,agua,6,5,1.48
2025-02-09T00:59:20,agua,6,6,1.52
2025-02-09T00:59:20,agua,6,7,0.78
2025-02-09T00:59:20,gas,1,1,1.65
2025-02-09T00:59:20,gas,1,2,0.29
2025-02-09T00:59:20,gas,1,3,0.28
2025-02-09T00:59:20,gas,2,1,1.77
2025-02-09T00:59:20,gas,2,2,1.25
2025-02-09T00:59:20,gas,2,3,0.31
2025-02-09T00:59:20,gas,3,1,0.46
2025-02-09T00:59:20,gas,3,2,1.91
2025-02-09T00:59:20,gas,3,3,0.06
2025-02-09T00:59:20,gas,4,1,1.78
2025-02-09T00:59:20,gas,4,2,0.47
2025-02-09T00:59:20,gas,4,3,1.37
2025-02-09T00:59:20,temperatura,1,1,27.6
2025-02-09T00:59:20,temperatura,2,1,26.2
2025-02-09T00:59:20,temperatura,3,1,24.1
2025-02-09T00:59:20,temperatura,4,1,21.0
2025-02-09T00:59:20,temperatura,5,1,20.1
2025-02-09T00:59:20,temperatura,6,1,25.5
2025-02-09T00:59:20,movimiento,1,1,7.0
2025-02-09T00:59:20,movimiento,2,1,12.0
2025-02-09T00:59:20,movimiento,3,1,19.0
2025-02-09T00:59:20,movimiento,4,1,9.0
2025-02-09T00:59:20,movimiento,5,1,12.0
2025-02-09T00:59:20,movimiento,6,1,18.0
2025-02-09T00:59:20,huella,1,1,0.0
2025-02-09T00:59:20,huella,2,1,0.0
2025-02-09T00:59:20,huella,3,1,2.0
2025-02-09T00:59:20,huella,4,1,1.0
2025-02-09T00:59:20,huella,5,1,0.0
2025-02-09T00:59:20,huella,6,1,0.0
